0.050,0.000,0.0000256354825683,-0.0009675763688336,4.5296729929135582
0.050,2.000,0.0005951798108004,-0.0000869863639860,4.5646916043928849
0.100,0.000,-0.0005138163326005,-0.0005718982405496,4.5219326487777778
0.100,2.000,0.0005888495188506,0.0003975312554212,4.5569226038368971
0.150,0.000,-0.0007113197016066,-0.0004246743892484,4.5141939598782397
0.150,2.000,0.0004857283360200,0.0007241407900801,4.5492899072159272
0.200,0.000,-0.0006959920044796,-0.0004092377566806,4.5064509055118416
0.200,2.000,0.0003289247957226,0.0009277325934249,4.5417660672900704
0.250,0.000,-0.0005613158659321,-0.0004433506862985,4.4986956949138461
0.250,2.000,0.0001505571389235,0.0010356678916359,4.5343236478560742
0.300,0.000,-0.0003705339432931,-0.0004775394053180,4.4909205323204997
0.300,2.000,-0.0000261096984351,0.0010690819884385,4.5269368163718005
0.350,0.000,-0.0001640937282564,-0.0004871254877108,4.4831180027734092
0.350,2.000,-0.0001849125059656,0.0010443613186735,4.5195823465085416
0.400,0.000,0.0000334290950887,-0.0004637645127996,4.4752810107634575
0.400,2.000,-0.0003153658430804,0.0009744930905253,4.5122401975701782
0.450,0.000,0.0002078332909407,-0.0004086315361334,4.4674026800866411
0.450,2.000,-0.0004115058723711,0.0008701562586426,4.5048937927108224
0.500,0.000,0.0003513370971979,-0.0003276625099328,4.4594763550858536
0.500,2.000,-0.0004709464385971,0.0007405205863964,4.4975300844102790
0.550,0.000,0.0004599621787851,-0.0002285657787675,4.4514957184253818
0.550,2.000,-0.0004940995662839,0.0005937733486269,4.4901394712541949
0.600,0.000,0.0005319607222095,-0.0001191276258228,4.4434549913068526
0.600,2.000,-0.0004835216554903,0.0004374182825351,4.4827156124631573
0.650,0.000,0.0005669958092626,-0.0000063639531535,4.4353491703716550
0.650,2.000,-0.0004433558034094,0.0002783999704242,4.4752551740090869
0.700,0.000,0.0005658257194145,0.0001038273622079,4.4271742607243034
0.700,2.000,-0.0003788490285173,0.0001231060804141,4.4677575311640618
0.750,0.000,0.0005302897987168,0.0002067482644055,4.4189274758114507
0.750,2.000,-0.0002959302535241,-0.0000227057415299,4.4602244459137417
0.800,0.000,0.0004634367208325,0.0002988587487546,4.4106073870203799
0.800,2.000,-0.0002008405074920,-0.0001540173301926,4.4526597330781206
0.850,0.000,0.0003696731843214,0.0003776863637323,4.4022140164336330
0.850,2.000,-0.0000998109159057,-0.0002666651798982,4.4450689256621088
0.900,0.000,0.0002548432734420,0.0004417180590996,4.3937488742824353
0.900,2.000,0.0000012132331800,-0.0003574387712151,4.4374589475096675
0.950,0.000,0.0001261775052501,0.0004902808630572,4.3852149481024476
0.950,2.000,0.0000968025424817,-0.0004241467737509,4.4298377994731366
1.000,0.000,-0.0000079226678470,0.0005234073602138,4.3766166535759030
1.000,2.000,0.0001822273307661,-0.0004656422006643,4.4222142638377351
1.050,0.000,-0.0001382737654939,0.0005416808709093,4.3679597578708407
1.050,2.000,0.0002535950692011,-0.0004818029276181,4.4145976305265009
1.100,0.000,-0.0002554575178551,0.0005460597491189,4.3592512853606200
1.100,2.000,0.0003079419490341,-0.0004734683274097,4.4069974475707401
1.150,0.000,-0.0003504895041665,0.0005376872767149,4.3504994133713470
1.150,2.000,0.0003432800648127,-0.0004423361546063,4.3994232974142662
1.200,0.000,-0.0004155536368940,0.0005177009080264,4.3417133625376021
1.200,2.000,0.0003586027677435,-0.0003908263000771,4.3918845998029807
1.250,0.000,-0.0004447329640307,0.0004870603851390,4.3329032829493066
1.250,2.000,0.0003538517817017,-0.0003219196907613,4.3843904412841299
1.300,0.000,-0.0004346594153841,0.0004464172910936,4.3240801340583372
1.300,2.000,0.0003298505821725,-0.0002389815129735,4.3769494307020667
1.350,0.000,-0.0003850046952175,0.0003960481852574,4.3152555537754509
1.350,2.000,0.0002882092535071,-0.0001455781774415,4.3695695795321621
1.400,0.000,-0.0002987423890994,0.0003358692609552,4.3064417107627095
1.400,2.000,0.0002312065320990,-0.0000452971226259,4.3622582054464640
1.450,0.000,-0.0001821277186311,0.0002655426034026,4.2976511339300147
1.450,2.000,0.0001616550074114,0.0000584222190238,4.3550218571536963
1.500,0.000,-0.0000443656101216,0.0001846731700755,4.2888965147211824
1.500,2.000,0.0000827555022896,0.0001624390726089,4.3478662583018917
1.550,0.000,0.0001030317540282,0.0000930825690748,4.2801904808392814
1.550,2.000,-0.0000020534852544,0.0002640376939628,4.3407962680667858
1.600,0.000,0.0002471625481397,-0.0000088680059744,4.2715453442736724
1.600,2.000,-0.0000892456928597,0.0003610250006613,4.3338158559655389
1.650,0.000,0.0003748583549830,-0.0001199459362009,4.2629728312699520
1.650,2.000,-0.0001753511893856,0.0004517964437798,4.3269280884183221
1.700,0.000,0.0004739125372382,-0.0002377561728259,4.2544838064641306
1.700,2.000,-0.0002570899952535,0.0005353684879593,4.3201351246166562
1.750,0.000,0.0005342918348358,-0.0003585451176652,4.2460880069512257
1.750,2.000,-0.0003314911355696,0.0006113773350894,4.3134382193287744
1.800,0.000,0.0005491996707472,-0.0004771507637144,4.2377938038229166
1.800,2.000,-0.0003959936397361,0.0006800446460285,4.3068377303620879
1.850,0.000,0.0005158658802313,-0.0005871396225238,4.2296080081793308
1.850,2.000,-0.0004485266284553,0.0007421119765765,4.3003331284918938
1.900,0.000,0.0004359607511620,-0.0006811517835037,4.2215357356573522
1.900,2.000,-0.0004875662688896,0.0007987464611992,4.2939230077373809
1.950,0.000,0.0003155701715989,-0.0007514491614444,4.2135803384235411
1.950,2.000,-0.0005121680309928,0.0008514209831096,4.2876050939017736
2.000,0.000,0.0001647192634160,-0.0007906313915164,4.2057434070491517
2.000,2.000,-0.0005219733487570,0.0009017727108018,4.2813762492778906
2.050,0.000,-0.0000035125932742,-0.0007924531871474,4.1980248376748719
2.050,2.000,-0.0005171904936131,0.0009514445205540,4.2752324713365120
2.100,0.000,-0.0001741905275607,-0.0007526515120246,4.1904229533707111
2.100,2.000,-0.0004985502232623,0.0010019145319107,4.2691688830481800
2.150,0.000,-0.0003319024967463,-0.0006696759421000,4.1829346633778988
2.150,2.000,-0.0004672376020958,0.0010543198318782,4.2631797122261004
2.200,0.000,-0.0004621632828181,-0.0005452153572695,4.1755556403522602
2.200,2.000,-0.0004248023263644,0.0011092815220509,4.2572582569072015
2.250,0.000,-0.0005526943064235,-0.0003844306460719,4.1682804936813005
2.250,2.000,-0.0003730509519365,0.0011667395436692,4.2513968333028735
2.300,0.000,-0.0005944562122525,-0.0001958354266122,4.1611029158572643
2.300,2.000,-0.0003139256320633,0.0012258073390670,4.2455867022493132
2.350,0.000,-0.0005823550374032,0.0000091893772130,4.1540157779432123
2.350,2.000,-0.0002493753257205,0.0012846582588699,4.2398179693784632
2.400,0.000,-0.0005155941044336,0.0002172128479562,4.1470111485766878
2.400,2.000,-0.0001812269037825,0.0013404576000130,4.2340794534372872
2.450,0.000,-0.0003976914092135,0.0004138243048674,4.1400802082034760
2.450,2.000,-0.0001110650857742,0.0013893560100109,4.2283585163502586
2.500,0.000,-0.0002362161938092,0.0005848443324455,4.1332130262850102
2.500,2.000,-0.0000401315456745,0.0014265612930968,4.2226408478206174
2.550,0.000,-0.0000423123064256,0.0007175485902275,4.1263981646080969
2.550,2.000,0.0000307453889973,0.0014465057601596,4.2169101966086622
2.600,0.000,0.0001699311895398,0.0008017800051087,4.1196220656447222
2.600,2.000,0.0001011785706362,0.0014431242878510,4.2111480402604364
2.650,0.000,0.0003842255288951,0.0008308465088731,4.1128681827901801
2.650,2.000,0.0001711961215942,0.0014102530817382,4.2053331851739744
2.700,0.000,0.0005829392521763,0.0008021360642126,4.1061158113681868
2.700,2.000,0.0002411526338336,0.0013421495587554,4.1994412896921940
2.750,0.000,0.0007480916554277,0.0007174212040554,4.0993385881344730
2.750,2.000,0.0003115724722290,0.0012341187312303,4.1934443045839771
2.800,0.000,0.0008625244084619,0.0005828637995317,4.0925026457254470
2.800,2.000,0.0003829266840938,0.0010832106090485,4.1873098278968852
2.850,0.000,0.0009112886862996,0.0004087598470385,4.0855644405529565
2.850,2.000,0.0004553539233629,0.0008889274676062,4.1810003745664055
2.900,0.000,0.0008832542397527,0.0002090775321626,4.0784683214564064
2.900,2.000,0.0005283465721032,0.0006538527182682,4.1744725647349208
2.950,0.000,0.0007728871975962,0.0000008349552934,4.0711439742993107
2.950,2.000,0.0006004345843114,0.0003840910864936,4.1676762371700065
3.000,0.000,0.0005820560084572,-0.0001966666344972,4.0635039637287509
3.000,2.000,0.0006689093680803,0.0000894026852748,4.1605534932635848
3.050,0.000,0.0003216143061337,-0.0003627941140710,4.0554416898270489
3.050,2.000,0.0007296356508222,-0.0002170669299687,4.1530376696383229
3.100,0.000,0.0000123854753988,-0.0004768378986844,4.0468301647556668
3.100,2.000,0.0007769984964412,-0.0005195030225412,4.1450522194640413
3.150,0.000,-0.0003149444148085,-0.0005197852675556,4.0375220549232846
3.150,2.000,0.0008040250138468,-0.0008005346249057,4.1365094504186697
3.200,0.000,-0.0006215951519711,-0.0004769079089412,4.0273513665001301
3.200,2.000,0.0008027086518040,-0.0010425841197426,4.1273090187827801
3.250,0.000,-0.0008646655970957,-0.0003414716610572,4.0161368920809837
3.250,2.000,0.0007645549321261,-0.0012292056916049,4.1173360162161128
3.300,0.000,-0.0010036292375659,-0.0001197023864369,4.0036869909310067
3.300,2.000,0.0006813693213277,-0.0013461585679164,4.1064584155412751
3.350,0.000,-0.0010091182816107,0.0001634073159615,3.9898043808813961
3.350,2.000,0.0005463248973980,-0.0013820864173627,4.0945235762783190
3.400,0.000,-0.0008727635114842,0.0004590363177726,3.9742884132162577
3.400,2.000,0.0003553714067353,-0.0013289288754695,4.0813534610674100
3.450,0.000,-0.0006154025797398,0.0006937600579132,3.9569310187774347
3.450,2.000,0.0001090515175407,-0.0011824754277953,4.0667381801649709
3.500,0.000,-0.0002893885370127,0.0007790120271343,3.9375016795299382
3.500,2.000,-0.0001852683866048,-0.0009435875060026,4.0504274366772250
3.550,0.000,0.0000299748779046,0.0006378588974980,3.9157171943267035
3.550,2.000,-0.0005109119317458,-0.0006203450336760,4.0321193292971929
3.600,0.000,0.0002667684497569,0.0002516356941167,3.8911944411361197
3.600,2.000,-0.0008396135645679,-0.0002306408676674,4.0114456985329134
3.650,0.000,0.0003764939721782,-0.0002879273332004,3.8633887599649857
3.650,2.000,-0.0011303545985244,0.0001962438071756,3.9879527196869167
3.700,0.000,0.0003730390184222,-0.0007652989452288,3.8315253858242104
3.700,2.000,-0.0013307947105331,0.0006213128772044,3.9610748151783737
3.750,0.000,0.0003323789639564,-0.0009228444119160,3.7945357569483487
3.750,2.000,-0.0013834094300335,0.0010029744810638,3.9300994881467561
3.800,0.000,0.0003747327210817,-0.0006187563762490,3.7510253806187435
3.800,2.000,-0.0012388328962527,0.0013104935960321,3.8941209965614676
3.850,0.000,0.0006387367114884,0.0000820419914848,3.6993455818239429
3.850,2.000,-0.0008781003941869,0.0015413740591574,3.8519826769124093
3.900,0.000,0.0011741172986420,0.0008893360084837,3.6378357691551866
3.900,2.000,-0.0003414382556674,0.0017332329415965,3.8022113595296259
3.950,0.000,0.0016970512137604,0.0012016758178263,3.5649789221204244
3.950,2.000,0.0002485206056465,0.0019480055537356,3.7429504923358294
4.000,0.000,0.0016503621774257,0.0005529440263718,3.4789220973016506
4.000,2.000,0.0006953275487599,0.0021951950591938,3.6718946622829023
4.050,0.000,0.0008493374485762,-0.0004669443757319,3.3767767072449009
4.050,2.000,0.0007991349823226,0.0022922565853607,3.5862083096008845
4.100,0.000,-0.0002152305930134,-0.0007743505739181,3.2549102079767471
4.100,2.000,0.0004812745490841,0.0018125077918790,3.4823819597143739
4.150,0.000,-0.0008576521694893,-0.0001717547576929,3.1097993101265944
4.150,2.000,-0.0001269746255155,0.0004792020980751,3.3559979882278901
4.200,0.000,-0.0007371301788100,0.0007267130241136,2.9381260531625224
4.200,2.000,-0.0007190529287458,-0.0010399674946452,3.2015470366048695
4.250,0.000,-0.0001234552240949,0.0011840713492186,2.7363582036440035
4.250,2.000,-0.0008440069891829,-0.0015907232364393,3.0127088286106054
4.300,0.000,0.0001559395223178,0.0001604168446420,2.5009964218246488
4.300,2.000,0.0000474010677839,-0.0019546393130006,2.7835210573279596
4.350,0.000,-0.0005071395845567,-0.0027406838089332,2.2295784248117436
4.350,2.000,0.0017721738401892,-0.0030078148639958,2.5107599738603446
4.400,0.000,-0.0014620498108307,-0.0044062409294895,1.9206751732062999
4.400,2.000,0.0022416425675184,-0.0002984775088202,2.1972271689021396
4.450,0.000,-0.0013605601277917,-0.0019506168105155,1.5722158306637031
4.450,2.000,-0.0013078464404695,0.0052885783391117,1.8459040994046054
4.500,0.000,0.0001696488211811,0.0012082213880180,1.1813752386632670
4.500,2.000,-0.0042006079990053,-0.0006794549425000,1.4422678451663731
4.550,0.000,0.0018234058771776,0.0013380319305244,0.7472632478988451
4.550,2.000,-0.0005658748833688,-0.0015177118215379,0.9803995273096076
4.600,0.000,0.0015076760740089,0.0002017877507876,0.2739696164985880
4.600,2.000,0.0018101340324172,0.0046178492803674,0.4739279561114602
4.650,0.000,-0.0009641344576073,0.0003750605991625,-0.2279895370007589
4.650,2.000,0.0019175445387134,0.0037422720140989,-0.0674865500485514
4.700,0.000,-0.0027960540988803,0.0003451229664490,-0.7448071135227776
4.700,2.000,0.0030597493509155,-0.0015156632857405,-0.6307057702507671
4.750,0.000,-0.0014965592735970,0.0001356756041590,-1.2626490683398413
4.750,2.000,0.0028318847417920,-0.0023962335533920,-1.2023071224815904
4.800,0.000,0.0014443616335931,-0.0001520538448071,-1.7662035479653053
4.800,2.000,0.0000586869551308,-0.0009771459746684,-1.7657905453741740
4.850,0.000,0.0021633705331462,-0.0020206598882796,-2.2413205109842358
4.850,2.000,-0.0032000232039045,-0.0007775473733220,-2.3015350274851456
4.900,0.000,0.0003314079085353,-0.0011624013971807,-2.6846675310734729
4.900,2.000,-0.0045752908467340,-0.0010224854688677,-2.7929360924789766
4.950,0.000,-0.0007131528705214,0.0030245032887269,-3.0991595335653375
4.950,2.000,-0.0035447365676735,-0.0004845496053804,-3.2302042395184207
5.000,0.000,-0.0004315437240562,0.0017241934283672,-3.4756346471694646
5.000,2.000,-0.0012132586677049,0.0006920775193309,-3.6100156369325562
5.050,0.000,-0.0003944877510227,-0.0034783357684253,-3.8000724211320520
5.050,2.000,0.0010083730121647,0.0019042554318216,-3.9335919906157080
5.100,0.000,-0.0003370745815130,-0.0040715457433558,-4.0735079923095858
5.100,2.000,0.0022843939068290,0.0027537044491111,-4.2049347921311124
5.150,0.000,0.0000793474776369,-0.0010122601747042,-4.3065410573888450
5.150,2.000,0.0024650510541427,0.0030152374284081,-4.4295689245025196
5.200,0.000,0.0002171815177385,0.0012776661035197,-4.5058099885903253
5.200,2.000,0.0018332974811572,0.0025521787711657,-4.6136805067644389
5.250,0.000,-0.0002377369053482,0.0019505879168957,-4.6730499604197293
5.250,2.000,0.0008386836401443,0.0013973787029731,-4.7634966117837187
5.300,0.000,-0.0009121032871984,0.0016591060481648,-4.8094660031217540
5.300,2.000,-0.0000870866645821,-0.0001657310666254,-4.8848028924815567
5.350,0.000,-0.0012647758535110,0.0008703209182881,-4.9176455748795238
5.350,2.000,-0.0006554319009108,-0.0016742758784726,-4.9825620084678874
5.400,0.000,-0.0010270170970867,-0.0000233438856924,-5.0012948660432111
5.400,2.000,-0.0007932753808472,-0.0026911495883044,-5.0606653414661409
5.450,0.000,-0.0002850699555127,-0.0007057327572396,-5.0645230788201694
5.450,2.000,-0.0006320780858564,-0.0030074556736703,-5.1218883954844721
5.500,0.000,0.0006774130744348,-0.0010648374949182,-5.1112572032467192
5.500,2.000,-0.0003975563440420,-0.0027029617580068,-5.1680930555836548
5.550,0.000,0.0015642398067627,-0.0011603757986606,-5.1448582829908212
5.550,2.000,-0.0002503513226549,-0.0020264366996577,-5.2006267194071700
5.600,0.000,0.0021698600740196,-0.0011081344779065,-5.1679516001153782
5.600,2.000,-0.0001882784297434,-0.0012000163432839,-5.2207589588907375
5.650,0.000,0.0024033733682559,-0.0009978471193895,-5.1824403340309688
5.650,2.000,-0.0000967570752594,-0.0003171826694418,-5.2299534102516789
5.700,0.000,0.0022698595271937,-0.0008700936202590,-5.1896283304250836
5.700,2.000,0.0000939373712614,0.0006008811630103,-5.2298520855584503
5.750,0.000,0.0018374233946323,-0.0007288651995090,-5.1903768203790008
5.750,2.000,0.0003085056721349,0.0015111398414936,-5.2220230916945951
5.800,0.000,0.0012049757990719,-0.0005632331117100,-5.1852474783889413
5.800,2.000,0.0004026905155850,0.0023598118349086,-5.2076804709495974
5.850,0.000,0.0004770586884470,-0.0003637917221563,-5.1746128371683895
5.850,2.000,0.0003297504614828,0.0031461861226196,-5.1876021610332490
5.900,0.000,-0.0002527377421764,-0.0001303827513692,-5.1587330036148789
5.900,2.000,0.0001930461426876,0.0038773739841499,-5.1623122272332340
5.950,0.000,-0.0009106284445626,0.0001270242114616,-5.1378052601054183
5.950,2.000,0.0001273439693848,0.0044386421323597,-5.1323759266396776
6.000,0.000,-0.0014456118623750,0.0003911474197066,-5.1119945921182603
6.000,2.000,0.0001699398967654,0.0045865504064882,-5.0985758139669173
6.050,0.000,-0.0018285718652346,0.0006413681389472,-5.0814519585427922
6.050,2.000,0.0002677980825364,0.0041268908091301,-5.0618589490700030
6.100,0.000,-0.0020492086502553,0.0008573720203665,-5.0463252179781257
6.100,2.000,0.0003726621156958,0.0030909519479173,-5.0231315980263922
6.150,0.000,-0.0021120556261111,0.0010218184643575,-5.0067659100461563
6.150,2.000,0.0004909295233627,0.0017348040298770,-4.9830594881119969
6.200,0.000,-0.0020324007280285,0.0011219291694994,-4.9629338132864032
6.200,2.000,0.0006478571617637,0.0003893113775964,-4.9419804081754632
6.250,0.000,-0.0018325764555586,0.0011501474104566,-4.9150003429603233
6.250,2.000,0.0008286949612952,-0.0006961012821093,-4.8999391605476790
6.300,0.000,-0.0015388311269822,0.0011041081015624,-4.8631513145268643
6.300,2.000,0.0009620111191702,-0.0014201305708674,-4.8567936555799918
6.350,0.000,-0.0011788336434292,0.0009861558404227,-4.8075892805699967
6.350,2.000,0.0009532124867039,-0.0018070849413552,-4.8123327394824829
6.400,0.000,-0.0007797742325120,0.0008026062774739,-4.7485354718284718
6.400,2.000,0.0007349266992062,-0.0019449706696447,-4.7663678796921634
6.450,0.000,-0.0003669823388645,0.0005628946145963,-4.6862312827121961
6.450,2.000,0.0003000033327736,-0.0019291979573183,-4.7187861430527480
6.500,0.000,0.0000370282142334,0.0002787078977298,-4.6209392040552872
6.500,2.000,-0.0002959357596564,-0.0018312186136895,-4.6695684964293322
6.550,0.000,0.0004131710384390,-0.0000368396292198,-4.5529431002936676
6.550,2.000,-0.0009557856183074,-0.0016907145872073,-4.6187841838660093
6.600,0.000,0.0007461271695869,-0.0003699557036203,-4.4825477428206089
6.600,2.000,-0.0015714311602632,-0.0015215766462553,-4.5665722289707444
6.650,0.000,0.0010244697500674,-0.0007068289525624,-4.4100775389968998
6.650,2.000,-0.0020506307827497,-0.0013223380362054,-4.5131185764802888
6.700,0.000,0.0012406168404132,-0.0010341930886560,-4.3358744327571301
6.700,2.000,-0.0023335789943407,-0.0010854654805487,-4.4586343021169217
6.750,0.000,0.0013906457608812,-0.0013397971789089,-4.2602949946158608
6.750,2.000,-0.0023980958355961,-0.0008034488061305,-4.4033377191548615
6.800,0.000,0.0014739956867808,-0.0016127847503842,-4.1837067630399005
6.800,2.000,-0.0022558371603426,-0.0004717656437966,-4.3474413745945819
6.850,0.000,0.0014930814873745,-0.0018439847617090,-4.1064839424238553
6.850,2.000,-0.0019431608666932,-0.0000896462971304,-4.2911437965361028
6.900,0.000,0.0014528402545196,-0.0020261171728160,-4.0290026019819258
6.900,2.000,-0.0015100942978024,0.0003403540294394,-4.2346252588802322
6.950,0.000,0.0013602317225321,-0.0021539157514848,-3.9516355515441099
6.950,2.000,-0.0010100008085136,0.0008132036539920,-4.1780465984280690
7.000,0.000,0.0012237139936307,-0.0022241712744484,-3.8747470917320643
7.000,2.000,-0.0004915438867240,0.0013221874265356,-4.1215501134671930
7.050,0.000,0.0010527159691117,-0.0022356995189659,-3.7986878452699417
7.050,2.000,0.0000063554262833,0.0018594207099619,-4.0652616904124415
7.100,0.000,0.0008571271699448,-0.0021892402683050,-3.7237898722992551
7.100,2.000,0.0004565834969889,0.0024160450537649,-4.0092934772929656
7.150,0.000,0.0006468239676013,-0.0020872956883586,-3.6503622557737567
7.150,2.000,0.0008434323769441,0.0029821856156878,-3.9537466065955180
7.200,0.000,0.0004312486045788,-0.0019339185215230,-3.5786873147951521
7.200,2.000,0.0011605221045747,0.0035468122426980,-3.8987136401939142
7.250,0.000,0.0002190539114031,-0.0017344622472460,-3.5090175666449230
7.250,2.000,0.0014079170877072,0.0040976576550878,-3.8442805531015436
7.300,0.000,0.0000178225748625,-0.0014953064098511,-3.4415735155460285
7.300,2.000,0.0015892172463893,0.0046213165635686,-3.7905281856728883
7.350,0.000,-0.0001661344916270,-0.0012235705584119,-3.3765423014590055
7.350,2.000,0.0017091962599514,0.0051035922395832,-3.7375331755055003
7.400,0.000,-0.0003279003605573,-0.0009268296519182,-3.3140771990073001
7.400,2.000,0.0017722941451463,0.0055300890705303,-3.6853684333296841
7.450,0.000,-0.0004639984462988,-0.0006128424400854,-3.2542979179991605
7.450,2.000,0.0017820122733508,0.0058869882346249,-3.6341032559110791
7.500,0.000,-0.0005723698532858,-0.0002893024070246,-3.1972916252935870
7.500,2.000,0.0017410559987382,0.0061619022673010,-3.5838031785440427
7.550,0.000,-0.0006522911178114,0.0000363814202168,-3.1431145843749744
7.550,2.000,0.0016519515262531,0.0063446896439785,-3.5345296654100182
7.600,0.000,-0.0007042434878197,0.0003572689146664,-3.0917942944704468
7.600,2.000,0.0015178332225899,0.0064281217968535,-3.4863397229607314
7.650,0.000,-0.0007297458182814,0.0006670360057780,-3.0433320050575916
7.650,2.000,0.0013431388418703,0.0064083255101217,-3.4392855039235575
7.700,0.000,-0.0007311633360791,0.0009600841203731,-2.9977054832065613
7.700,2.000,0.0011340352027458,0.0062849636492573,-3.3934139509344781
7.750,0.000,-0.0007115040472697,0.0012316132444176,-2.9548719189808645
7.750,2.000,0.0008984958807226,0.0060611569580143,-3.3487665115561329
7.800,0.000,-0.0006742135424466,0.0014776613082304,-2.9147708664665628
7.800,2.000,0.0006460411631259,0.0057431818211841,-3.3053789419142769
7.850,0.000,-0.0006229775411002,0.0016951135580855,-2.8773271332679369
7.850,2.000,0.0003872139862694,0.0053399994785066,-3.2632812049396382
7.900,0.000,-0.0005615398408878,0.0018816861604756,-2.8424535479834359
7.900,2.000,0.0001328987833885,0.0048626805545242,-3.2224974611859474
7.950,0.000,-0.0004935415336756,0.0020358885426635,-2.8100535519768637
7.950,2.000,-0.0001064042077185,0.0043237867798890,-3.1830461449949925
8.000,0.000,-0.0004223855329601,0.0021569689677826,-2.7800235776853746
8.000,2.000,-0.0003212513700821,0.0037367625767457,-3.1449401158125325
8.050,0.000,-0.0003511287254617,0.0022448476391478,-2.7522551900561947
8.050,2.000,-0.0005038034554745,0.0031153761786673,-3.1081868731220212
8.100,0.000,-0.0002824024890575,0.0023000412868647,-2.7266369800513792
8.100,2.000,-0.0006482073750084,0.0024732360906441,-3.0727888232225329
8.150,0.000,-0.0002183609633050,0.0023235827619421,-2.7030562093157071
8.150,2.000,-0.0007507987284407,0.0018233960574227,-3.0387435865107149
8.200,0.000,-0.0001606553526305,0.0023169386908555,-2.6814002130643817
8.200,2.000,-0.0008101340797878,0.0011780514841409,-3.0060443347322794
8.250,0.000,-0.0001104316955459,0.0022819277585942,-2.6615575741479716
8.250,2.000,-0.0008268772455337,0.0005483228593775,-2.9746801486469505
8.300,0.000,-0.0000683489467829,0.0022206417140683,-2.6434190853132882
8.300,2.000,-0.0008035722396996,-0.0000558829576058,-2.9446363875866770
8.350,0.000,-0.0000346138713745,0.0021353707439015,-2.6268785191691491
8.350,2.000,-0.0007443381287688,-0.0006259451427471,-2.9158950634175378
8.400,0.000,-0.0000090291186829,0.0020285344493035,-2.6118332265686055
8.400,2.000,-0.0006545194069623,-0.0011545472723832,-2.8884352124158195
8.450,0.000,0.0000089491074620,0.0019026192916536,-2.5981845843107458
8.450,2.000,-0.0005403211478549,-0.0016356534638857,-2.8622332595277182
8.500,0.000,0.0000201471721024,0.0017601230482620,-2.5858383124983635
8.500,2.000,-0.0004084524540795,-0.0020644529687518,-2.8372633703983090
8.550,0.000,0.0000256070129441,0.0016035065410170,-2.5747046807838969
8.550,2.000,-0.0002657956345139,-0.0024372824269342,-2.8134977874264244
8.600,0.000,0.0000265187357816,0.0014351526662244,-2.5646986212802410
8.600,2.000,-0.0001191127863782,-0.0027515334427787,-2.7909071469248650
8.650,0.000,0.0000241550939202,0.0012573325618360,-2.5557397642557316
8.650,2.000,0.0000252035394623,-0.0030055516693968,-2.7694607752330787
8.700,0.000,0.0000198097105409,0.0010721785955104,-2.5477524109906033
8.700,2.000,0.0001613329696684,-0.0031985322720344,-2.7491269623358745
8.750,0.000,0.0000147404755869,0.0008816637404841,-2.5406654564314581
8.750,2.000,0.0002841837030994,-0.0033304155143123,-2.7298732121790805
8.800,0.000,0.0000101191455849,0.0006875868221257,-2.5344122726049894
8.800,2.000,0.0003895053246987,-0.0034017852748825,-2.7116664694353125
8.850,0.000,0.0000069878066779,0.0004915630628276,-2.5289305621813054
8.850,2.000,0.0004739621100915,-0.0034137725392523,-2.6944733229568296
8.900,0.000,0.0000062225380143,0.0002950193224255,-2.5241621901381999
8.900,2.000,0.0005351716829294,-0.0033679652981500,-2.6782601865557911
8.950,0.000,0.0000085043356124,0.0000991934219624,-2.5200530001808703
8.950,2.000,0.0005717141984620,-0.0032663257941149,-2.6629934580769277
9.000,0.000,0.0000142971304105,-0.0000948630533624,-2.5165526214222647
9.000,2.000,0.0005831171912245,-0.0031111156683613,-2.6486396579769922
9.050,0.000,0.0000238325541118,-0.0002862790543946,-2.5136142698225230
9.050,2.000,0.0005698209543123,-0.0029048292504137,-2.6351655488050896
9.100,0.000,0.0000371009715842,-0.0004743560211716,-2.5111945480152280
9.100,2.000,0.0005331289015930,-0.0026501349873572,-2.6225382370951560
9.150,0.000,0.0000538482036205,-0.0006585579985312,-2.5092532464025044
9.150,2.000,0.0004751468713756,-0.0023498248154041,-2.6107252592441688
9.200,0.000,0.0000735773046650,-0.0008385003782796,-2.5077531477687067
9.200,2.000,0.0003987148097526,-0.0020067711244835,-2.5996946529654408
9.250,0.000,0.0000955547302776,-0.0010139376835918,-2.5066598371315432
9.250,2.000,0.0003073337585643,-0.0016238908497337,-2.5894150158838611
9.300,0.000,0.0001188202252835,-0.0011847507618123,-2.5059415181069968
9.300,2.000,0.0002050905884462,-0.0012041161369538,-2.5798555527868756
9.350,0.000,0.0001421997782274,-0.0013509337027292,-2.5055688366999038
9.350,2.000,0.0000965824741654,-0.0007503709682668,-2.5709861129684546
9.400,0.000,0.0001643210188222,-0.0015125807519376,-2.5055147131335826
9.400,2.000,-0.0000131572866976,-0.0002655530962985,-2.5627772190101052
9.450,0.000,0.0001836304766277,-0.0016698734439475,-2.5057541820906866
9.450,2.000,-0.0001187308586125,0.0002474793825999,-2.5552000882381125
9.500,0.000,0.0001984121685491,-0.0018230681379501,-2.5062642415442200
9.500,2.000,-0.0002144439051156,0.0007859174855707,-2.5482266479850422
9.550,0.000,0.0002068070365537,-0.0019724841009714,-2.5070237102047477
9.550,2.000,-0.0002943693853656,0.0013470074849757,-2.5418295456697297
9.600,0.000,0.0002068328128138,-0.0021184922488505,-2.5080130934908622
9.600,2.000,-0.0003524066379717,0.0019280543600578,-2.5359821545964025
9.650,0.000,0.0001964039452759,-0.0022615046250558,-2.5092144578388229
9.650,2.000,-0.0003823354663582,0.0025264231443912,-2.5306585762634670
9.700,0.000,0.0001733512712573,-0.0024019646708309,-2.5106113130991359
9.700,2.000,-0.0003778650964693,0.0031395387066624,-2.5258336398671362
9.750,0.000,0.0001354411779047,-0.0025403383173917,-2.5121885027186006
9.750,2.000,-0.0003326780085924,0.0037648844475111,-2.5214828995857497
9.800,0.000,0.0000803940369079,-0.0026771059116091,-2.5139321013720921
9.800,2.000,-0.0002404687532235,0.0044000003359638,-2.5175826301392261
9.850,0.000,0.0000059017447689,-0.0028127549706411,-2.5158293196867687
9.850,2.000,-0.0000949779493077,0.0050424806474664,-2.5141098210336859
9.900,0.000,-0.0000903557601234,-0.0029477737479734,-2.5178684156890974
9.900,2.000,0.0001099782662292,0.0056899717035595,-2.5110421698258723
9.950,0.000,-0.0002106950969863,-0.0030826455829961,-2.5200386126008527
9.950,2.000,0.0003804830139259,0.0063401698525247,-2.5083580746741592
10.000,0.000,-0.0003574152207575,-0.0032178439983031,-2.5223300226119041
10.000,2.000,0.0007224973081882,0.0069908198724231,-2.5060366263834735
4.700,0.700,0.0132202771361660,0.0096909018679772,-10.0753214397554824
4.700,1.300,0.0171371292318703,-0.0116957637996432,-6.9691209971318315
4.750,0.700,-0.0218699458218739,-0.0099899156931058,-10.2479969425820254
4.750,1.300,-0.0233355559734790,0.0098472633027339,-9.4918652093011815
4.800,0.700,-0.0098139665572702,0.0028715055131246,-9.7726434439986622
4.800,1.300,-0.0055967244183087,-0.0031669473647569,-10.4099161606392201
4.850,0.700,0.0148802212439366,0.0085044426240543,-9.3101828333944852
4.850,1.300,0.0118921459319649,0.0041525986498739,-10.5243613157664981
4.900,0.700,0.0176723491589944,-0.0033277064651241,-8.8990211914126736
4.900,1.300,0.0089319487641469,0.0034370247517175,-10.1906345967311864
4.950,0.700,0.0001972830624997,-0.0111800730130876,-8.5017860119622810
4.950,1.300,-0.0046782517831324,-0.0011874496126713,-9.6205721113847389
5.000,0.700,-0.0169793228570256,-0.0119828032776392,-8.0937022575342610
5.000,1.300,-0.0116549773297671,0.0016471485781495,-8.9716340477496228
5.050,0.700,-0.0187507074195798,-0.0076193721568126,-7.6702235568071409
5.050,1.300,-0.0061493429157040,0.0084286752463263,-8.3378326641987570
5.100,0.700,-0.0047104183538877,0.0047083702933978,-7.2428876228553039
5.100,1.300,0.0053745695251217,0.0088779590167874,-7.7543063881502583
5.150,0.700,0.0118048723851724,0.0240348602277244,-6.8335954277072020
5.150,1.300,0.0097447957427267,-0.0029704987137860,-7.2253737510471012
5.200,0.700,0.0169871893537530,0.0321105519589025,-6.4684878699613817
5.200,1.300,0.0005146408478116,-0.0184719576261384,-6.7526809370705436
5.250,0.700,0.0156850179213896,0.0051158045080627,-6.1709521408053947
5.250,1.300,-0.0054454965873304,-0.0132773365111077,-6.3522270695347771
5.300,0.700,0.0306587635401546,-0.0542512471042922,-5.9536004161629608
5.300,1.300,0.0264140056561331,0.0282922732947710,-6.0493827102399580
4.700,0.750,0.0021118359411867,-0.0125188596408236,-8.3899437873472476
5.300,0.750,-0.0291366171490344,-0.0518107947080231,-5.8531851523702780
4.700,0.800,-0.0039077916249257,0.0084801543459449,-5.8826774099924437
5.300,0.800,0.0017693470420377,-0.0089821613373980,-5.7283328187779690
4.700,0.850,0.0004007197055089,-0.0092094348753187,-2.5312421836396011
5.300,0.850,0.0077606134667710,0.0214350628596057,-5.6085095833832623
4.700,0.900,0.0011215665844637,0.0095596334116923,0.9893229862205190
5.300,0.900,-0.0049014512008063,0.0177116387035580,-5.5214733019568527
4.700,0.950,-0.0100979923360606,-0.0049785893080343,3.3297925946976950
5.300,0.950,0.0011771799251839,0.0010430084066132,-5.4806927993762677
4.700,1.000,0.0045703116314301,-0.0053172538859207,4.1956377511388361
5.300,1.000,0.0184780843770174,-0.0037832576471142,-5.4818427778705052
4.700,1.050,0.0015215112745258,0.0096988095552635,3.9208996324076888
5.300,1.050,0.0147493592215597,0.0012058147159150,-5.5073323636422904
4.700,1.100,-0.0065132632537894,0.0008846706035804,2.7845447167252741
5.300,1.100,-0.0053668226692731,-0.0052271751903817,-5.5438523918247880
4.700,1.150,0.0005494911724567,-0.0133519662811695,0.9507407350618405
5.300,1.150,-0.0027574549248822,-0.0191347180366423,-5.6045051047185357
4.700,1.200,-0.0041560275982012,0.0126512907704825,-1.4400854322157612
5.300,1.200,0.0092446008018717,-0.0025982220216814,-5.7189162900786794
4.700,1.250,-0.0005707437117018,0.0045741399549419,-4.1934259008647583
5.300,1.250,-0.0181422285790557,0.0383698797288473,-5.8852517523465355
0.000,0.000,0.0010693958379801,-0.0017453811558834,4.5374142150636176
0.000,0.050,0.3899410899429127,-0.0003802648347364,4.5372198491998033
0.000,0.100,0.7593544562520402,0.0003514384891531,4.5376562303856334
0.000,0.150,1.1094714078811532,0.0005980101548447,4.5384181733565443
0.000,0.200,1.4394127605247127,0.0005804710874286,4.5392636627248875
0.000,0.250,1.7496935522613843,0.0004551390664580,4.5400708843663411
0.000,0.300,2.0403754311564439,0.0003273792768225,4.5407904355493862
0.000,0.350,2.3109197930804801,0.0002333677970406,4.5414192245170861
0.000,0.400,2.5608336599248402,0.0001495058960062,4.5419905864160404
0.000,0.450,2.7901413844137313,0.0000370074609554,4.5425589087198288
0.000,0.500,2.9993232632437890,-0.0001156455959302,4.5431751558796041
0.000,0.550,3.1889076865254093,-0.0002822763463995,4.5438677697734082
0.000,0.600,3.3591012897937618,-0.0004169586725729,4.5446420618817207
0.000,0.650,3.5097041805688707,-0.0004781932222729,4.5454961212889051
0.000,0.700,3.6402991694906861,-0.0004436958135213,4.5464395025196396
0.000,0.750,3.7505333197459945,-0.0003140974575320,4.5475015878588616
0.000,0.800,3.8403025619017952,-0.0001099787837353,4.5487255854611570
0.000,0.850,3.9097576902324604,0.0001345981753347,4.5501529461556940
0.000,0.900,3.9591742801314975,0.0003807600192692,4.5518065971469834
0.000,0.950,3.9887925388433763,0.0005941021324306,4.5536800118477840
0.000,1.000,3.9987180075355884,0.0007520984446849,4.5557352914017226
0.000,1.050,3.9889142483768238,0.0008473619250141,4.5579094933481397
0.000,1.100,3.9592619794475570,0.0008858672044638,4.5601258381554679
0.000,1.150,3.9096346197415741,0.0008811300329078,4.5623056903483077
0.000,1.200,3.8399494338567290,0.0008469798108297,4.5643781418046814
0.000,1.250,3.7501799451943914,0.0007922253716769,4.5662858623590994
0.000,1.300,3.6403392687937344,0.0007196200633707,4.5679876234867844
0.000,1.350,3.5104539186201480,0.0006292364383763,4.5694587427746107
0.000,1.400,3.3605437776832763,0.0005238445552685,4.5706904671498751
0.000,1.450,3.1906141209959369,0.0004127060288244,4.5716885364507371
0.000,1.500,3.0006575295935858,0.0003111129228705,4.5724706231957351
0.000,1.550,2.7906601925909369,0.0002354059018376,4.5730624404835858
0.000,1.600,2.5606074972127515,0.0001956314254229,4.5734928535934287
0.000,1.650,2.3104861309826767,0.0001891796210820,4.5737888186446662
0.000,1.700,2.0402831936548185,0.0001983217557145,4.5739710575689800
0.000,1.750,1.7499866667521520,0.0001930410161800,4.5740510845208053
0.000,1.800,1.4395955949096462,0.0001387909793034,4.5740297883990220
0.000,1.850,1.1091520637794543,0.0000075620734356,4.5738975074300336
0.000,1.900,0.7588105147024552,-0.0002097482391860,4.5736355100929771
0.000,1.950,0.3889636131658809,-0.0004911962149516,4.5732189852314242
0.000,2.000,0.0004480525566284,-0.0007723775524229,4.5726219590937109
