0.050,0.000,0.0019983194375993,-0.0022250317253764,3.2592221237008521
0.050,2.000,0.0007696894910709,-0.0003556254570056,3.1561608102980752
0.100,0.000,0.0000532338684696,-0.0022957425865207,3.2571704110652506
0.100,2.000,-0.0003892582399325,-0.0003446385438726,3.1516520780280159
0.150,0.000,-0.0009586026972344,-0.0022518764246051,3.2550086668350264
0.150,2.000,-0.0011046368269544,-0.0002179933435536,3.1471963033701980
0.200,0.000,-0.0013015890036018,-0.0020957212209214,3.2526292272325650
0.200,2.000,-0.0015065649647014,-0.0000340796392954,3.1427687714638752
0.250,0.000,-0.0011998497087973,-0.0018449084845414,3.2500027223397123
0.250,2.000,-0.0016864747802944,0.0001725484777365,3.1383480369845871
0.300,0.000,-0.0008290492826611,-0.0015211861045619,3.2471532166784369
0.300,2.000,-0.0017104567566074,0.0003834672623373,3.1339161435769141
0.350,0.000,-0.0003176621124151,-0.0011459443573934,3.2441375537991419
0.350,2.000,-0.0016276411522230,0.0005906025782776,3.1294581932898553
0.400,0.000,0.0002422881361595,-0.0007421103689439,3.2410282552109653
0.400,2.000,-0.0014753405626768,0.0007919671443706,3.1249615671456725
0.450,0.000,0.0007802409410401,-0.0003387705674027,3.2378996904913038
0.450,2.000,-0.0012821819972090,0.0009886037636754,3.1204150303748603
0.500,0.000,0.0012354218856344,0.0000263831039644,3.2348176096428145
0.500,2.000,-0.0010700516114307,0.0011824849347152,3.1158078744526416
0.550,0.000,0.0015535379975845,0.0003099605927941,3.2318323240501217
0.550,2.000,-0.0008553733596030,0.0013751629846377,3.1111291801699616
0.600,0.000,0.0016914871245212,0.0004707927427224,3.2289757190724768
0.600,2.000,-0.0006500325587239,0.0015669987940344,3.1063672379158977
0.650,0.000,0.0016253621116356,0.0004796144452107,3.2262618859975620
0.650,2.000,-0.0004621169031030,0.0017568257956157,3.1015091309586720
0.700,0.000,0.0013562600680576,0.0003265874774420,3.2236906417735312
0.700,2.000,-0.0002965610679583,0.0019419308939745,3.0965404701428825
0.750,0.000,0.0009107109726469,0.0000241197828787,3.2212528048774667
0.750,2.000,-0.0001557302130104,0.0021182555790189,3.0914452595317536
0.800,0.000,0.0003356695469106,-0.0003954268964338,3.2189359794809396
0.800,2.000,-0.0000399500027888,0.0022807387036007,3.0862058685422560
0.850,0.000,-0.0003098825610150,-0.0008858775640932,3.2167297708930023
0.850,2.000,0.0000520225604724,0.0024237371679675,3.0808030845448915
0.900,0.000,-0.0009641226643744,-0.0013952494374829,3.2146296965224268
0.900,2.000,0.0001225979480778,0.0025414723570622,3.0752162191355930
0.950,0.000,-0.0015703058370994,-0.0018737303648317,3.2126394307247819
0.950,2.000,0.0001750327869886,0.0026284591358724,3.0694232404393293
1.000,0.000,-0.0020823156657148,-0.0022802576816041,3.2107713390896508
1.000,2.000,0.0002131953982666,0.0026798812885372,3.0634009025033024
1.050,0.000,-0.0024676103922092,-0.0025869377835478,3.2090454874538992
1.050,2.000,0.0002414197268277,0.0026918834863316,3.0571248411290664
1.100,0.000,-0.0027078917954942,-0.0027810674856496,3.2074874593453950
1.100,2.000,0.0002644414786264,0.0026617564454155,3.0505696037993246
1.150,0.000,-0.0027980805616721,-0.0028648915499191,3.2061253994637853
1.150,2.000,0.0002873996003309,0.0025880004534434,3.0437085804863973
1.200,0.000,-0.0027442172124126,-0.0028534722047519,3.2049867331028166
1.200,2.000,0.0003158714902455,0.0024702647987455,3.0365138033270997
1.250,0.000,-0.0025608240522081,-0.0027711914973612,3.2040949984926264
1.250,2.000,0.0003558903568017,0.0023091789484271,3.0289555881229777
1.300,0.000,-0.0022681401667383,-0.0026474825254511,3.2034671745371668
1.300,2.000,0.0004138673702222,0.0021061175562712,3.0210020014985988
1.350,0.000,-0.0018895234085345,-0.0025124011604872,3.2031117961645230
1.350,2.000,0.0004963108799295,0.0018629764319412,3.0126181565848200
1.400,0.000,-0.0014492165174106,-0.0023926054852668,3.2030280341811039
1.400,2.000,0.0006092049121590,0.0015820785261466,3.0037653689644359
1.450,0.000,-0.0009705971461273,-0.0023082058704538,3.2032057910551068
1.450,2.000,0.0007568909114153,0.0012663700749839,2.9944002429408636
1.500,0.000,-0.0004749655032373,-0.0022707935315531,3.2036267444279032
1.500,2.000,0.0009403117196372,0.0009200897529421,2.9844738009854463
1.550,0.000,0.0000191373308747,-0.0022827703647463,3.2042661695256327
1.550,2.000,0.0011545590895085,0.0005500663760340,2.9739308032464691
1.600,0.000,0.0004961426992293,-0.0023379166975087,3.2050952978895917
1.600,2.000,0.0013858603756419,0.0001676763336783,2.9627094038505959
1.650,0.000,0.0009433064502915,-0.0024229757967797,3.2060839256067735
1.650,2.000,0.0016084900091688,-0.0002087837897566,2.9507412176297612
1.700,0.000,0.0013503343201472,-0.0025199272239728,3.2072029691190136
1.700,2.000,0.0017826096044593,-0.0005520146599756,2.9379516810874384
1.750,0.000,0.0017089197754914,-0.0026085764065974,3.2084266799329089
1.750,2.000,0.0018546580649105,-0.0008252280811373,2.9242602653541936
1.800,0.000,0.0020123151548966,-0.0026691032523373,3.2097342710308219
1.800,2.000,0.0017624201659947,-0.0009850992506349,2.9095797036001385
1.850,0.000,0.0022550209664191,-0.0026842757289299,3.2111107766743405
1.850,2.000,0.0014469228515965,-0.0009900360978457,2.8938131757463528
1.900,0.000,0.0024326338662133,-0.0026411262584611,3.2125470591217629
1.900,2.000,0.0008723625559910,-0.0008145729204374,2.8768488314293368
1.950,0.000,0.0025418513416916,-0.0025319895542700,3.2140389801215941
1.950,2.000,0.0000528813486216,-0.0004680023384016,2.8585526917178163
2.000,0.000,0.0025805984224955,-0.0023548933701402,3.2155858559915500
2.000,2.000,-0.0009194462431378,-0.0000110296733924,2.8387637836905451
2.050,0.000,0.0025482228348033,-0.0021133674132332,3.2171883950242259
2.050,2.000,-0.0018593078637914,0.0004412313144051,2.8172970557601444
2.100,0.000,0.0024456999438861,-0.0018157853223719,3.2188463610271403
2.100,2.000,-0.0025146359270368,0.0007476968616552,2.7939539549134165
2.150,0.000,0.0022757949749933,-0.0014743799552258,3.2205562114569410
2.150,2.000,-0.0026811156516564,0.0008219385613544,2.7685194884690527
2.200,0.000,0.0020431436211700,-0.0011040762657009,3.2223089270116381
2.200,2.000,-0.0024193707711923,0.0007593966637355,2.7406945226285035
2.250,0.000,0.0017542294681772,-0.0007212734747326,3.2240881934330745
2.250,2.000,-0.0021888076051023,0.0008829965477484,2.7099278701660228
2.300,0.000,0.0014172543829956,-0.0003426844126578,3.2258690305566127
2.300,2.000,-0.0024175800246566,0.0014102744827617,2.6752653403935236
2.350,0.000,0.0010419134243263,0.0000156897584085,3.2276169018569774
2.350,2.000,-0.0025383283738573,0.0018259862761460,2.6355315951969471
2.400,0.000,0.0006390969496668,0.0003394018319520,3.2292872889796200
2.400,2.000,-0.0012777917792599,0.0012746000059907,2.5899432932400268
2.450,0.000,0.0002205482784274,0.0006161978188785,3.2308256837675784
2.450,2.000,0.0009986017407586,0.0004130075496845,2.5385859606648697
2.500,0.000,-0.0002014946387125,0.0008364550758885,3.2321679343395697
2.500,2.000,0.0021490901463843,0.0011575252460931,2.4820784370020199
2.550,0.000,-0.0006146498205123,0.0009934363036230,3.2332408783251978
2.550,2.000,0.0015501828102036,0.0035137505538417,2.4204230344283548
2.600,0.000,-0.0010067184539533,0.0010833848456241,3.2339632009261692
2.600,2.000,0.0005249978599871,0.0054235465541951,2.3519962501758860
2.650,0.000,-0.0013659825395339,0.0011054895276934,3.2342464639177404
2.650,2.000,-0.0000093224765978,0.0056270704930783,2.2739472687526070
2.700,0.000,-0.0016814759691882,0.0010617460014828,3.2339962609661934
2.700,2.000,0.0000359485821348,0.0044094433283855,2.1835754095428919
2.750,0.000,-0.0019432392202274,0.0009567377841486,3.2331134628874874
2.750,2.000,0.0006059117584993,0.0025304587629209,2.0791240469852439
2.800,0.000,-0.0021425720033322,0.0007973552665266,3.2314955229525912
2.800,2.000,0.0015311232031090,0.0005961019999735,1.9596498921611281
2.850,0.000,-0.0022722987074652,0.0005924658654821,3.2290378170636469
2.850,2.000,0.0023787920567664,-0.0010097474372382,1.8246550084463833
2.900,0.000,-0.0023270581812374,0.0003525438076404,3.2256349970394651
2.900,2.000,0.0026371391999482,-0.0021213454001384,1.6739448364222023
2.950,0.000,-0.0023036224851703,0.0000892640407434,3.2211823380129565
2.950,2.000,0.0020666284736077,-0.0028011475697816,1.5077370897979170
3.000,0.000,-0.0022012392367478,-0.0001849383950876,3.2155770637406684
3.000,2.000,0.0008984518609074,-0.0032765696126401,1.3268802093882570
3.050,0.000,-0.0020219797895680,-0.0004573444247331,3.2087196370649651
3.050,2.000,-0.0003087939784536,-0.0037509282088146,1.1330163118302958
3.100,0.000,-0.0017710617327090,-0.0007154643581788,3.2005150073248019
3.100,2.000,-0.0010752821190734,-0.0041817759237073,0.9285588262821113
3.150,0.000,-0.0014571003728587,-0.0009475900406059,3.1908738124578706
3.150,2.000,-0.0013192989828987,-0.0042565602542837,0.7164639195594150
3.200,0.000,-0.0010922316776631,-0.0011433842465581,3.1797135408736334
3.200,2.000,-0.0013056703270313,-0.0036536632531911,0.4999133713157887
3.250,0.000,-0.0006920408110923,-0.0012944998279214,3.1669596665003517
3.250,2.000,-0.0013353285968505,-0.0023378226849902,0.2820744046691401
3.300,0.000,-0.0002752285917031,-0.0013952110609439,3.1525467787490054
3.300,2.000,-0.0015100331195801,-0.0005867494761296,0.0659980480821434
3.350,0.000,0.0001370439307754,-0.0014430248334824,3.1364197357694490
3.350,2.000,-0.0017253145889307,0.0012312952433832,-0.1454316957772243
3.400,0.000,0.0005221718687519,-0.0014392197431946,3.1185348716798931
3.400,2.000,-0.0017942691485511,0.0028683238544305,-0.3496150430829236
3.450,0.000,0.0008574867755946,-0.0013892380439096,3.0988612829202369
3.450,2.000,-0.0015647080343726,0.0042297580419564,-0.5444318109599257
3.500,0.000,0.0011219511145621,-0.0013028318161446,3.0773822014170871
3.500,2.000,-0.0009809557964626,0.0052814300117396,-0.7284220908869636
3.550,0.000,0.0012980502526930,-0.0011938465321267,3.0540964289718056
3.550,2.000,-0.0001000297226144,0.0059665917094408,-0.9008541630549164
3.600,0.000,0.0013736908379706,-0.0010795212597464,3.0290197559753995
3.600,2.000,0.0009253118921237,0.0062035513122986,-1.0616505305207984
3.650,0.000,0.0013438456768426,-0.0009792069781724,3.0021862198189901
3.650,2.000,0.0018909048888400,0.0059417106751123,-1.2112106676041057
3.700,0.000,0.0012116425831506,-0.0009124660619404,2.9736489822075773
3.700,2.000,0.0026016660996497,0.0052171990503516,-1.3501952463616225
3.750,0.000,0.0009886040463143,-0.0008966274018110,2.9434805365923427
3.750,2.000,0.0029284376247718,0.0041665314344849,-1.4793268514113145
3.800,0.000,0.0006938317308785,-0.0009440332721808,2.9117719226081520
3.800,2.000,0.0028407307948617,0.0029906115805062,-1.5992390013715239
3.850,0.000,0.0003521088275127,-0.0010594060398011,2.8786306545358982
3.850,2.000,0.0024037843994635,0.0018870100895508,-1.7103852750488719
3.900,0.000,-0.0000088501669833,-0.0012379352749145,2.8441771923033570
3.900,2.000,0.0017432886350117,0.0009807277874943,-1.8130088660873807
3.950,0.000,-0.0003614968963396,-0.0014647577152704,2.8085400048514937
3.950,2.000,0.0009970299562445,0.0002854499433915,-1.9071676780233979
4.000,0.000,-0.0006811975346092,-0.0017163799222356,2.7718495711311784
4.000,2.000,0.0002816427304936,-0.0002812138299235,-1.9928059577813402
4.050,0.000,-0.0009479511502090,-0.0019642144479232,2.7342319655717500
4.050,2.000,-0.0003060866755608,-0.0008275103953180,-2.0698561895169818
4.100,0.000,-0.0011466939321053,-0.0021797966708663,2.6958028822862419
4.100,2.000,-0.0006643679749241,-0.0013961305794196,-2.1383444081287575
4.150,0.000,-0.0012663370156751,-0.0023405895391075,2.6566629663731880
4.150,2.000,-0.0006819193959302,-0.0019126242317783,-2.1984643332074731
4.200,0.000,-0.0012982509153238,-0.0024348465058287,2.6168950919891993
4.200,2.000,-0.0002918630815448,-0.0022210050082071,-2.2505909386152658
4.250,0.000,-0.0012352164169062,-0.0024640593172532,2.5765637955366505
4.250,2.000,0.0004402792547826,-0.0021899027613059,-2.2952277784659163
4.300,0.000,-0.0010716892364207,-0.0024421588767852,2.5357165702653677
4.300,2.000,0.0012810944627328,-0.0018079230724723,-2.3329153572821526
4.350,0.000,-0.0008055897997780,-0.0023916696137050,2.4943863311949896
4.350,2.000,0.0019086924292119,-0.0011928744172653,-2.3641478297256739
4.400,0.000,-0.0004410212817310,-0.0023380170940821,2.4525942055100325
4.400,2.000,0.0020649814914649,-0.0005172631249077,-2.3893358698976215
4.450,0.000,0.0000092446626024,-0.0023037202167475,2.4103519293857767
4.450,2.000,0.0016692614294943,0.0000808764718117,-2.4088218196788853
4.500,0.000,0.0005227013720993,-0.0023040592349291,2.3676634575593520
4.500,2.000,0.0008227031069383,0.0005403224052876,-2.4229240675984847
4.550,0.000,0.0010681388816863,-0.0023451257768698,2.3245257683435594
4.550,2.000,-0.0002727534762674,0.0008652306026926,-2.4319796054537886
4.600,0.000,0.0016086861809712,-0.0024242866015635,2.2809291328418251
4.600,2.000,-0.0014094739470281,0.0010907643458426,-2.4363652578501473
4.650,0.000,0.0021061142675934,-0.0025323986133389,2.2368572372629303
4.650,2.000,-0.0024320961268154,0.0012550854541272,-2.4364951669776058
4.700,0.000,0.0025253428318721,-0.0026568050100102,2.1922875062243357
4.700,2.000,-0.0032510908170335,0.0013872183080024,-2.4328031697756871
4.750,0.000,0.0028381834730018,-0.0027842167054839,2.1471918329335939
4.750,2.000,-0.0038301947967645,0.0015061383206883,-2.4257209891320395
4.800,0.000,0.0030257124305417,-0.0029028924489741,2.1015377543197853
4.800,2.000,-0.0041673602007813,0.0016237210436184,-2.4156599421274483
4.850,0.000,0.0030791048170579,-0.0030038958907600,2.0552899736161612
4.850,2.000,-0.0042795470407034,0.0017473282352606,-2.4029993637686680
4.900,0.000,0.0029991232410070,-0.0030814977883162,2.0084120572348643
4.900,2.000,-0.0041934058777466,0.0018810921061294,-2.3880816177868009
4.950,0.000,0.0027946598090941,-0.0031329529068532,1.9608681173612699
4.950,2.000,-0.0039402048901533,0.0020264313841016,-2.3712119818142168
5.000,0.000,0.0024807810857257,-0.0031579226347547,1.9126243205559033
5.000,2.000,-0.0035529506037271,0.0021824395858290,-2.3526614125285761
5.050,0.000,0.0020766651620930,-0.0031577761480324,1.8636501148221045
5.050,2.000,-0.0030644426568185,0.0023464280084855,-2.3326705707308353
5.100,0.000,0.0016037052431260,-0.0031349296357091,1.8139191247552282
5.100,2.000,-0.0025057741050846,0.0025146046709370,-2.3114540397556653
5.150,0.000,0.0010839320490370,-0.0030923080475696,1.7634097141987128
5.150,2.000,-0.0019051948467582,0.0026827534568389,-2.2892041582955427
5.200,0.000,0.0005388064468294,-0.0030329551669252,1.7121052521608149
5.200,2.000,-0.0012873675579950,0.0028467912366438,-2.2660942320052255
5.250,0.000,-0.0000116347559570,-0.0029597809456938,1.6599941392819917
5.250,2.000,-0.0006730187431461,0.0030031430155670,-2.2422810935628359
5.300,0.000,-0.0005493339243508,-0.0028754175747645,1.6070696605901078
5.300,2.000,-0.0000789317978773,0.0031489339899917,-2.2179070841355659
5.350,0.000,-0.0010585352875426,-0.0027821520328383,1.5533297287751335
5.350,2.000,0.0004818074705014,0.0032820333834444,-2.1931015678485859
5.400,0.000,-0.0015259387997830,-0.0026819069471622,1.4987765741959320
5.400,2.000,0.0009994107678115,0.0034009981376817,-2.1679820936804455
5.450,0.000,-0.0019407376849982,-0.0025762488478461,1.4434164263780072
5.450,2.000,0.0014669185428983,0.0035049623123161,-2.1426553051411990
5.500,0.000,-0.0022945786805059,-0.0024664103025167,1.3872592192780973
5.500,2.000,0.0018797267207462,0.0035935081904057,-2.1172176782158418
5.550,0.000,-0.0025814714549959,-0.0023533184432564,1.3303183407449251
5.550,2.000,0.0022351501139029,0.0036665432314659,-2.0917561481577240
5.600,0.000,-0.0027976637057543,-0.0022376265486310,1.2726104363901323
5.600,2.000,0.0025320439613019,0.0037241963436652,-2.0663486683702841
5.650,0.000,-0.0029414914477435,-0.0021197477393640,1.2141552699582427
5.650,2.000,0.0027704903976767,0.0037667387879998,-2.0410647306274798
5.700,0.000,-0.0030132097092953,-0.0019998908869031,1.1549756363239394
5.700,2.000,0.0029515471000135,0.0037945295654279,-2.0159658651846750
5.750,0.000,-0.0030148066556550,-0.0018780989829431,1.0950973192767957
5.750,2.000,0.0030770500377476,0.0038079819934881,-1.9911061314864802
5.800,0.000,-0.0029498034199925,-0.0017542898837637,1.0345490839726772
5.800,2.000,0.0031494600584551,0.0038075467755323,-1.9665326046450502
5.850,0.000,-0.0028230420525608,-0.0016282988332996,0.9733626929835799
5.850,2.000,0.0031717429138348,0.0037937066335578,-1.9422858591260999
5.900,0.000,-0.0026404645488562,-0.0014999216840174,0.9115729349149455
5.900,2.000,0.0031472734146092,0.0037669780410929,-1.9184004486947168
5.950,0.000,-0.0024088865695410,-0.0013689573854266,0.8492176552738666
5.950,2.000,0.0030797560661366,0.0037279164035756,-1.8949053802789066
6.000,0.000,-0.0021357700164271,-0.0012352481401556,0.7863377804086071
6.000,2.000,0.0029731563561307,0.0036771219509099,-1.8718245787220771
6.050,0.000,-0.0018289989720410,-0.0010987156364062,0.7229773267040656
6.050,2.000,0.0028316385819321,0.0036152444833944,-1.8491773391997899
6.100,0.000,-0.0014966636017937,-0.0009593919272241,0.6591833886672032
6.100,2.000,0.0026595075801244,0.0035429858685700,-1.8269787642077349
6.150,0.000,-0.0011468564570676,-0.0008174438032673,0.5950061009750387
6.150,2.000,0.0024611528997913,0.0034610997903413,-1.8052401823656552
6.200,0.000,-0.0007874852325071,-0.0006731898555915,0.5304985709254112
6.200,2.000,0.0022409948407419,0.0033703886998849,-1.7839695467369192
6.250,0.000,-0.0004261054618208,-0.0005271098097432,0.4657167789945499
6.250,2.000,0.0020034323856122,0.0032716982245858,-1.7631718108720853
6.300,0.000,-0.0000697759308571,-0.0003798460988664,0.4007194463507249
6.300,2.000,0.0017527934334223,0.0031659094787280,-1.7428492813019671
6.350,0.000,0.0002750612063875,-0.0002321980047926,0.3355678691967355
6.350,2.000,0.0014932879379121,0.0030539298128471,-1.7230019457011370
6.400,0.000,0.0006026744585985,-0.0000851090120438,0.2703257207196186
6.400,2.000,0.0012289646123984,0.0029366825615144,-1.7036277763969352
6.450,0.000,0.0009081108588772,0.0000603517231977,0.2050588222189588
6.450,2.000,0.0009636718244235,0.0028150963230676,-1.6847230093006365
6.500,0.000,0.0011872381389404,0.0002030126969749,0.1398348856729134
6.500,2.000,0.0007010232026279,0.0026900942470309,-1.6662823986804283
6.550,0.000,0.0014367624255468,0.0003416269615860,0.0747232305878043
6.550,2.000,0.0004443683414190,0.0025625837297937,-1.6482994484799998
6.600,0.000,0.0016542233042520,0.0004749013450016,0.0097944784673369
6.600,2.000,0.0001967688376467,0.0024334468368535,-1.6307666211128464
6.650,0.000,0.0018379686186029,0.0006015267321704,-0.0548797713673828
6.650,2.000,-0.0000390202570712,0.0023035316881871,-1.6136755248351529
6.700,0.000,0.0019871117728761,0.0007202082219081,-0.1192272805746308
6.700,2.000,-0.0002605636250575,0.0021736449670471,-1.5970170809243298
6.750,0.000,0.0021014745770406,0.0008296940864721,-0.1831755209656958
6.750,2.000,-0.0004657536915908,0.0020445456447407,-1.5807816719715535
6.800,0.000,0.0021815188150775,0.0009288026098616,-0.2466520297011518
6.800,2.000,-0.0006528137357272,0.0019169399561963,-1.5649592726410047
6.850,0.000,0.0022282697375641,0.0010164460541361,-0.3095847661335190
6.850,2.000,-0.0008202964645811,0.0017914776139097,-1.5495395642618874
6.900,0.000,0.0022432345874726,0.0010916511894164,-0.3719024659876433
6.900,2.000,-0.0009670784714731,0.0016687492107491,-1.5345120346069541
6.950,0.000,0.0022283190785203,0.0011535760125296,-0.4335349887230021
6.950,2.000,-0.0010923510372516,0.0015492847344142,-1.5198660641787223
7.000,0.000,0.0021857444749310,0.0012015224621042,-0.4944136541548442
7.000,2.000,-0.0011956077551206,0.0014335530969250,-1.5055910002761628
7.050,0.000,0.0021179675893585,0.0012349451068248,-0.5544715647145942
7.050,2.000,-0.0012766294648787,0.0013219625702337,-1.4916762200542808
7.100,0.000,0.0020276056406515,0.0012534559324300,-0.6136439100953464
7.100,2.000,-0.0013354669757419,0.0012148620126891,-1.4781111837208258
7.150,0.000,0.0019173675144051,0.0012568254778553,-0.6718682514437255
7.150,2.000,-0.0013724220394586,0.0011125427694578,-1.4648854789403583
7.200,0.000,0.0017899925641681,0.0012449806692551,-0.7290847827119706
7.200,2.000,-0.0013880270107498,0.0010152411321287,-1.4519888574395492
7.250,0.000,0.0016481976966495,0.0012179997718705,-0.7852365672615625
7.250,2.000,-0.0013830236011873,0.0009231412475922,-1.4394112647300028
7.300,0.000,0.0014946331123297,0.0011761049244761,-0.8402697482974496
7.300,2.000,-0.0013583410983596,0.0008363783731909,-1.4271428637883699
7.350,0.000,0.0013318467360314,0.0011196527414840,-0.8941337321976407
7.350,2.000,-0.0013150743852346,0.0007550423833265,-1.4151740534587693
7.400,0.000,0.0011622570772881,0.0010491234664077,-0.9467813442740369
7.400,2.000,-0.0012544620572505,0.0006791814417347,-1.4034954822709098
7.450,0.000,0.0009881340132075,0.0009651091407491,-0.9981689569454297
7.450,2.000,-0.0011778648967317,0.0006088057629507,-1.3920980582990106
7.500,0.000,0.0008115867905036,0.0008683012181858,-1.0482565907135442
7.500,2.000,-0.0010867449281472,0.0005438913959361,-1.3809729556227135
7.550,0.000,0.0006345583970582,0.0007594780089653,-1.0970079886994111
7.550,2.000,-0.0009826452421260,0.0004843839719233,-1.3701116178911703
7.600,0.000,0.0004588253573870,0.0006394922872729,-1.1443906658148482
7.600,2.000,-0.0008671707436265,0.0004302023673535,-1.3595057594363000
7.650,0.000,0.0002860019548753,0.0005092593383978,-1.1903759339079429
7.650,2.000,-0.0007419699486664,0.0003812422409869,-1.3491473643301428
7.700,0.000,0.0001175478742976,0.0003697456656556,-1.2349389044308090
7.700,2.000,-0.0006087179258229,0.0003373794118798,-1.3390286837347021
7.750,0.000,-0.0000452217163680,0.0002219585216345,-1.2780584703318025
7.750,2.000,-0.0004691004532951,0.0002984730519428,-1.3291422318502721
7.800,0.000,-0.0002011245699360,0.0000669363763901,-1.3197172689748615
7.800,2.000,-0.0003247994390434,0.0002643686730779,-1.3194807807299380
7.850,0.000,-0.0003490990959997,-0.0000942596119645,-1.3599016279388549
7.850,2.000,-0.0001774796312381,0.0002349008945765,-1.3100373541932786
7.900,0.000,-0.0004881921781608,-0.0002605531002392,-1.3986014955533248
7.900,2.000,-0.0000287766278862,0.0002098959814735,-1.3008052210413021
7.950,0.000,-0.0006175477131622,-0.0004308590478442,-1.4358103579902994
7.950,2.000,0.0001197138206032,0.0001891741489885,-1.2917778877469901
8.000,0.000,-0.0007363963975773,-0.0006040892290626,-1.4715251446597315
8.000,2.000,0.0002664452365037,0.0001725516319991,-1.2829490907709691
8.050,0.000,-0.0008440471701354,-0.0007791568322579,-1.5057461235558487
8.050,2.000,0.0004099285988668,0.0001598425218200,-1.2743127886299936
8.100,0.000,-0.0009398806030177,-0.0009549802249297,-1.5384767880795256
8.100,2.000,0.0005487393280504,0.0001508603753641,-1.2658631538264837
8.150,0.000,-0.0010233444254846,-0.0011304859745976,-1.5697237367242580
8.150,2.000,0.0006815231198390,0.0001454196041150,-1.2575945647302915
8.200,0.000,-0.0010939512614371,-0.0013046112218293,-1.5994965468670308
8.200,2.000,0.0008070006847826,0.0001433366522853,-1.2495015974887340
8.250,0.000,-0.0011512785709049,-0.0014763055038282,-1.6278076437558568
8.250,2.000,0.0009239714532997,0.0001444309750893,-1.2415790180278472
8.300,0.000,-0.0011949707048496,-0.0016445321256716,-1.6546721656386076
8.300,2.000,0.0010313163107282,0.0001485258292862,-1.2338217741962769
8.350,0.000,-0.0012247429148065,-0.0018082691721588,-1.6801078258376403
8.350,2.000,0.0011279994292271,0.0001554488890687,-1.2262249880931515
8.400,0.000,-0.0012403871029722,-0.0019665102468549,-1.7041347724452514
8.400,2.000,0.0012130692649502,0.0001650327009859,-1.2187839486127068
8.450,0.000,-0.0012417790558482,-0.0021182650170453,-1.7267754461995475
8.450,2.000,0.0012856587895438,0.0001771149920173,-1.2114941042307852
8.500,0.000,-0.0012288868729746,-0.0022625596342732,-1.7480544370011453
8.500,2.000,0.0013449850252053,0.0001915388450542,-1.2043510560520219
8.550,0.000,-0.0012017802834752,-0.0023984370905153,-1.7679983394493357
8.550,2.000,0.0013903479513872,0.0002081527560635,-1.1973505511308529
8.600,0.000,-0.0011606405340337,-0.0025249575602133,-1.7866356077131011
8.600,2.000,0.0014211288504751,0.0002268105869904,-1.1904884760748955
8.650,0.000,-0.0011057705322702,-0.0026411987685907,-1.8039964100071753
8.650,2.000,0.0014367881574639,0.0002473714281614,-1.1837608509351505
8.700,0.000,-0.0010376049391655,-0.0027462564173350,-1.8201124829154760
8.700,2.000,0.0014368628767068,0.0002696993834710,-1.1771638233841761
8.750,0.000,-0.0009567199196364,-0.0028392446899041,-1.8350169857927079
8.750,2.000,0.0014209636262872,0.0002936632910986,-1.1706936631805513
8.800,0.000,-0.0008638422827575,-0.0029192968506378,-1.8487443554772871
8.800,2.000,0.0013887713675699,0.0003191363918411,-1.1643467569155952
8.850,0.000,-0.0007598577697203,-0.0029855659446970,-1.8613301615634732
8.850,2.000,0.0013400338744560,0.0003459959564618,-1.1581196030364831
8.900,0.000,-0.0006458182776569,-0.0030372255995300,-1.8728109625043567
8.900,2.000,0.0012745619938437,0.0003741228826591,-1.1520088071382601
8.950,0.000,-0.0005229478400119,-0.0030734709233088,-1.8832241628483481
8.950,2.000,0.0011922257451542,0.0004034012714776,-1.1460110775161432
9.000,0.000,-0.0003926472177444,-0.0030935194914264,-1.8926078719465658
9.000,2.000,0.0010929503036229,0.0004337179921468,-1.1401232209684806
9.050,0.000,-0.0002564969898498,-0.0030966124087758,-1.9010007645047660
9.050,2.000,0.0009767119083903,0.0004649622434802,-1.1343421388401167
9.100,0.000,-0.0001162590651652,-0.0030820154330804,-1.9084419433885240
9.100,2.000,0.0008435337331723,0.0004970251191320,-1.1286648232953278
9.150,0.000,0.0000261234302800,-0.0030490201428976,-1.9149708051218219
9.150,2.000,0.0006934817537412,0.0005297991831544,-1.1230883538093144
9.200,0.000,0.0001685279054002,-0.0029969451330803,-1.9206269085451999
9.200,2.000,0.0005266606430564,0.0005631780614817,-1.1176098938669088
9.250,0.000,0.0003086556826602,-0.0029251372202842,-1.9254498471181414
9.250,2.000,0.0003432097218014,0.0005970560541563,-1.1122266878572664
9.300,0.000,0.0004440369644359,-0.0028329726414923,-1.9294791253606811
9.300,2.000,0.0001432989886105,0.0006313277723428,-1.1069360581532854
9.350,0.000,0.0005720373257606,-0.0027198582294321,-1.9327540399295491
9.350,2.000,-0.0000728747484408,0.0006658878034330,-1.1017354023647155
9.400,0.000,0.0006898656525453,-0.0025852325499424,-1.9353135658149565
9.400,2.000,-0.0003050916207740,0.0007006304068489,-1.0966221907541058
9.450,0.000,0.0007945834276892,-0.0024285669879387,-1.9371962481246296
9.450,2.000,-0.0005531123128388,0.0007354492424941,-1.0915939638051098
9.500,0.000,0.0008831152543128,-0.0022493667702868,-1.9384400998924571
9.500,2.000,-0.0008166815271861,0.0007702371331919,-1.0866483299328973
9.550,0.000,0.0009522604947099,-0.0020471719157217,-1.9390825063107631
9.550,2.000,-0.0010955312903876,0.0008048858618877,-1.0817829633269531
9.600,0.000,0.0009987058961532,-0.0018215581037809,-1.9391601357387087
9.600,2.000,-0.0013893840914788,0.0008392860038925,-1.0769956019168161
9.650,0.000,0.0010190390697623,-0.0015721374565318,-1.9387088577854765
9.650,2.000,-0.0016979558465486,0.0008733267939660,-1.0722840454518001
9.700,0.000,0.0010097626860342,-0.0012985592285568,-1.9377636687079158
9.700,2.000,-0.0020209586851898,0.0009068960276416,-1.0676461536862749
9.750,0.000,0.0009673092504414,-0.0010005104022569,-1.9363586242983877
9.750,2.000,-0.0023581035561763,0.0009398799958326,-1.0630798446623240
9.800,0.000,0.0008880563238611,-0.0006777161869373,-1.9345267803726092
9.800,2.000,-0.0027091026513495,0.0009721634514385,-1.0585830930823037
9.850,0.000,0.0007683420560882,-0.0003299404213568,-1.9323001408996472
9.850,2.000,-0.0030736716481018,0.0010036296064198,-1.0541539287641060
9.900,0.000,0.0006044809049639,0.0000430141195150,-1.9297096137493688
9.900,2.000,-0.0034515317721932,0.0010341601575772,-1.0497904351724592
9.950,0.000,0.0003927794196638,0.0004413055119604,-1.9267849739671123
9.950,2.000,-0.0038424116835670,0.0010636353391031,-1.0454907480200253
10.000,0.000,0.0001295519731700,0.0008650525629634,-1.9235548344231810
10.000,2.000,-0.0042460491889837,0.0010919339998315,-1.0412530539324896
6.916,0.648,0.0144749217692620,0.0067208264374281,-0.5990103637691310
6.892,0.652,0.0076226886394772,0.0062246488769209,-0.6112112849855822
6.868,0.654,0.0050523535103023,0.0058282696696701,-0.5967405823763424
6.844,0.654,0.0030074611292021,0.0056129445006624,-0.5501290057362342
6.820,0.655,0.0008142580311402,0.0053301294426410,-0.5187374627191903
6.796,0.657,-0.0010265678391788,0.0049663780707243,-0.5025325839566670
6.772,0.659,-0.0021897716787384,0.0046018536757834,-0.4866014400791047
6.748,0.661,-0.0027780974056818,0.0042384551004715,-0.4709172075097544
6.724,0.663,-0.0028919182774015,0.0038782730203257,-0.4554506194688554
6.700,0.664,-0.0043762429339796,0.0036557018779368,-0.4209134389537569
6.677,0.665,-0.0057474375831003,0.0034531504583198,-0.3880461664333658
6.655,0.667,-0.0049730638393093,0.0031221776216126,-0.3760240586380831
6.632,0.669,-0.0040744372760289,0.0027949379520982,-0.3619846912785270
6.608,0.672,-0.0009929513978852,0.0023376852406700,-0.3675522930793709
6.583,0.674,-0.0001249420314241,0.0020332720008001,-0.3495444000357443
6.557,0.674,-0.0037712444614477,0.0020189862799682,-0.2831169184907316
6.532,0.675,-0.0052681997599225,0.0018944345461685,-0.2412775387122019
6.508,0.677,-0.0040407474075143,0.0016191716624643,-0.2230804971508903
6.484,0.680,-0.0004739080779255,0.0012107222008459,-0.2282635284538531
6.460,0.683,0.0022908248887715,0.0008645996610363,-0.2358964465033166
6.436,0.684,0.0014492421953246,0.0007565907834307,-0.1927753541568292
6.412,0.684,-0.0017398120187491,0.0008110655200810,-0.1246211698326980
6.387,0.685,-0.0032635488393182,0.0007673573016647,-0.0781511015509645
6.361,0.687,-0.0024459641755843,0.0005801630658175,-0.0518514903741378
6.336,0.689,-0.0015513996716152,0.0004039101526415,-0.0279878815873908
6.312,0.692,0.0012589254194098,0.0001133574689897,-0.0323493203469784
6.288,0.695,0.0027967562772941,-0.0000903223136054,-0.0387463305761318
6.265,0.696,0.0022181237734369,-0.0001321913097929,0.0068099612307844
6.243,0.696,0.0000298144611545,-0.0000498747408918,0.0758798970163385
6.220,0.697,-0.0011209222843133,-0.0000354221940462,0.1214249855346465
6.196,0.700,0.0010891791288606,-0.0002511716167977,0.1189927190844476
6.171,0.703,0.0019611843859179,-0.0003750733292567,0.1181504268003771
6.145,0.705,0.0017778687235772,-0.0004128603592029,0.1486971112323366
6.120,0.706,0.0012836475045711,-0.0004104461933218,0.2048646477727551
6.096,0.706,-0.0007704478801252,-0.0002851314314821,0.2838616715309759
6.072,0.708,-0.0004230246622638,-0.0003331734906059,0.3102496946367065
6.048,0.711,0.0006939528697056,-0.0004367276547812,0.3101866464666198
6.024,0.713,0.0006401762371109,-0.0004453958064905,0.3371685971441951
6.000,0.715,0.0005226822748707,-0.0004437227437703,0.3646287699473634
5.976,0.716,0.0001361527205759,-0.0004110177278922,0.4201922719411417
5.952,0.717,-0.0005649992758435,-0.0003518433732546,0.4752951235181728
5.928,0.719,-0.0004384468384944,-0.0003534443547758,0.5045251724771849
5.904,0.721,-0.0003470542821358,-0.0003485128993039,0.5341863231034120
5.880,0.724,-0.0000585442160335,-0.0003569446846623,0.5374489178940821
5.857,0.727,-0.0007794209069817,-0.0002845027796421,0.5359949956154014
5.835,0.728,-0.0002869873002891,-0.0002999026957647,0.5880000488271695
5.812,0.728,-0.0004145150048129,-0.0002675311194405,0.6689851077235890
5.788,0.729,-0.0010921757212873,-0.0001911245494118,0.7252239591243632
5.764,0.732,-0.0001720861127237,-0.0002327760525422,0.7326357942150554
5.739,0.735,0.0001187904075882,-0.0002207794827002,0.7427937519134762
5.713,0.737,0.0002755055780115,-0.0001998180506134,0.7827212430195563
5.688,0.738,0.0001730160198033,-0.0001652162239373,0.8443860002644407
5.664,0.738,-0.0015009414344502,-0.0000109467554328,0.9231625168486675
5.640,0.740,-0.0012710911837587,0.0000024673907151,0.9562190631338252
5.616,0.743,0.0000502519483858,-0.0000661342622571,0.9678466014352211
5.592,0.745,0.0002656623674017,-0.0000518896045211,1.0015106552456234
5.568,0.748,0.0013088616336299,-0.0000974091107965,1.0130327699545847
5.544,0.750,0.0015659413671049,-0.0000877367198536,1.0473110527183773
5.520,0.750,-0.0002591838818773,0.0000776134977694,1.1235647856804001
5.496,0.751,-0.0013813883169277,0.0001949233788688,1.1759466243338808
5.472,0.753,-0.0012316333943470,0.0002127531023792,1.2092463848037387
5.449,0.756,0.0002756785188224,0.0001206730848965,1.2216676948377299
5.427,0.759,0.0018330828670869,0.0000216669634471,1.2304881349900649
5.404,0.760,0.0007690886752024,0.0001318064546439,1.2802179954916582
5.380,0.761,-0.0004496036474813,0.0002578082266509,1.3307990824228713
5.357,0.763,-0.0003161286425161,0.0002722079068510,1.3610550006658377
5.335,0.765,-0.0001091865440839,0.0002786390524451,1.3885320138620521
5.312,0.768,0.0012440128319146,0.0001877700952847,1.4026369885800394
5.287,0.770,0.0010527071419193,0.0002282996702746,1.4383848254691012
5.261,0.770,-0.0012734785846841,0.0004530859095502,1.5046109767293643
5.236,0.772,-0.0012934509000438,0.0004798181152959,1.5382826616371179
5.212,0.775,-0.0006521158959521,0.0004490169745494,1.5566965639827142
5.188,0.777,-0.0007350569152392,0.0004791320780201,1.5877976288287192
5.164,0.779,-0.0008166864947038,0.0005088294463074,1.6185334377588330
5.140,0.780,-0.0010576189193017,0.0005508978508816,1.6599331472672205
5.116,0.781,-0.0004465233148585,0.0005114704976428,1.6991821819537372
5.092,0.783,-0.0000869963829300,0.0005000569617755,1.7277658866205416
5.068,0.785,0.0003293389053053,0.0004829138078976,1.7559244176579119
5.044,0.788,-0.0003331291012518,0.0005712467187722,1.7751947122553158
5.021,0.792,-0.0011355850177359,0.0006653282426301,1.7828674047256465
4.999,0.794,-0.0012425669271478,0.0006947893165752,1.8071979994893039
4.976,0.794,0.0002640419724226,0.0005778251721332,1.8499295304085548
4.952,0.796,0.0007141043396503,0.0005576317490052,1.8764370052096659
4.928,0.799,-0.0003395552758298,0.0006809446322308,1.8952601113402192
4.904,0.801,0.0000311790052996,0.0006698357551569,1.9212019049938291
4.880,0.804,-0.0010475317597927,0.0007949618205490,1.9397200014749794
4.856,0.806,-0.0007495303739673,0.0007932461585552,1.9650595835733911
4.832,0.806,0.0044319938113948,0.0003224605630646,2.0016091729577243
4.808,0.808,0.0055108064417413,0.0002449809150253,2.0251653854111575
4.784,0.812,0.0008176417358881,0.0007299463576699,2.0379459886335525
4.759,0.815,-0.0005907636250460,0.0008967690866531,2.0572146377656186
4.733,0.817,0.0005303469560653,0.0008264225994902,2.0830325976040815
4.708,0.820,-0.0009761670195514,0.0010075488965458,2.1018527860338869
4.684,0.822,-0.0002529476082988,0.0009768131644614,2.1240769439603868
4.660,0.822,0.0076125710417542,0.0002461658192539,2.1539917821191450
4.636,0.824,0.0092185584456345,0.0001269326746892,2.1746063938628666
4.613,0.828,0.0025200914437625,0.0008321839633125,2.1865303779265775
4.591,0.832,-0.0030773598158996,0.0014203862861909,2.1965530181836983
4.569,0.834,-0.0027734920824373,0.0014382339719743,2.2146706699204155
4.547,0.834,0.0045688897343847,0.0007611209012940,2.2395579226348761
4.524,0.836,0.0058389646405013,0.0006828935025461,2.2576465909732488
4.500,0.840,-0.0003409275362296,0.0013569216713297,2.2702657503914034
4.476,0.843,-0.0023979078719959,0.0016207252459741,2.2858553796704149
4.452,0.845,-0.0010042337661112,0.0015417016319766,2.3044429258837926
4.428,0.847,0.0006265323096842,0.0014372212634002,2.3225815190703258
4.404,0.849,0.0025027237252395,0.0013053568268245,2.3402880341368411
4.380,0.852,0.0003628767008671,0.0015877195654556,2.3551194942781115
4.356,0.855,-0.0016322100202284,0.0018579645017545,2.3697747436638279
4.332,0.857,0.0004259033803832,0.0017049882542806,2.3867021699147126
4.309,0.859,0.0023108521922042,0.0015624139825673,2.4023790752689047
4.287,0.861,0.0039344335902374,0.0014401447797884,2.4169094625676233
4.264,0.864,0.0016114121302932,0.0017439294176232,2.4300838028746896
4.240,0.868,-0.0040978531318070,0.0024228744973761,2.4418797256583140
4.217,0.871,-0.0058509970641468,0.0026718331169428,2.4548071683309418
4.195,0.873,-0.0041936499814303,0.0025387745150978,2.4688918839276459
4.172,0.875,-0.0018090201514909,0.0023168641838834,2.4835444552329333
4.148,0.877,0.0014510538285153,0.0019838503740158,2.4987034545447155
4.124,0.880,0.0004778444784098,0.0021293267037120,2.5120225004702554
4.100,0.884,-0.0044507781586831,0.0027408577655500,2.5236053212722678
4.076,0.888,-0.0085276078834158,0.0032619105319339,2.5350500565954812
4.053,0.891,-0.0091875065615543,0.0033735422027725,2.5475016278299742
4.031,0.892,-0.0029755160036609,0.0026261463707191,2.5625454745862104
4.008,0.893,0.0054876051702923,0.0015665572029438,2.5777366781526148
3.984,0.896,0.0057234506483265,0.0015183258276349,2.5908244638825311
3.960,0.900,0.0014849886627102,0.0020444887818142,2.6026950908371709
3.936,0.904,-0.0020833684708115,0.0024948946293215,2.6145845117602184
3.912,0.907,-0.0011488584888406,0.0023449515299273,2.6279301997473392
3.888,0.909,0.0045143724475489,0.0015304374607379,2.6426233620812862
3.864,0.912,0.0061315605595813,0.0012489207762491,2.6561731463859624
3.840,0.916,0.0033667884066658,0.0015798583062003,2.6687550686257850
3.817,0.920,0.0005254853430921,0.0019354974348792,2.6807859717595970
3.795,0.924,-0.0022879767009651,0.0023029175830658,2.6922395531838208
3.772,0.927,-0.0004925183021576,0.0019761580043016,2.7060753097106467
3.749,0.929,0.0059419586537452,0.0009157675909613,2.7214587963959977
3.727,0.932,0.0079982339218533,0.0005117871245220,2.7351512254652910
3.704,0.937,0.0022248954824951,0.0013533598108778,2.7476122670897603
3.680,0.943,-0.0043482393098812,0.0023766922710763,2.7595708005047657
3.656,0.948,-0.0060109211476349,0.0026229629889441,2.7732670518983209
3.632,0.951,-0.0035811846715309,0.0021504377756458,2.7912423756289955
3.608,0.953,0.0032535833856506,0.0008887263300209,2.8115829404814892
3.584,0.957,0.0044238838749201,0.0006150283987190,2.8296122806654322
3.560,0.963,-0.0008325898855681,0.0015382162928537,2.8452004362963090
3.536,0.968,-0.0018671324124660,0.0017184199438634,2.8634436872314137
3.512,0.973,-0.0024096283334980,0.0018302067673045,2.8829020382220949
3.488,0.978,-0.0026000962085958,0.0018988363422973,2.9038207747620408
3.464,0.981,0.0016438199154800,0.0010751168530186,2.9315865968610946
3.440,0.985,0.0053702800112352,0.0003488708108974,2.9592160476755573
3.416,0.991,0.0023426365676118,0.0010929163092283,2.9844689047529180
3.393,0.997,-0.0002023488493713,0.0018007564793152,3.0102326647234627
3.371,1.004,-0.0023567310778033,0.0024798119680671,3.0327134336692287
3.348,1.010,-0.0018546433215541,0.0025918798423179,3.0637720537413315
3.325,1.014,-0.0021132988056498,0.0029195945560964,3.1078698950088874
3.303,1.020,-0.0028190511667326,0.0033455336520573,3.1459952635294823
3.280,1.028,-0.0008140863629425,0.0029737881238422,3.1827353219658763
3.256,1.036,0.0056194692683354,0.0011641691176865,3.2289171399626366
3.232,1.044,0.0137821102998849,-0.0016294452564636,3.2835993619808970
3.208,1.051,0.0079946973727294,-0.0006189718911421,3.3579004950749609
3.184,1.058,-0.0036771429958112,0.0023231712095076,3.4481133754389126
3.160,1.067,-0.0053478922435397,0.0015649641673035,3.5395397009551992
3.136,1.077,-0.0060168263977484,0.0002984640531293,3.6415157699306673
3.112,1.088,-0.0087447787586749,0.0007931133770425,3.7559099378665279
3.089,1.101,0.0055479059353907,-0.0056159846734139,3.8560809835060703
3.066,1.116,0.0182979292390130,-0.0093417947321848,3.9457842339707017
3.042,1.134,-0.0028269066429490,0.0185578599584947,4.0171045172821449
3.020,1.161,-0.0024993153591820,0.0217199147250494,3.8050587691589843
3.009,1.201,-0.0061289388993419,-0.0331827761903523,2.7304978662037329
3.019,1.241,0.0121496301436808,0.0313948523524042,1.1144028163361173
3.043,1.267,0.0011159608704465,0.0117570229212858,0.0300365771052321
3.068,1.283,-0.0216352218969348,-0.0229581713003049,-0.5237036021523448
3.093,1.296,-0.0042337696407502,-0.0096480228864959,-0.8459096406988877
3.119,1.307,0.0183523838450573,0.0091446082037530,-1.0462874999124587
3.145,1.315,-0.0005706855611093,0.0073109114527086,-1.1692437996346212
3.170,1.321,-0.0376251874764111,-0.0037672284266381,-1.2495773812655324
3.193,1.328,-0.0034953306112880,0.0019352413937834,-1.3100971375664616
3.216,1.335,0.0457912105668380,0.0090845860248648,-1.3611081505053175
3.241,1.340,0.0335623934108369,0.0021249296925722,-1.4081256950732195
3.267,1.344,-0.0005680296294860,-0.0071431794373013,-1.4541029403748862
3.292,1.348,-0.0152806450839876,-0.0104336486651359,-1.4983856254396946
3.317,1.352,-0.0178727891785928,-0.0103103067359115,-1.5431102840525273
3.343,1.356,-0.0133511252028830,-0.0083332706485278,-1.5901191067473164
3.368,1.360,0.0061203602620845,-0.0042408791854854,-1.6358215197883248
3.392,1.363,0.0096322848043574,-0.0023746362440749,-1.6796919418222431
3.415,1.365,-0.0039319139451941,-0.0023841182128077,-1.7216944432984389
3.438,1.367,-0.0098699395928412,-0.0014856464168438,-1.7637239932926276
3.463,1.368,-0.0412571902220706,-0.0025065571156426,-1.8091498416872547
3.488,1.370,-0.0366425392952446,-0.0006173437331259,-1.8543341172527616
3.512,1.374,0.0314542581735376,0.0046315907757470,-1.8971187495126582
3.536,1.376,0.0499582979396942,0.0059585269878395,-1.9392429730219565
3.560,1.376,0.0201727271714454,0.0047773681989276,-1.9808650271607382
3.585,1.376,-0.0046019686519488,0.0041314668253654,-2.0234510091062137
3.611,1.376,-0.0240446432282123,0.0038938636387584,-2.0667844878752302
3.636,1.377,-0.0109440331636428,0.0043462269463324,-2.1072136572352842
3.660,1.379,0.0327420643944171,0.0047969649873318,-2.1446903430263871
3.684,1.380,0.0542276004908505,0.0045266453452057,-2.1812551602559531
3.708,1.379,0.0290226820234865,0.0040856758139608,-2.2172081084929798
3.732,1.377,-0.0167089926098392,0.0041758505969780,-2.2522854617273413
3.757,1.376,-0.0325929217146563,0.0043287389827947,-2.2872118207534973
3.784,1.376,-0.0186278824646291,0.0039415218969601,-2.3230277024265953
3.811,1.376,-0.0007079592785056,0.0032448845770967,-2.3571445623168845
3.835,1.376,0.0182716864498986,0.0023323161310388,-2.3860115145356779
3.857,1.375,0.0147058774173157,0.0021841317912906,-2.4115897107377635
3.880,1.373,-0.0081278423677236,0.0029775837468936,-2.4373968320126256
3.904,1.371,-0.0264223727910715,0.0037988030438744,-2.4629065795936653
3.928,1.369,-0.0412968965454733,0.0046417660358807,-2.4869831826004383
3.952,1.368,-0.0308991572808033,0.0040459310127081,-2.5092792910091490
3.976,1.368,0.0035170014797200,0.0017254659090329,-2.5297974634614451
4.000,1.367,0.0181136723843099,0.0005379621029323,-2.5492219170565740
4.024,1.365,0.0137894089416294,0.0006880575422203,-2.5675524626721171
4.048,1.363,0.0120099116870540,0.0006878590028938,-2.5844590517684476
4.073,1.360,-0.0058315406219637,0.0021198867182258,-2.6008621103234684
4.099,1.356,-0.0385321803135931,0.0051479687586968,-2.6165745086848302
4.124,1.354,-0.0304998917018233,0.0044939096725583,-2.6295854303559292
4.148,1.354,0.0156410304740623,-0.0001193329148853,-2.6401426098567162
4.172,1.352,0.0246595090701641,-0.0011680764417695,-2.6499831935934188
4.196,1.348,-0.0014164238016827,0.0015728059095359,-2.6590882981898938
4.220,1.344,-0.0245828962063046,0.0042354473974596,-2.6668970183811087
4.244,1.341,-0.0274378491881768,0.0046659280618836,-2.6731882980603690
4.268,1.340,0.0059650863541564,0.0006299239541475,-2.6777789538485481
4.292,1.339,0.0397061535237954,-0.0036615564984148,-2.6812285642737872
4.316,1.336,0.0405593402587656,-0.0039404958313740,-2.6840371166851473
4.341,1.332,0.0288621571880763,-0.0025559163931770,-2.6859847951400968
4.367,1.328,0.0214513741607908,-0.0016639446025304,-2.6867359093250629
4.392,1.324,0.0138369992308999,-0.0006744191118140,-2.6863434019857473
4.416,1.320,0.0058334144066057,0.0004375157847478,-2.6849784662231131
4.440,1.317,0.0141510693346610,-0.0008422420258443,-2.6824751512180951
4.463,1.314,0.0211363101661284,-0.0019685926346531,-2.6792491722493796
4.485,1.309,-0.0013395555398065,0.0014796184342509,-2.6757579739681261
4.508,1.304,-0.0195724971435933,0.0044227376756375,-2.6712839954440719
4.532,1.300,-0.0204009368340470,0.0046186309914804,-2.6656285090104133
4.556,1.296,-0.0201197667527800,0.0046309750636758,-2.6591988889126368
4.580,1.293,-0.0061860996404493,0.0022915658331905,-2.6519108243367202
4.605,1.290,0.0102195991419455,-0.0005543464228753,-2.6435773002384932
4.631,1.285,0.0048283463425574,0.0003524890267175,-2.6343685187003243
4.655,1.280,-0.0034690734893872,0.0018234851498995,-2.6252431959202402
4.677,1.276,-0.0032997259086267,0.0017875868117962,-2.6162932326318731
4.700,1.271,-0.0114979536665483,0.0033135233376197,-2.6064965704627636
4.724,1.265,-0.0272526061187120,0.0063395573912352,-2.5957957217815015
4.748,1.261,-0.0204867064363136,0.0050750845709039,-2.5844433267612197
4.772,1.259,0.0071627778597944,-0.0003076135537058,-2.5725102379752665
4.796,1.255,0.0141084252495277,-0.0017269663538171,-2.5602755051201642
4.820,1.249,0.0017706409724292,0.0006541231733471,-2.5477324685694844
4.844,1.243,-0.0092566854168824,0.0028438155070981,-2.5347873519353961
4.868,1.237,-0.0190665527991673,0.0048451757556585,-2.5214695535631364
4.892,1.233,-0.0100265554907072,0.0029352894465806,-2.5077606270717268
4.916,1.230,0.0077958574225831,-0.0008583227049214,-2.4937377963444187
4.940,1.225,0.0082017316169082,-0.0010379928421385,-2.4794889207527744
4.964,1.219,0.0007798445699598,0.0004499714108653,-2.4649960779390243
4.988,1.213,-0.0057759574334348,0.0017831922612756,-2.4502616048979071
5.012,1.208,-0.0038006003051053,0.0012644710353736,-2.4353120190787876
5.035,1.204,0.0043493360711688,-0.0006286200621646,-2.4208165833171384
5.056,1.200,0.0091578617565269,-0.0017978169172503,-2.4074515060765216
5.077,1.195,0.0067608460298565,-0.0013767370961968,-2.3939641576742345
5.100,1.189,0.0008886604713602,-0.0001743684372282,-2.3790640427168581
5.124,1.183,-0.0027994530576068,0.0005473977353475,-2.3634025457529630
5.148,1.177,-0.0059669804562039,0.0011627308648623,-2.3476400927132204
5.172,1.172,-0.0022819390897964,0.0001920547507124,-2.3318261686094042
5.196,1.168,0.0077296050716006,-0.0022638690459633,-2.3159866740972150
5.220,1.163,0.0113874996225362,-0.0032540387469912,-2.3000735092399154
5.244,1.156,0.0032402882228719,-0.0014699058310824,-2.2840538867920586
5.268,1.149,-0.0041398357887180,0.0001759986434944,-2.2680067729425772
5.292,1.143,-0.0053343143035451,0.0003634634094453,-2.2519951333041237
5.316,1.137,-0.0062368089760605,0.0004913046887088,-2.2359918088388522
5.339,1.132,-0.0029735715933776,-0.0003878064543553,-2.2207142124775499
5.362,1.128,0.0053792400537093,-0.0025123615861085,-2.2055227607521490
5.387,1.123,0.0109748994297101,-0.0039685750448033,-2.1890263294014707
5.412,1.116,0.0068143030796566,-0.0030209610239680,-2.1724811364366623
5.436,1.109,0.0019710046175545,-0.0018673713637244,-2.1566440994896938
5.459,1.103,0.0009537938846110,-0.0016420491711228,-2.1415765919137075
5.481,1.097,-0.0009440831912110,-0.0011743946277534,-2.1272187922739545
5.504,1.092,0.0026889384714131,-0.0020978157719226,-2.1123705925112430
5.528,1.087,0.0073305090978864,-0.0032684667072642,-2.0969892419898395
5.552,1.080,0.0038766101620614,-0.0023549763926392,-2.0815857032560299
5.576,1.073,0.0008114415339453,-0.0015082989461608,-2.0662931876867727
5.599,1.067,0.0008273775929647,-0.0014408146988218,-2.0517968228644250
5.621,1.060,-0.0035302081003522,-0.0002037135505275,-2.0379516509610642
5.644,1.053,-0.0065429793712264,0.0007166738841398,-2.0236148873600235
5.668,1.048,-0.0017074539543904,-0.0004402795237207,-2.0089497420898406
5.692,1.043,0.0030084162471894,-0.0015536505987351,-1.9944255619901035
5.716,1.036,0.0012704619757403,-0.0009200819467436,-1.9799067064300040
5.740,1.028,-0.0032107304768847,0.0004901713634738,-1.9654657110515850
5.764,1.021,-0.0043335169911906,0.0010123563365963,-1.9512483028121235
5.788,1.016,0.0003261648629489,-0.0000514719431663,-1.9373298994880190
5.811,1.011,0.0040958348779611,-0.0008704227138688,-1.9241253595817518
5.833,1.004,0.0017004221926393,0.0000188661735895,-1.9114780496386876
5.855,0.996,-0.0029246805447590,0.0015628363515769,-1.8988985072706619
5.877,0.989,-0.0046676880438080,0.0023181615886033,-1.8865300665544291
5.900,0.983,-0.0032055411060574,0.0021758598516310,-1.8738441250294651
5.924,0.977,-0.0010831094682332,0.0018581490713555,-1.8607909905539628
5.948,0.971,0.0010097645708056,0.0015498880390779,-1.8479086983810613
5.972,0.964,0.0009762954260006,0.0018602677568900,-1.8351313766717836
5.995,0.956,-0.0015002499422595,0.0028840566391102,-1.8229654863865372
6.017,0.949,-0.0023232195161400,0.0034171585688265,-1.8115256490322122
6.040,0.943,-0.0006385567184677,0.0032098832379443,-1.7998112033928495
6.064,0.937,0.0015492531939106,0.0028555481698918,-1.7877764171098576
6.088,0.931,0.0036761782978522,0.0025086074574404,-1.7759177979930580
6.112,0.924,0.0041184287578991,0.0026587836387955,-1.7641782303221984
6.136,0.916,0.0031042132709213,0.0032443728761013,-1.7525656237296117
6.160,0.908,0.0023133596625963,0.0037547024628110,-1.7411416930845443
6.184,0.900,0.0017229977759197,0.0041902076047009,-1.7299081787664499
6.207,0.893,0.0021389782600460,0.0042754422755074,-1.7193520522549834
6.229,0.887,0.0033840294097431,0.0040582945558519,-1.7094438392832023
6.252,0.880,0.0037873300155892,0.0040826691928422,-1.6992196904845771
6.275,0.872,0.0031165316672001,0.0044076370873896,-1.6891294216283110
6.297,0.864,0.0022072420628604,0.0047537192112037,-1.6796246328430156
6.320,0.856,0.0016472524952936,0.0049199762746570,-1.6698531859711554
6.344,0.849,0.0021630341558283,0.0046562200454270,-1.6598513150532437
6.367,0.843,0.0030519533847836,0.0042042104746270,-1.6504227324324254
6.389,0.836,0.0026168812699307,0.0040794983898370,-1.6414445051166409
6.411,0.828,0.0012042061121640,0.0041381080583568,-1.6324286997128812
6.433,0.820,-0.0003186725811604,0.0041220818951043,-1.6233170266511685
6.456,0.813,-0.0010512200097344,0.0037914423662112,-1.6138019234070764
6.480,0.807,-0.0010899161213477,0.0032125794800498,-1.6039760969165993
6.504,0.800,-0.0018773108290195,0.0027892241455969,-1.5936482994957566
6.527,0.792,-0.0031689067973193,0.0025146987041160,-1.5826031038575250
6.549,0.784,-0.0039333653424740,0.0022023661690991,-1.5705892750681236
6.572,0.776,-0.0037153009497539,0.0017482678399421,-1.5564315289130177
6.596,0.769,-0.0025738138556355,0.0011434104805095,-1.5411588899556514
6.620,0.763,-0.0010761391188315,0.0005096961736470,-1.5257770129903936
6.644,0.756,0.0007797951443660,-0.0000505392339042,-1.5063096637886517
6.667,0.748,0.0025884785757274,-0.0004785780367980,-1.4806183740647989
6.688,0.739,0.0029647133929229,-0.0006511871802059,-1.4455152146446999
6.709,0.729,0.0001485117738848,-0.0004347489704245,-1.3985389907935195
6.732,0.721,-0.0027694011623552,-0.0000817989276402,-1.3603587435139501
6.756,0.715,-0.0034920924528810,0.0002241871124312,-1.3368937557021183
6.780,0.708,-0.0033450908213022,0.0007810531783582,-1.3155561046900892
6.804,0.700,-0.0021312968567532,0.0016307930829252,-1.2991489206227897
6.827,0.691,-0.0002131775361373,0.0028075079384497,-1.2705139648549957
6.849,0.681,0.0001571802424770,0.0042642019055873,-1.1710634083550608
6.872,0.673,0.0026139973907054,0.0051262959025578,-1.0394536872105633
6.896,0.667,0.0068301520445760,0.0055491087591246,-0.9397215041761090
6.920,0.660,0.0099781391847009,0.0060097082633481,-0.8215319681074950
0.000,0.000,0.0051679061908374,-0.0020680836926523,3.2613795644549248
0.000,0.050,0.1923580504964269,0.0001429682888167,3.2687891264456312
0.000,0.100,0.3775004709960901,0.0008282394377285,3.2705448889552571
0.000,0.150,0.5533052968914939,0.0009222648405530,3.2712371883421545
0.000,0.200,0.7186023895718554,0.0006020756966251,3.2716527406984675
0.000,0.250,0.8735920199493756,-0.0000088352950723,3.2716964538851685
0.000,0.300,1.0185980999820388,-0.0007308919057767,3.2711550555186117
0.000,0.350,1.1537787705625360,-0.0013697460378793,3.2699023641791665
0.000,0.400,1.2791103617393971,-0.0017788076471957,3.2679537788163486
0.000,0.450,1.3944598397690595,-0.0018985785640865,3.2654449615154659
0.000,0.500,1.4996753595766836,-0.0017620300230226,3.2625543037341784
0.000,0.550,1.5946528761178365,-0.0014722707713926,3.2594117547629535
0.000,0.600,1.6793630254980947,-0.0011631807474026,3.2560449256982005
0.000,0.650,1.7538510697085288,-0.0009537038882952,3.2523859061840912
0.000,0.700,1.8182284158142203,-0.0009087836411448,3.2483245515597345
0.000,0.750,1.8726549356609365,-0.0010209636029662,3.2437736867005431
0.000,0.800,1.9172984674493128,-0.0012199994576438,3.2387150619826173
0.000,0.850,1.9522732124488713,-0.0014051070099306,3.2332119954145773
0.000,0.900,1.9775854769934191,-0.0014844447637757,3.2273922564609268
0.000,0.950,1.9931219273502294,-0.0014054431287014,3.2214148204645303
0.000,1.000,1.9986931048391985,-0.0011665144995942,3.2154353952082420
0.000,1.050,1.9941119544141808,-0.0008098923569923,3.2095811934757488
0.000,1.100,1.9792680133849658,-0.0004020236314561,3.2039393025308711
0.000,1.150,1.9541630921500899,-0.0000103725215744,3.1985579197074023
0.000,1.200,1.9188968114199487,0.0003155942557332,3.1934567050953135
0.000,1.250,1.8736148746577279,0.0005544639732732,3.1886414024574186
0.000,1.300,1.8184466704265221,0.0007126079742604,3.1841181054217254
0.000,1.350,1.7534577690322299,0.0008150964052484,3.1799035344041320
0.000,1.400,1.6786315871039772,0.0008912821255146,3.1760290697686582
0.000,1.450,1.5938809940434051,0.0009595759019936,3.1725378349193933
0.000,1.500,1.4990812836995735,0.0010160722152233,3.1694756619869575
0.000,1.550,1.3941128247035413,0.0010309009570717,3.1668781231407874
0.000,1.600,1.2789031935164523,0.0009544939323775,3.1647568212788095
0.000,1.650,1.1534614192171344,0.0007335831548507,3.1630887497243645
0.000,1.700,1.0178982149135098,0.0003341386350031,3.1618128411147022
0.000,1.750,0.8724243154134346,-0.0002338077910432,3.1608380760002994
0.000,1.800,0.7173149781198328,-0.0008957053926765,3.1600681299378972
0.000,1.850,0.5528262613720420,-0.0015015482091946,3.1594492340877265
0.000,1.900,0.3790581882010043,-0.0018233198611585,3.1590521886197509
0.000,1.950,0.1958050845989475,-0.0015415062913054,3.1592094229851666
0.000,2.000,0.0025615682855404,-0.0001585498955371,3.1607493309331556
