0.050,0.000,-0.0000387776947635,0.0001071230575917,0.4508983578793706
0.050,2.000,0.0003327751287416,-0.0000563025804192,0.4514966811847936
0.100,0.000,0.0000353782079903,-0.0001209365981914,0.4489638305352968
0.100,2.000,0.0003699062204846,-0.0000140356338233,0.4496348104569758
0.150,0.000,0.0000686444481343,-0.0002744881903958,0.4470231093272919
0.150,2.000,0.0003539220496498,0.0000180812413253,0.4477352140687929
0.200,0.000,0.0000744494932991,-0.0003672931255179,0.4450774138846286
0.200,2.000,0.0003001703167049,0.0000379434265275,0.4458023737892174
0.250,0.000,0.0000633990106600,-0.0004119504712381,0.4431278247021285
0.250,2.000,0.0002216821688433,0.0000449207522047,0.4438406526310072
0.300,0.000,0.0000435881207982,-0.0004197401404173,0.4411752799010452
0.300,2.000,0.0001293659825604,0.0000395987887713,0.4418542604929291
0.350,0.000,0.0000209354433723,-0.0004005378021491,0.4392205736189569
0.350,2.000,0.0000321893748186,0.0000235137636667,0.4398472222168023
0.400,0.000,-0.0000004774278292,-0.0003627919789409,0.4372643561975859
0.400,2.000,-0.0000626496239470,-0.0000011100951498,0.4378233486747694
0.450,0.000,-0.0000180749355441,-0.0003135527007302,0.4353071363177595
0.450,2.000,-0.0001495608193776,-0.0000316125535888,0.4357862114058529
0.500,0.000,-0.0000304761814908,-0.0002585408247436,0.4333492851863425
0.500,2.000,-0.0002244078110390,-0.0000651312492061,0.4337391212114922
0.550,0.000,-0.0000372113914426,-0.0002022475230621,0.4313910428157827
0.550,2.000,-0.0002843598383325,-0.0000988109997226,0.4316851110030099
0.600,0.000,-0.0000384716520934,-0.0001480543065269,0.4294325263595982
0.600,2.000,-0.0003277477786632,-0.0001299832973163,0.4296269230752533
0.650,0.000,-0.0000348947948616,-0.0000983651234960,0.4274737403839189
0.650,2.000,-0.0003539228212767,-0.0001563121232036,0.4275670008649431
0.700,0.000,-0.0000273881006259,-0.0000547433961235,0.4255145888734130
0.700,2.000,-0.0003631167472013,-0.0001759037173207,0.4255074851437465
0.750,0.000,-0.0000169867097824,-0.0000180482153258,0.4235548886960411
0.750,2.000,-0.0003563032625430,-0.0001873794951995,0.4234502144980744
0.800,0.000,-0.0000047452613458,0.0000114347806307,0.4215943841903866
0.800,2.000,-0.0003350604141611,-0.0001899128463525,0.4213967298624318
0.850,0.000,0.0000083406613236,0.0000338711296345,0.4196327624955922
0.850,2.000,-0.0003014347139284,-0.0001832320014429,0.4193482828022232
0.900,0.000,0.0000213872706188,0.0000497661164091,0.4176696692192179
0.900,2.000,-0.0002578081612500,-0.0001675924485366,0.4173058471857655
0.950,0.000,0.0000336537398998,0.0000598655573484,0.4157047240332264
0.950,2.000,-0.0002067698368996,-0.0001437234499665,0.4152701338436630
1.000,0.000,0.0000445560168851,0.0000650694499505,0.4137375358018103
1.000,2.000,-0.0001509941061387,-0.0001127540124329,0.4132416077859115
1.050,0.000,0.0000536672907325,0.0000663585711591,0.4117677168749698
1.050,2.000,-0.0000931276856090,-0.0000761241622006,0.4112205075318362
1.100,0.000,0.0000607087575419,0.0000647336765882,0.4097948962256593
1.100,2.000,-0.0000356878796593,-0.0000354875614979,0.4092068661038953
1.150,0.000,0.0000655338771014,0.0000611666348076,0.4078187311626775
1.150,2.000,0.0000190258279652,0.0000073886226912,0.4072005332418348
1.200,0.000,0.0000681088153449,0.0000565626084093,0.4058389174126260
1.200,2.000,0.0000690049239127,0.0000507210966949,0.4052011984071773
1.250,0.000,0.0000684912579914,0.0000517322487165,0.4038551974287424
1.250,2.000,0.0001125882802872,0.0000928002209599,0.4032084141680847
1.300,0.000,0.0000668092891331,0.0000473727880459,0.4018673668488890
1.300,2.000,0.0001485009011436,0.0001320682008082,0.4012216195799107
1.350,0.000,0.0000632415742757,0.0000440568792915,0.3998752790866933
1.350,2.000,0.0001758746882134,0.0001671826805485,0.3992401632061375
1.400,0.000,0.0000579996838376,0.0000422280365373,0.3978788480963392
1.400,2.000,0.0001942515741953,0.0001970637915516,0.3972633254568401
1.450,0.000,0.0000513130481773,0.0000422015636850,0.3958780494011280
1.450,2.000,0.0002035700293974,0.0002209237697201,0.3952903399565270
1.500,0.000,0.0000434167516836,0.0000441699137491,0.3938729195173762
1.500,2.000,0.0002041365616159,0.0002382792709347,0.3933204136894886
1.550,0.000,0.0000345421505647,0.0000482114939177,0.3918635539378625
1.550,2.000,0.0001965843633802,0.0002489474231116,0.3913527457079710
1.600,0.000,0.0000249101335217,0.0000543020159391,0.3898501038626803
1.600,2.000,0.0001818216857903,0.0002530274192188,0.3893865442261655
1.650,0.000,0.0000147267306765,0.0000623275839961,0.3878327718802473
1.650,2.000,0.0001609728117576,0.0002508700476722,0.3874210419606051
1.700,0.000,0.0000041807075501,0.0000720988094948,0.3858118068079092
1.700,2.000,0.0001353146512904,0.0002430379585342,0.3854555096147153
1.750,0.000,-0.0000065572497533,0.0000833653411335,0.3837874979009231
1.750,2.000,0.0001062119839124,0.0002302596718825,0.3834892674415395
1.800,0.000,-0.0000173341523052,0.0000958302965669,0.3817601686316066
1.800,2.000,0.0000750542338476,0.0002133803563515,0.3815216948537002
1.850,0.000,-0.0000280135002297,0.0001091641766836,0.3797301702281920
1.850,2.000,0.0000431963962220,0.0001933122589859,0.3795522380829868
1.900,0.000,-0.0000384735805224,0.0001230179329527,0.3776978751466225
1.900,2.000,0.0000119063573666,0.0001709873778840,0.3775804159233789
1.950,0.000,-0.0000486055526428,0.0001370349410325,0.3756636706292473
1.950,2.000,-0.0000176796050259,0.0001473145680515,0.3756058236202658
2.000,0.000,-0.0000583115486302,0.0001508617085685,0.3736279524832404
2.000,2.000,-0.0000445918671199,0.0001231427929249,0.3736281349949708
2.050,0.000,-0.0000675029581460,0.0001641572111626,0.3715911191895054
2.050,2.000,-0.0000680523094868,0.0000992317144358,0.3716471029169905
2.100,0.000,-0.0000760990150123,0.0001766008074446,0.3695535664307242
2.100,2.000,-0.0000874887624188,0.0000762302870213,0.3696625582564312
2.150,0.000,-0.0000840257526517,0.0001878987319392,0.3675156821057501
2.150,2.000,-0.0001025393326627,0.0000546635163720,0.3676744074657347
2.200,0.000,-0.0000912153531751,0.0001977892033083,0.3654778418773324
2.200,2.000,-0.0001130473404612,0.0000349270875382,0.3656826289527381
2.250,0.000,-0.0000976058797740,0.0002060462160475,0.3634404052816045
2.250,2.000,-0.0001190479644302,0.0000172891796289,0.3636872684163643
2.300,0.000,-0.0001031413545866,0.0002124821064962,0.3614037124111977
2.300,2.000,-0.0001207479746154,0.0000018984794157,0.3616884333216923
2.350,0.000,-0.0001077721246945,0.0002169489999832,0.3593680811694260
2.350,2.000,-0.0001185001236539,-0.0000112028087032,0.3596862866929185
2.400,0.000,-0.0001114554463464,0.0002193392559228,0.3573338050808038
2.400,2.000,-0.0001127738614502,-0.0000220622823859,0.3576810404008764
2.450,0.000,-0.0001141562115871,0.0002195850326342,0.3553011516332283
2.450,2.000,-0.0001041240440378,-0.0000307983526751,0.3556729481165246
2.500,0.000,-0.0001158477409130,0.0002176570945499,0.3532703611193377
2.500,2.000,-0.0000931592308659,-0.0000375802661671,0.3536622980934789
2.550,0.000,-0.0001165125695720,0.0002135629820472,0.3512416459387869
2.550,2.000,-0.0000805110189138,-0.0000426083475913,0.3516494059315351
2.600,0.000,-0.0001161431625090,0.0002073446592700,0.3492151903192109
2.600,2.000,-0.0000668056614039,-0.0000460955104174,0.3496346074596762
2.650,0.000,-0.0001147425027669,0.0001990757486072,0.3471911504113239
2.650,2.000,-0.0000526389796542,-0.0000482508843809,0.3476182518617149
2.700,0.000,-0.0001123245094877,0.0001888584525630,0.3451696547126747
2.700,2.000,-0.0000385553150982,-0.0000492661890629,0.3456006951509907
2.750,0.000,-0.0001089142536066,0.0001768202550907,0.3431508047748554
2.750,2.000,-0.0000250310007268,-0.0000493052567272,0.3435822940829512
2.800,0.000,-0.0001045479513235,0.0001631104854078,0.3411346761501809
2.800,2.000,-0.0000124625712247,-0.0000484968887879,0.3415634005764838
2.850,0.000,-0.0000992727268175,0.0001478968182076,0.3391213195358886
2.850,2.000,-0.0000011596910560,-0.0000469310295441,0.3395443566970419
2.900,0.000,-0.0000931461460649,0.0001313617752246,0.3371107620764543
2.900,2.000,0.0000086574304245,-0.0000446580667625,0.3375254902373614
2.950,0.000,-0.0000862355327345,0.0001136992844689,0.3351030087876415
2.950,2.000,0.0000168565419948,-0.0000416909270535,0.3355071109153056
3.000,0.000,-0.0000786170846507,0.0000951113452245,0.3330980440691300
3.000,2.000,0.0000233883103426,-0.0000380095279784,0.3334895071934287
3.050,0.000,-0.0000703748154666,0.0000758048391779,0.3310958332759581
3.050,2.000,0.0000282783674603,-0.0000335670791865,0.3314729437114928
3.100,0.000,-0.0000615993505024,0.0000559885208432,0.3290963243224193
3.100,2.000,0.0000316171278529,-0.0000282976901950,0.3294576593115825
3.150,0.000,-0.0000523866086559,0.0000358702137958,0.3270994492954010
3.150,2.000,0.0000335480716580,-0.0000221247396350,0.3274438656257601
3.200,0.000,-0.0000428364038262,0.0000156542331096,0.3251051260573813
3.200,2.000,0.0000342551703916,-0.0000149694855645,0.3254317461884242
3.250,0.000,-0.0000330509994537,-0.0000044609511655,0.3231132598223379
3.250,2.000,0.0000339500850771,-0.0000067594435916,0.3234214560296662
3.300,0.000,-0.0000231336489720,-0.0000242847997161,0.3211237446906716
3.300,2.000,0.0000328596978354,0.0000025638764103,0.3214131217018552
3.350,0.000,-0.0000131871531439,-0.0000436365336278,0.3191364651318335
3.350,2.000,0.0000312144540537,0.0000130382088914,0.3194068416893073
3.400,0.000,-0.0000033124628004,-0.0000623467068285,0.3171512974057196
3.400,2.000,0.0000292378987454,0.0000246749990458,0.3174026871500512
3.450,0.000,0.0000063926475971,-0.0000802585237264,0.3151681109159927
3.450,2.000,0.0000271376934740,0.0000374552668996,0.3154007029391696
3.500,0.000,0.0000158348135381,-0.0000972289076078,0.3131867694903490
3.500,2.000,0.0000250983039469,0.0000513269589855,0.3134009088647838
3.550,0.000,0.0000249262028603,-0.0001131293280796,0.3112071325843989
3.550,2.000,0.0000232754570498,0.0000662038036087,0.3114033011302465
3.600,0.000,0.0000335855122942,-0.0001278463981496,0.3092290564071963
3.600,2.000,0.0000217923832181,0.0000819656202830,0.3094078539193091
3.650,0.000,0.0000417388273191,-0.0001412822534614,0.3072523949676796
3.650,2.000,0.0000207377874489,0.0000984599786829,0.3074145210846887
3.700,0.000,0.0000493203379597,-0.0001533547277629,0.3052770010422692
3.700,2.000,0.0000201654319250,0.0001155050582721,0.3054232379044926
3.750,0.000,0.0000562729066655,-0.0001639973398934,0.3033027270647050
3.750,2.000,0.0000200951653956,0.0001328935270562,0.3034339228750775
3.800,0.000,0.0000625484874024,-0.0001731591084673,0.3013294259398829
3.800,2.000,0.0000205151996447,0.0001503972362814,0.3014464795131007
3.850,0.000,0.0000681083980537,-0.0001808042110204,0.2993569517839795
3.850,2.000,0.0000213854106878,0.0001677725167664,0.2994607981435529
3.900,0.000,0.0000729234505920,-0.0001869115046960,0.2973851605935799
3.900,2.000,0.0000226414312044,0.0001847658608389,0.2974767576544276
3.950,0.000,0.0000769739456853,-0.0001914739256182,0.2954139108468327
3.950,2.000,0.0000241992996427,0.0002011197803313,0.2954942272022571
4.000,0.000,0.0000802495401683,-0.0001944977839286,0.2934430640398755
4.000,2.000,0.0000259604391154,0.0002165786443705,0.2935130678560063
4.050,0.000,0.0000827489972503,-0.0001960019711134,0.2914724851619225
4.050,2.000,0.0000278167541759,0.0002308943193636,0.2915331341697338
4.100,0.000,0.0000844798304303,-0.0001960170957030,0.2895020431124954
4.100,2.000,0.0000296556539468,0.0002438314562025,0.2895542756769823
4.150,0.000,0.0000854578528832,-0.0001945845627549,0.2875316110642926
4.150,2.000,0.0000313648346954,0.0002551722949447,0.2875763383020589
4.200,0.000,0.0000857066445970,-0.0001917556117185,0.2855610667751959
4.200,2.000,0.0000328366821020,0.0002647208838456,0.2855991656852093
4.250,0.000,0.0000852569497593,-0.0001875903263830,0.2835902928528470
4.250,2.000,0.0000339721818760,0.0002723066365102,0.2836226004202177
4.300,0.000,0.0000841460168999,-0.0001821566296273,0.2816191769751627
4.300,2.000,0.0000346842559649,0.0002777871771678,0.2816464852041951
4.350,0.000,0.0000824168941048,-0.0001755292746566,0.2796476120700482
4.350,2.000,0.0000349004692875,0.0002810504488648,0.2796706639002636
4.400,0.000,0.0000801176912038,-0.0001677888433433,0.2776754964574615
4.400,2.000,0.0000345650779376,0.0002820160821336,0.2776949825146016
4.450,0.000,0.0000773008203852,-0.0001590207612007,0.2757027339568460
4.450,2.000,0.0000336404135246,0.0002806360419288,0.2757192900898138
4.500,0.000,0.0000740222259142,-0.0001493143374307,0.2737292339628196
4.500,2.000,0.0000321076192564,0.0002768945880865,0.2737434395169918
4.550,0.000,0.0000703406130381,-0.0001387618374158,0.2717549114918658
4.550,2.000,0.0000299667712818,0.0002708075990288,0.2717672882690527
4.600,0.000,0.0000663166852276,-0.0001274575939716,0.2697796872026255
4.600,2.000,0.0000272364335459,0.0002624213199104,0.2697906990580767
4.650,0.000,0.0000620123981292,-0.0001154971626709,0.2678034873922562
4.650,2.000,0.0000239527057809,0.0002518106048970,0.2678135404194549
4.700,0.000,0.0000574902376290,-0.0001029765255771,0.2658262439711638
4.700,2.000,0.0000201678327293,0.0002390767289455,0.2658356872256283
4.750,0.000,0.0000528125286356,-0.0000899913468149,0.2638478944182916
4.750,2.000,0.0000159484479464,0.0002243448475089,0.2638570211322205
4.800,0.000,0.0000480407801686,-0.0000766362825492,0.2618683817190064
4.800,2.000,0.0000113735282012,0.0002077611832771,0.2618774309592894
4.850,0.000,0.0000432350715662,-0.0000630043471448,0.2598876542874807
4.850,2.000,0.0000065321346887,0.0001894900176770,0.2598968130104116
4.900,0.000,0.0000384534836737,-0.0000491863365573,0.2579056658753578
4.900,2.000,0.0000015210152957,0.0001697105616785,0.2579150713322446
4.950,0.000,0.0000337515781578,-0.0000352703093307,0.2559223754683540
4.950,2.000,-0.0000035578615515,0.0001486137758431,0.2559321179172059
5.000,0.000,0.0000291819272170,-0.0000213411249926,0.2539377471723344
5.000,2.000,-0.0000085997760825,0.0001263992037650,0.2539478728518782
5.050,0.000,0.0000247936952967,-0.0000074800390945,0.2519517500902907
5.050,2.000,-0.0000134996703930,0.0001032718764406,0.2519622644137552
5.100,0.000,0.0000206322737213,0.0000062356463133,0.2499643581915407
5.100,2.000,-0.0000181544536516,0.0000794393379022,0.2499752291189568
5.150,0.000,0.0000167389685406,0.0000197328783936,0.2479755501743650
5.150,2.000,-0.0000224651549273,0.0000551088349464,0.2479867117235757
5.200,0.000,0.0000131507413262,0.0000329430973819,0.2459853093232094
5.200,2.000,-0.0000263388870194,0.0000304847061897,0.2459966651813473
5.250,0.000,0.0000099000021396,0.0000458024308471,0.2439936233614757
5.250,2.000,-0.0000296905925334,0.0000057659981944,0.2440050505603961
5.300,0.000,0.0000070144534768,0.0000582518408364,0.2420004843008565
5.300,2.000,-0.0000324445510068,-0.0000188556708010,0.2420118369218510
5.350,0.000,0.0000045169835748,0.0000702372265772,0.2400058882880732
5.350,2.000,-0.0000345356331512,-0.0000431979858214,0.2400170011631815
5.400,0.000,0.0000024256071240,0.0000817094855424,0.2380098354498100
5.400,2.000,-0.0000359102950142,-0.0000670895413147,0.2380205278291479
5.450,0.000,0.0000007534511993,0.0000926245357844,0.2360123297365591
5.450,2.000,-0.0000365273109852,-0.0000903711767860,0.2360224088933027
5.500,0.000,-0.0000004912160904,0.0001029433025037,0.2340133787660352
5.500,2.000,-0.0000363582499960,-0.0001128970452012,0.2340226435130037
5.550,0.000,-0.0000013049168471,0.0001126316718346,0.2320129936667444
5.550,2.000,-0.0000353877041066,-0.0001345354218374,0.2320212377609168
5.600,0.000,-0.0000016888573386,0.0001216604148330,0.2300111889222342
5.600,2.000,-0.0000336132825289,-0.0001551692649491,0.2300182043359814
5.650,0.000,-0.0000016487875310,0.0001300050846093,0.2280079822165157
5.650,2.000,-0.0000310453875721,-0.0001746965426571,0.2280135622567934
5.700,0.000,-0.0000011948292091,0.0001376458894978,0.2260033942810643
5.700,2.000,-0.0000277067914219,-0.0001930303428384,0.2260073365403171
5.750,0.000,-0.0000003412756148,0.0001445675450755,0.2239974487437941
5.750,2.000,-0.0000236320346389,-0.0002100987845794,0.2239995578687841
5.800,0.000,0.0000008936343363,0.0001507591077444,0.2219901719803309
5.800,2.000,-0.0000188666685190,-0.0002258447509642,0.2219902622475510
5.850,0.000,0.0000024879643065,0.0001562137924930,0.2199815929678774
5.850,2.000,-0.0000134663640664,-0.0002402254636682,0.2199794906566002
5.900,0.000,0.0000044163483450,0.0001609287773215,0.2179717431419336
5.900,2.000,-0.0000074959106164,-0.0002532119200711,0.2179672886982423
5.950,0.000,0.0000066502753436,0.0001649049966957,0.2159606562560826
5.950,2.000,-0.0000010281267655,-0.0002647882134542,0.2159537062434533
6.000,0.000,0.0000091583873998,0.0001681469262561,0.2139483682450395
6.000,2.000,0.0000058572943390,-0.0002749507563436,0.2139387970791338
6.050,0.000,0.0000119067893955,0.0001706623608667,0.2119349170911153
6.050,2.000,0.0000130749842820,-0.0002837074262949,0.2119226185584170
6.100,0.000,0.0000148593672300,0.0001724621879512,0.2099203426942299
6.100,2.000,0.0000205351234526,-0.0002910766523951,0.2099052312559856
6.150,0.000,0.0000179781122435,0.0001735601579165,0.2079046867455813
6.150,2.000,0.0000281446714956,-0.0002970864595892,0.2078866986301799
6.200,0.000,0.0000212234495540,0.0001739726533218,0.2058879926050493
6.200,2.000,0.0000358085873769,-0.0003017734866147,0.2058670866934983
6.250,0.000,0.0000245545681058,0.0001737184583101,0.2038703051824022
6.250,2.000,0.0000434310239232,-0.0003051819919329,0.2038464636929114
6.300,0.000,0.0000279297504010,0.0001728185296820,0.2018516708223432
6.300,2.000,0.0000509164834762,-0.0003073628605984,0.2018248998012201
6.350,0.000,0.0000313067000416,0.0001712957708518,0.1998321371934255
6.350,2.000,0.0000581709229864,-0.0003083726235422,0.1998024668205103
6.400,0.000,0.0000346428653041,0.0001691748098014,0.1978117531808447
6.400,2.000,0.0000651027986378,-0.0003082724992976,0.1977792378985728
6.450,0.000,0.0000378957571669,0.0001664817820168,0.1957905687831050
6.450,2.000,0.0000716240417268,-0.0003071274667834,0.1957552872589903
6.500,0.000,0.0000410232603583,0.0001632441192749,0.1937686350125405
6.500,2.000,0.0000776509591421,-0.0003050053764021,0.1937306899454192
6.550,0.000,0.0000439839360263,0.0001594903450305,0.1917460037996624
6.550,2.000,0.0000831050532895,-0.0003019761054288,0.1917055215804475
6.600,0.000,0.0000467373149611,0.0001552498770491,0.1897227279012980
6.600,2.000,0.0000879137576934,-0.0002981107624628,0.1896798581392478
6.650,0.000,0.0000492441802288,0.0001505528378285,0.1876988608124660
6.650,2.000,0.0000920110858465,-0.0002934809446029,0.1876537757381239
6.700,0.000,0.0000514668383635,0.0001454298732518,0.1856744566819407
6.700,2.000,0.0000953381920151,-0.0002881580499917,0.1856273504379121
6.750,0.000,0.0000533693782939,0.0001399119798333,0.1836495702314342
6.750,2.000,0.0000978438437820,-0.0002822126474579,0.1836006580620939
6.800,0.000,0.0000549179173422,0.0001340303408294,0.1816242566783363
6.800,2.000,0.0000994848070600,-0.0002757139041613,0.1815737740293703
6.850,0.000,0.0000560808337304,0.0001278161714164,0.1795985716619312
6.850,2.000,0.0001002261451296,-0.0002687290714249,0.1795467732003619
6.900,0.000,0.0000568289851561,0.0001213005730605,0.1775725711730165
6.900,2.000,0.0001000414339553,-0.0002613230283035,0.1775197297380253
6.950,0.000,0.0000571359130627,0.0001145143971479,0.1755463114868434
6.950,2.000,0.0000989128966904,-0.0002535578818957,0.1754927169813048
7.000,0.000,0.0000569780323574,0.0001074881178822,0.1735198490992901
7.000,2.000,0.0000968314606959,-0.0002454926229415,0.1734658073314953
7.050,0.000,0.0000563348064175,0.0001002517144027,0.1714932406661821
7.050,2.000,0.0000937967409627,-0.0002371828348684,0.1714390721507403
7.100,0.000,0.0000551889072967,0.0000928345620317,0.1694665429456739
7.100,2.000,0.0000898169539974,-0.0002286804541294,0.1694125816720656
7.150,0.000,0.0000535263610917,0.0000852653325193,0.1674398127435979
7.150,2.000,0.0000849087666194,-0.0002200335794275,0.1673864049203164
7.200,0.000,0.0000513366785643,0.0000775719031127,0.1654131068616881
7.200,2.000,0.0000790970842245,-0.0002112863272333,0.1653606096433679
7.250,0.000,0.0000486129711419,0.0000697812742489,0.1633864820485924
7.250,2.000,0.0000724147832396,-0.0002024787308519,0.1633352622529500
7.300,0.000,0.0000453520524449,0.0000619194956401,0.1613599949535753
7.300,2.000,0.0000649023925382,-0.0001936466802125,0.1613104277744536
7.350,0.000,0.0000415545256201,0.0000540116004969,0.1593337020828241
7.350,2.000,0.0000566077286281,-0.0001848218994860,0.1592861698050710
7.400,0.000,0.0000372248567193,0.0000460815476147,0.1573076597582655
7.400,2.000,0.0000475854893817,-0.0001760319596222,0.1572625504796528
7.450,0.000,0.0000323714344949,0.0000381521710330,0.1552819240788004
7.450,2.000,0.0000378968110567,-0.0001673003229075,0.1552396304436601
7.500,0.000,0.0000270066169239,0.0000302451369639,0.1532565508838719
7.500,2.000,0.0000276087932257,-0.0001586464166686,0.1532174688326403
7.550,0.000,0.0000211467649107,0.0000223809076713,0.1512315957192734
7.550,2.000,0.0000167939961845,-0.0001500857333127,0.1511961232576482
7.600,0.000,0.0000148122635405,0.0000145787119841,0.1492071138051156
7.600,2.000,0.0000055299151938,-0.0001416299539591,0.1491756497960791
7.650,0.000,0.0000080275313746,0.0000068565221106,0.1471831600058618
7.650,2.000,-0.0000061015641628,-0.0001332870930051,0.1471561029874088
7.700,0.000,0.0000008210182277,-0.0000007689635736,0.1451597888023489
7.700,2.000,-0.0000180147254266,-0.0001250616610649,0.1451375358333472
7.750,0.000,-0.0000067748080720,-0.0000082823320960,0.1431370542657174
7.750,2.000,-0.0000301205916393,-0.0001169548438279,0.1431199998019679
7.800,0.000,-0.0000147234854462,-0.0000156694621481,0.1411150100331656
7.800,2.000,-0.0000423275028810,-0.0001089646944908,0.1411035448353835
7.850,0.000,-0.0000229845913446,-0.0000229175253617,0.1390937092854472
7.850,2.000,-0.0000545416974785,-0.0001010863375389,0.1390882193605762
7.900,0.000,-0.0000315137860204,-0.0000300149829286,0.1370732047260473
7.900,2.000,-0.0000666678935361,-0.0000933121817686,0.1370740703030312
7.950,0.000,-0.0000402628647716,-0.0000369515778794,0.1350535485619507
7.950,2.000,-0.0000786098676785,-0.0000856321405635,0.1350611431028250
8.000,0.000,-0.0000491798186638,-0.0000437183233340,0.1330347924859387
8.000,2.000,-0.0000902710280529,-0.0000780338575652,0.1330494817328795
8.050,0.000,-0.0000582089031472,-0.0000503074870324,0.1310169876603421
8.050,2.000,-0.0001015549788869,-0.0000705029359893,0.1310391287190923
8.100,0.000,-0.0000672907141146,-0.0000567125724376,0.1290001847021830
8.100,2.000,-0.0001123660740834,-0.0000630231699714,0.1290301251620981
8.150,0.000,-0.0000763622708433,-0.0000629282967040,0.1269844336696393
8.150,2.000,-0.0001226099575123,-0.0000555767764345,0.1270225107604290
8.200,0.000,-0.0000853571053279,-0.0000689505657863,0.1249697840497718
8.200,2.000,-0.0001321940879078,-0.0000481446260928,0.1250163238348688
8.250,0.000,-0.0000942053574917,-0.0000747764469604,0.1229562847474502
8.250,2.000,-0.0001410282464043,-0.0000407064723169,0.1230116013538164
8.300,0.000,-0.0001028338757959,-0.0000804041390143,0.1209439840754180
8.300,2.000,-0.0001490250250123,-0.0000332411766952,0.1210083789594932
8.350,0.000,-0.0001111663227628,-0.0000858329403570,0.1189329297454432
8.350,2.000,-0.0001561002944791,-0.0000257269302373,0.1190066909948488
8.400,0.000,-0.0001191232849331,-0.0000910632152851,0.1169231688604980
8.400,2.000,-0.0001621736501308,-0.0000181414692588,0.1170065705310289
8.450,0.000,-0.0001266223868007,-0.0000960963586311,0.1149147479079143
8.450,2.000,-0.0001671688345688,-0.0000104622851004,0.1150080493952968
8.500,0.000,-0.0001335784082910,-0.0001009347590125,0.1129077127534639
8.500,2.000,-0.0001710141361373,-0.0000026668269125,0.1130111581992995
8.550,0.000,-0.0001399034053308,-0.0001055817608863,0.1109021086363180
8.550,2.000,-0.0001736427623548,0.0000052673031556,0.1110159263675959
8.600,0.000,-0.0001455068331224,-0.0001100416256026,0.1088979801648351
8.600,2.000,-0.0001749931875890,0.0000133621629511,0.1090223821663580
8.650,0.000,-0.0001502956716798,-0.0001143194916421,0.1068953713131341
8.650,2.000,-0.0001750094744278,0.0000216392919897,0.1070305527321865
8.700,0.000,-0.0001541745532732,-0.0001184213342121,0.1048943254184100
8.700,2.000,-0.0001736415683784,0.0000301195422301,0.1050404641009740
8.750,0.000,-0.0001570458914017,-0.0001223539243624,0.1028948851789495
8.750,2.000,-0.0001708455655774,0.0000388229182938,0.1030521412367643
8.800,0.000,-0.0001588100109121,-0.0001261247877753,0.1008970926528082
8.800,2.000,-0.0001665839534520,0.0000477684274046,0.1010656080605609
8.850,0.000,-0.0001593652789768,-0.0001297421633743,0.0989009892571118
8.850,2.000,-0.0001608258242448,0.0000569739392597,0.0990808874790486
8.900,0.000,-0.0001586082365428,-0.0001332149618819,0.0969066157679390
8.900,2.000,-0.0001535470615920,0.0000664560559775,0.0970980014131861
8.950,0.000,-0.0001564337300035,-0.0001365527244550,0.0949140123207644
8.950,2.000,-0.0001447305002953,0.0000762299922103,0.0951169708266457
9.000,0.000,-0.0001527350427491,-0.0001397655815103,0.0929232184114132
9.000,2.000,-0.0001343660596727,0.0000863094654570,0.0931378157540675
9.050,0.000,-0.0001474040263558,-0.0001428642118484,0.0909342728975055
9.050,2.000,-0.0001224508508481,0.0000967065965607,0.0911605553291068
9.100,0.000,-0.0001403312311330,-0.0001458598021733,0.0889472140003574
9.100,2.000,-0.0001089892585071,0.0001074318203281,0.0891852078122567
9.150,0.000,-0.0001314060357924,-0.0001487640070999,0.0869620793073094
9.150,2.000,-0.0000939929976896,0.0001184938061666,0.0872117906184162
9.200,0.000,-0.0001205167759856,-0.0001515889097285,0.0849789057744551
9.200,2.000,-0.0000774811462623,0.0001298993885935,0.0852403203442019
9.250,0.000,-0.0001075508715444,-0.0001543469828664,0.0829977297297432
9.250,2.000,-0.0000594801537864,0.0001416535074414,0.0832708127949746
9.300,0.000,-0.0000923949521437,-0.0001570510509589,0.0810185868764285
9.300,2.000,-0.0000400238275667,0.0001537591575437,0.0813032830115752
9.350,0.000,-0.0000749349812941,-0.0001597142527971,0.0790415122968472
9.350,2.000,-0.0000191532966724,0.0001662173476641,0.0793377452967495
9.400,0.000,-0.0000550563783879,-0.0001623500050508,0.0770665404564950
9.400,2.000,0.0000030830451640,0.0001790270684002,0.0773742132412589
9.450,0.000,-0.0000326441387424,-0.0001649719666821,0.0750937052083857
9.450,2.000,0.0000266296168975,0.0001921852687771,0.0754126997496568
9.500,0.000,-0.0000075829513955,-0.0001675940042764,0.0731230397976669
9.500,2.000,0.0000514237468075,0.0002056868412181,0.0734532170657247
9.550,0.000,0.0000202426854040,-0.0001702301583329,0.0711545768664807
9.550,2.000,0.0000773957874774,0.0002195246145710,0.0714957767975568
9.600,0.000,0.0000509483511791,-0.0001728946105440,0.0691883484590406
9.600,2.000,0.0001044692481200,0.0002336893548504,0.0695403899422824
9.650,0.000,0.0000846495927923,-0.0001756016520926,0.0672243860269155
9.650,2.000,0.0001325609432512,0.0002481697733421,0.0675870669104188
9.700,0.000,0.0001214618166413,-0.0001783656529888,0.0652627204345010
9.700,2.000,0.0001615811566950,0.0002629525417143,0.0656358175498422
9.750,0.000,0.0001615001836568,-0.0001812010324657,0.0633033819646595
9.750,2.000,0.0001914338199144,0.0002780223137639,0.0636866511693717
9.800,0.000,0.0002048795071255,-0.0001841222304476,0.0613464003245181
9.800,2.000,0.0002220167036412,0.0002933617534286,0.0617395765619554
9.850,0.000,0.0002517141534017,-0.0001871436801013,0.0593918046514067
9.850,2.000,0.0002532216217892,0.0003089515686887,0.0597946020274533
9.900,0.000,0.0003021179455979,-0.0001902797814785,0.0574396235189271
9.900,2.000,0.0002849346466453,0.0003247705509819,0.0578517353950047
9.950,0.000,0.0003562040702867,-0.0001935448762516,0.0554898849431324
9.950,2.000,0.0003170363343366,0.0003407956197568,0.0559109840449792
10.000,0.000,0.0004140849872543,-0.0001969532235449,0.0535426163888146
10.000,2.000,0.0003494019595883,0.0003570018717887,0.0539723549304992
0.000,0.000,-0.0001703467758011,0.0004243784942911,0.4528253373026879
0.000,0.050,0.0977000871665102,0.0003023677902672,0.4530265075704625
0.000,0.100,0.1902089845326264,0.0002505636161721,0.4531583036547298
0.000,0.150,0.2775526586732922,0.0002430750455669,0.4532421030552325
0.000,0.200,0.3598712326980350,0.0002583903883971,0.4532950907711515
0.000,0.250,0.4372490510024368,0.0002799077805826,0.4533304342512495
0.000,0.300,0.5097212776658837,0.0002958563792656,0.4533575975593439
0.000,0.350,0.5772847080904308,0.0002988224139029,0.4533827697147960
0.000,0.400,0.6399107824671996,0.0002850719733316,0.4534093779164373
0.000,0.450,0.6975589057750834,0.0002538150483103,0.4534386528018397
0.000,0.500,0.7501884249940787,0.0002064998984121,0.4534702106021867
0.000,0.550,0.7977679623699746,0.0001461776271172,0.4535026168268831
0.000,0.600,0.8402812335120035,0.0000769430072995,0.4535338986473675
0.000,0.650,0.8777289751349692,0.0000034420734923,0.4535619787230571
0.000,0.700,0.9101271466265212,-0.0000695627343942,0.4535850114946239
0.000,0.750,0.9375021089898891,-0.0001375694431114,0.4536016130223008
0.000,0.800,0.9598839530528146,-0.0001966440318372,0.4536109859022199
0.000,0.850,0.9772994537158645,-0.0002436420041368,0.4536129501640727
0.000,0.900,0.9897661769246974,-0.0002763321933003,0.4536078980764179
0.000,0.950,0.9972890045595334,-0.0002934247580298,0.4535966947046888
0.000,1.000,0.9998597828516795,-0.0002945231022295,0.4535805467631999
0.000,1.050,0.9974600448322174,-0.0002800334016340,0.4535608602533617
0.000,1.100,0.9900659889371617,-0.0002510683007894,0.4535391034649252
0.000,1.150,0.9776543321694245,-0.0002093698440474,0.4535166871479670
0.000,1.200,0.9602074808201460,-0.0001572536134570,0.4534948689308491
0.000,1.250,0.9377167505778969,-0.0000975501404335,0.4534746849618096
0.000,1.300,0.9101830422894416,-0.0000335029923559,0.4534569085434359
0.000,1.350,0.8776152132188043,0.0000314137749632,0.4534420331790823
0.000,1.400,0.8400270716469731,0.0000937685299315,0.4534302757721407
0.000,1.450,0.7974341976095360,0.0001504988238785,0.4534215945202851
0.000,1.500,0.7498515435417119,0.0001992064487008,0.4534157152428558
0.000,1.550,0.6972921105119176,0.0002383057165017,0.4534121595374989
0.000,1.600,0.6397662476233247,0.0002669208064563,0.4534102684576757
0.000,1.650,0.5772806884257204,0.0002844896851043,0.4534092165080033
0.000,1.700,0.5098366317802175,0.0002901367277666,0.4534080127021708
0.000,1.750,0.4374270553839590,0.0002819962336410,0.4534054880134406
0.000,1.800,0.3600347545190449,0.0002567634974429,0.4534002713200215
0.000,1.850,0.2776338045651274,0.0002097775835700,0.4533907583133578
0.000,1.900,0.1901976600686828,0.0001358745337945,0.4533750792418673
0.000,1.950,0.0977165010586029,0.0000310933325887,0.4533510714831213
0.000,2.000,0.0002246586801293,-0.0001048973672039,0.4533162618063374
