1.000,0.000,0.0008702835117571,0.0003221770293494,0.2275651907063115
1.050,0.000,0.0006821421097011,-0.0001405762500292,0.2275558924843710
1.100,0.000,0.0004954379334041,-0.0003557512874631,0.2275890589925026
1.150,0.000,0.0003208362664995,-0.0004044535312333,0.2276473112771288
1.200,0.000,0.0001659914973365,-0.0003518436571236,0.2277167863805468
1.250,0.000,0.0000359063854367,-0.0002474512009564,0.2277870776031563
1.300,0.000,-0.0000667414083988,-0.0001266128670306,0.2278509180598339
1.350,0.000,-0.0001412579689111,-0.0000125966528408,0.2279037179807483
1.400,0.000,-0.0001885681841914,0.0000809925454171,0.2279430443842176
1.450,0.000,-0.0002108398568699,0.0001478381327540,0.2279681072281212
1.500,0.000,-0.0002111174358379,0.0001867727283222,0.2279792931116340
1.550,0.000,-0.0001929852030873,0.0001999828676616,0.2279777684608161
1.600,0.000,-0.0001602746098977,0.0001915911140739,0.2279651597921938
1.650,0.000,-0.0001168239668864,0.0001665993114174,0.2279433089655037
1.700,0.000,-0.0000662926898861,0.0001301482659919,0.2279140955873746
1.750,0.000,-0.0000120276539359,0.0000870369224538,0.2278793159721327
1.800,0.000,0.0000430238715415,0.0000414427609804,0.2278406073830349
1.850,0.000,0.0000963618886773,-0.0000032097900056,0.2277994068878444
1.900,0.000,0.0001459496574581,-0.0000442779748680,0.2277569354718929
1.950,0.000,0.0001902054764960,-0.0000798623779731,0.2277141996435327
2.000,0.000,0.0002279770050899,-0.0001087290484233,0.2276720043747771
2.050,0.000,0.0002585039003966,-0.0001302119999607,0.2276309726911944
2.100,0.000,0.0002813734943941,-0.0001441098640847,0.2275915684866641
2.150,0.000,0.0002964732208524,-0.0001505856813864,0.2275541201690356
2.200,0.000,0.0003039425872982,-0.0001500752281511,0.2275188435513176
2.250,0.000,0.0003041267019056,-0.0001432066956074,0.2274858630149830
2.300,0.000,0.0002975327186681,-0.0001307327623039,0.2274552304190484
2.350,0.000,0.0002847900501525,-0.0001134749372519,0.2274269415428489
2.400,0.000,0.0002666148019922,-0.0000922793417454,0.2274009500616347
2.450,0.000,0.0002437785898098,-0.0000679827109471,0.2273771791876313
2.500,0.000,0.0002170816896257,-0.0000413872311865,0.2273555311861031
2.550,0.000,0.0001873303300835,-0.0000132428093581,0.2273358950128848
2.600,0.000,0.0001553178440650,0.0000157645586122,0.2273181523296389
2.650,0.000,0.0001218093456057,0.0000450195317628,0.2273021821453884
2.700,0.000,0.0000875295750836,0.0000739803465074,0.2272878643146727
2.750,0.000,0.0000531535528902,0.0001021788314099,0.2272750820989257
2.800,0.000,0.0000192996928161,0.0001292182809573,0.2272637239717977
2.850,0.000,-0.0000134749538886,0.0001547698187575,0.2272536848233150
2.900,0.000,-0.0000446776279593,0.0001785677587875,0.2272448666934057
2.950,0.000,-0.0000738812420179,0.0002004043671349,0.2272371791431416
3.000,0.000,-0.0001007244599911,0.0002201243359875,0.2272305393524483
3.050,0.000,-0.0001249106979197,0.0002376192055408,0.2272248720160387
3.100,0.000,-0.0001462062422371,0.0002528219066806,0.2272201090948991
3.150,0.000,-0.0001644376576810,0.0002657015462550,0.2272161894685383
3.200,0.000,-0.0001794886351618,0.0002762585159183,0.2272130585232182
3.250,0.000,-0.0001912964102102,0.0002845199734367,0.2272106677031751
3.300,0.000,-0.0001998478650116,0.0002905357205906,0.2272089740452548
3.350,0.000,-0.0002051754113497,0.0002943744831777,0.2272079397120563
3.400,0.000,-0.0002073527379484,0.0002961205849806,0.2272075315345234
3.450,0.000,-0.0002064904934646,0.0002958709979916,0.2272077205716047
3.500,0.000,-0.0002027319656361,0.0002937327448387,0.2272084816920882
3.550,0.000,-0.0001962488076386,0.0002898206255529,0.2272097931817494
3.600,0.000,-0.0001872368543930,0.0002842552389621,0.2272116363774956
3.650,0.000,-0.0001759120642833,0.0002771612686241,0.2272139953290982
3.700,0.000,-0.0001625066153271,0.0002686660039009,0.2272168564883096
3.750,0.000,-0.0001472651792232,0.0002588980682331,0.2272202084246140
3.800,0.000,-0.0001304413917541,0.0002479863286238,0.2272240415664649
3.850,0.000,-0.0001122945336850,0.0002360589625868,0.2272283479666365
3.900,0.000,-0.0000930864324950,0.0002232426612042,0.2272331210901641
3.950,0.000,-0.0000730785919351,0.0002096619493547,0.2272383556232894
4.000,0.000,-0.0000525295535066,0.0001954386065207,0.2272440473018120
4.050,0.000,-0.0000316924913939,0.0001806911738126,0.2272501927572900
4.100,0.000,-0.0000108130401887,0.0001655345349157,0.2272567893795734
4.150,0.000,0.0000098726471652,0.0001500795605387,0.2272638351942446
4.200,0.000,0.0000301396154344,0.0001344328076278,0.2272713287536133
4.250,0.000,0.0000497756027647,0.0001186962660816,0.2272792690400152
4.300,0.000,0.0000685823227758,0.0001029671469906,0.2272876553802431
4.350,0.000,0.0000863765408486,0.0000873377075174,0.2272964873700433
4.400,0.000,0.0001029909532075,0.0000718951084578,0.2273057648076913
4.450,0.000,0.0001182748780546,0.0000567213012880,0.2273154876357449
4.500,0.000,0.0001320947684982,0.0000418929421271,0.2273256558901553
4.550,0.000,0.0001443345574320,0.0000274813305433,0.2273362696559882
4.600,0.000,0.0001548958447620,0.0000135523715226,0.2273473290290801
4.650,0.000,0.0001636979375649,0.0000001665592149,0.2273588340830075
4.700,0.000,0.0001706777538190,-0.0000126210187062,0.2273707848408204
4.750,0.000,0.0001757896003644,-0.0000247606570847,0.2273831812510297
4.800,0.000,0.0001790048356466,-0.0000362079906330,0.2273960231673945
4.850,0.000,0.0001803114276827,-0.0000469239334471,0.2274093103320982
4.900,0.000,0.0001797134174864,-0.0000568746015163,0.2274230423619417
4.950,0.000,0.0001772302979343,-0.0000660312190517,0.2274372187372098
5.000,0.000,0.0001728963178041,-0.0000743700094820,0.2274518387929245
5.050,0.000,0.0001667597203713,-0.0000818720719879,0.2274669017121864
5.100,0.000,0.0001588819256135,-0.0000885232444863,0.2274824065213845
5.150,0.000,0.0001493366647168,-0.0000943139540101,0.2274983520870270
5.200,0.000,0.0001382090751663,-0.0000992390554690,0.2275147371140086
5.250,0.000,0.0001255947643214,-0.0001032976598120,0.2275315601451262
5.300,0.000,0.0001115988489346,-0.0001064929526392,0.2275488195616775
5.350,0.000,0.0000963349776936,-0.0001088320043350,0.2275665135850046
5.400,0.000,0.0000799243433786,-0.0001103255728129,0.2275846402788383
5.450,0.000,0.0000624946908519,-0.0001109878999642,0.2276031975523342
5.500,0.000,0.0000441793266333,-0.0001108365029109,0.2276221831636881
5.550,0.000,0.0000251161354139,-0.0001098919611484,0.2276415947242404
5.600,0.000,0.0000054466084010,-0.0001081777006504,0.2276614297029735
5.650,0.000,-0.0000146851119670,-0.0001057197759875,0.2276816854313412
5.700,0.000,-0.0000351331668677,-0.0001025466514767,0.2277023591083465
5.750,0.000,-0.0000557508917862,-0.0000986889823474,0.2277234478058163
5.800,0.000,-0.0000763916997232,-0.0000941793968648,0.2277449484738168
5.850,0.000,-0.0000969099339963,-0.0000890522803068,0.2277668579461615
5.900,0.000,-0.0001171616880222,-0.0000833435616404,0.2277891729459692
5.950,0.000,-0.0001370055898401,-0.0000770905036889,0.2278118900912354
6.000,0.000,-0.0001563035494702,-0.0000703314975253,0.2278350059003891
6.050,0.000,-0.0001749214674925,-0.0000631058617698,0.2278585167977979
6.100,0.000,-0.0001927299035456,-0.0000554536474086,0.2278824191192071
6.150,0.000,-0.0002096047037317,-0.0000474154486918,0.2279067091170848
6.200,0.000,-0.0002254275861557,-0.0000390322206073,0.2279313829658622
6.250,0.000,-0.0002400866841082,-0.0000303451033695,0.2279564367670462
6.300,0.000,-0.0002534770466121,-0.0000213952542993,0.2279818665542010
6.350,0.000,-0.0002655010962742,-0.0000122236874170,0.2280076682977826
6.400,0.000,-0.0002760690445985,-0.0000028711210131,0.2280338379098215
6.450,0.000,-0.0002850992650801,0.0000066221665936,0.2280603712484471
6.500,0.000,-0.0002925186245907,0.0000162164729507,0.2280872641222497
6.550,0.000,-0.0002982627737071,0.0000258727989121,0.2281145122944758
6.600,0.000,-0.0003022763967838,0.0000355529675591,0.2281421114870593
6.650,0.000,-0.0003045134226884,0.0000452197345861,0.2281700573844849
6.700,0.000,-0.0003049371972385,0.0000548368901714,0.2281983456374835
6.750,0.000,-0.0003035206184787,0.0000643693523974,0.2282269718665652
6.800,0.000,-0.0003002462360089,0.0000737832523123,0.2282559316653905
6.850,0.000,-0.0002951063156742,0.0000830460107658,0.2282852206039793
6.900,0.000,-0.0002881028709679,0.0000921264071739,0.2283148342317674
6.950,0.000,-0.0002792476625571,0.0001009946403981,0.2283447680805100
7.000,0.000,-0.0002685621674006,0.0001096223819458,0.2283750176670389
7.050,0.000,-0.0002560775189227,0.0001179828217216,0.2284055784958731
7.100,0.000,-0.0002418344197777,0.0001260507065743,0.2284364460616991
7.150,0.000,-0.0002258830287165,0.0001338023719024,0.2284676158517104
7.200,0.000,-0.0002082828230932,0.0001412157665922,0.2284990833478253
7.250,0.000,-0.0001891024385401,0.0001482704715746,0.2285308440287806
7.300,0.000,-0.0001684194873548,0.0001549477122935,0.2285628933721068
7.350,0.000,-0.0001463203570916,0.0001612303653865,0.2285952268559943
7.400,0.000,-0.0001228999908711,0.0001671029598814,0.2286278399610513
7.450,0.000,-0.0000982616508792,0.0001725516732166,0.2286607281719627
7.500,0.000,-0.0000725166664943,0.0001775643223918,0.2286938869790485
7.550,0.000,-0.0000457841684703,0.0001821303505570,0.2287273118797373
7.600,0.000,-0.0000181908105513,0.0001862408093443,0.2287609983799473
7.650,0.000,0.0000101295201453,0.0001898883372436,0.2287949419953909
7.700,0.000,0.0000390360026564,0.0001930671343200,0.2288291382527981
7.750,0.000,0.0000683811903771,0.0001957729335634,0.2288635826910699
7.800,0.000,0.0000980113266966,0.0001980029691557,0.2288982708623634
7.850,0.000,0.0001277666669183,0.0001997559419326,0.2289331983331094
7.900,0.000,0.0001574818053279,0.0002010319823104,0.2289683606849748
7.950,0.000,0.0001869860063484,0.0002018326109373,0.2290037535157622
8.000,0.000,0.0002161035387345,0.0002021606973231,0.2290393724402606
8.050,0.000,0.0002446540118505,0.0002020204166874,0.2290752130910449
8.100,0.000,0.0002724527130986,0.0002014172052605,0.2291112711192282
8.150,0.000,0.0002993109456025,0.0002003577142587,0.2291475421951691
8.200,0.000,0.0003250363653378,0.0001988497627470,0.2291840220091400
8.250,0.000,0.0003494333169190,0.0001969022895895,0.2292207062719572
8.300,0.000,0.0003723031672944,0.0001945253046815,0.2292575907155723
8.350,0.000,0.0003934446366855,0.0001917298396415,0.2292946710936323
8.400,0.000,0.0004126541261085,0.0001885278981364,0.2293319431820069
8.450,0.000,0.0004297260408863,0.0001849324059995,0.2293694027792885
8.500,0.000,0.0004444531096030,0.0001809571612912,0.2294070457072608
8.550,0.000,0.0004566266979768,0.0001766167844445,0.2294448678113451
8.600,0.000,0.0004660371171942,0.0001719266686244,0.2294828649610205
8.650,0.000,0.0004724739262615,0.0001669029304248,0.2295210330502223
8.700,0.000,0.0004757262279991,0.0001615623610133,0.2295593679977174
8.750,0.000,0.0004755829582944,0.0001559223778282,0.2295978657474620
8.800,0.000,0.0004718331683358,0.0001500009769228,0.2296365222689378
8.850,0.000,0.0004642662994928,0.0001438166860425,0.2296753335574729
8.900,0.000,0.0004526724506387,0.0001373885185142,0.2297142956345439
8.950,0.000,0.0004368426376546,0.0001307359280178,0.2297534045480626
9.000,0.000,0.0004165690449511,0.0001238787643047,0.2297926563726478
9.050,0.000,0.0003916452688246,0.0001168372299181,0.2298320472098833
9.100,0.000,0.0003618665525347,0.0001096318379662,0.2298715731885604
9.150,0.000,0.0003270300129630,0.0001022833709916,0.2299112304649106
9.200,0.000,0.0002869348587956,0.0000948128409741,0.2299510152228216
9.250,0.000,0.0002413826001567,0.0000872414504985,0.2299909236740451
9.300,0.000,0.0001901772496368,0.0000795905551154,0.2300309520583914
9.350,0.000,0.0001331255147184,0.0000718816269143,0.2300710966439133
9.400,0.000,0.0000700369815838,0.0000641362193274,0.2301113537270795
9.450,0.000,0.0000007242903209,0.0000563759331763,0.2301517196329382
9.500,0.000,-0.0000749966984366,0.0000486223839692,0.2301921907152692
9.550,0.000,-0.0001573067453849,0.0000408971704528,0.2302327633567293
9.600,0.000,-0.0002463830828884,0.0000332218444216,0.2302734339689844
9.650,0.000,-0.0003423992736904,0.0000256178817801,0.2303141989928371
9.700,0.000,-0.0004455250779192,0.0000181066548522,0.2303550548983418
9.750,0.000,-0.0005559263282843,0.0000107094059328,0.2303959981849138
9.800,0.000,-0.0006737648133507,0.0000034472220661,0.2304370253814262
9.850,0.000,-0.0007991981687750,-0.0000036589889586,0.2304781330463041
9.900,0.000,-0.0009323797763735,-0.0000105885214117,0.2305193177676067
9.950,0.000,-0.0010734586708757,-0.0000173208932441,0.2305605761631028
10.000,0.000,-0.0012225794542348,-0.0000238358665437,0.2306019048803373
0.050,2.000,0.0001966380575608,-0.0000096667618524,0.2467654452286957
0.100,2.000,0.0000280500149979,-0.0000492490621834,0.2465257640011173
0.150,2.000,-0.0001211417272959,-0.0000004498440219,0.2461877606134892
0.200,2.000,-0.0002296139938969,0.0000804457950151,0.2457736135082271
0.250,2.000,-0.0002893518041475,0.0001580106223484,0.2453027648822754
0.300,2.000,-0.0003008778131612,0.0002135464437741,0.2447916253880501
0.350,2.000,-0.0002698231489971,0.0002408116975196,0.2442534853722287
0.400,2.000,-0.0002046555359198,0.0002419351559803,0.2436986249974581
0.450,2.000,-0.0001152410694406,0.0002238047739746,0.2431345925925695
0.500,2.000,-0.0000119105860629,0.0001951194719357,0.2425666056152972
0.550,2.000,0.0000952218382040,0.0001641786732034,0.2419980214023736
0.600,2.000,0.0001968337937422,0.0001373946069684,0.2414308245111569
0.650,2.000,0.0002849100914543,0.0001184599890479,0.2408660829470009
0.700,2.000,0.0003531792429087,0.0001080843173061,0.2403043359487116
0.750,2.000,0.0003974228655328,0.0001042099851793,0.2397458900287716
0.800,2.000,0.0004156155455489,0.0001026171707525,0.2391910158214229
0.850,2.000,0.0004078792506339,0.0000978130452115,0.2386400535662532
0.900,2.000,0.0003762684828106,0.0000840766541096,0.2380934471226751
0.950,2.000,0.0003244270157536,0.0000565068778917,0.2375517331368153
1.000,2.000,0.0002571675053429,0.0000119129740492,0.2370155124290970
1.050,2.000,0.0001800218981640,-0.0000505923409320,0.2364854254602527
1.100,2.000,0.0000987989767540,-0.0001293863059682,0.2359621448641540
1.150,2.000,0.0000191726583620,-0.0002205332302151,0.2354463882143100
1.200,2.000,-0.0000536840832339,-0.0003183277538595,0.2349389459649673
1.250,2.000,-0.0001154081562951,-0.0004160679917612,0.2344407145538312
1.300,2.000,-0.0001626864436420,-0.0005069127956698,0.2339527234609895
1.350,2.000,-0.0001934149150496,-0.0005846806606814,0.2334761470100670
1.400,2.000,-0.0002067667339019,-0.0006444782407783,0.2330122956438285
1.450,2.000,-0.0002031650177504,-0.0006830925838439,0.2325625859235185
1.500,2.000,-0.0001841643652322,-0.0006991302885814,0.2321284924471540
1.550,2.000,-0.0001522545076743,-0.0006929284405274,0.2317114875639892
1.600,2.000,-0.0001106072965140,-0.0006662903328090,0.2313129759590057
1.650,2.000,-0.0000627930707160,-0.0006221120256978,0.2309342310389607
1.700,2.000,-0.0000124935634238,-0.0005639655864698,0.2305763389308761
1.750,2.000,0.0000367638855266,-0.0004956951351629,0.2302401542332683
1.800,2.000,0.0000818310905987,-0.0004210668691428,0.2299262698304172
1.850,2.000,0.0001201095844845,-0.0003434978305638,0.2296350013850414
1.900,2.000,0.0001496607282690,-0.0002658730941563,0.2293663857466464
1.950,2.000,0.0001692554605654,-0.0001904489452351,0.2291201915307067
2.000,2.000,0.0001783689415930,-0.0001188311596588,0.2288959395388112
2.050,2.000,0.0001771290140400,-0.0000520126276922,0.2286929304524823
2.100,2.000,0.0001662295237277,0.0000095472346838,0.2285102772684792
2.150,2.000,0.0001468202624509,0.0000658183045676,0.2283469401693685
2.200,2.000,0.0001203848711870,0.0001170857167246,0.2282017618642210
2.250,2.000,0.0000886167828857,0.0001638379250550,0.2280735018275400
2.300,2.000,0.0000533014997840,0.0002066655516062,0.2279608682624100
2.350,2.000,0.0000162114678531,0.0002461765705242,0.2278625469839307
2.400,2.000,-0.0000209822432057,0.0002829306146582,0.2277772267418208
2.450,2.000,-0.0000567791540668,0.0003173929575355,0.2277036207676669
2.500,2.000,-0.0000898988347142,0.0003499070571462,0.2276404845411286
2.550,2.000,-0.0001193112928740,0.0003806834263199,0.2275866299240399
2.600,2.000,-0.0001442499746499,0.0004098019506174,0.2275409359182204
2.650,2.000,-0.0001642097344041,0.0004372245202337,0.2275023563697050
2.700,2.000,-0.0001789325146281,0.0004628148834839,0.2274699249770878
2.750,2.000,-0.0001883836152042,0.0004863628765478,0.2274427579722273
2.800,2.000,-0.0001927213753327,0.0005076105595237,0.2274200548343988
2.850,2.000,-0.0001922628906044,0.0005262782288620,0.2274010973796319
2.900,2.000,-0.0001874480885712,0.0005420887321966,0.2273852475399391
2.950,2.000,-0.0001788041287305,0.0005547889489936,0.2273719441159228
3.000,2.000,-0.0001669117100817,0.0005641676965690,0.2273606987533577
3.050,2.000,-0.0001523744872064,0.0005700696632572,0.2273510913616803
3.100,2.000,-0.0001357924333593,0.0005724052535066,0.2273427651610412
3.150,2.000,-0.0001177396593369,0.0005711564535544,0.2273354215154895
3.200,2.000,-0.0000987469084130,0.0005663789947386,0.2273288146833514
3.250,2.000,-0.0000792887043608,0.0005582012102062,0.2273227465921197
3.300,2.000,-0.0000597749330794,0.0005468200565842,0.2273170617241615
3.350,2.000,-0.0000405464871238,0.0005324948121272,0.2273116421811832
3.400,2.000,-0.0000218744941661,0.0005155389737470,0.2273064029794665
3.450,2.000,-0.0000039625809133,0.0004963108634102,0.2273012876142040
3.500,2.000,0.0000130484108316,0.0004752034252276,0.2272962639196067
3.550,2.000,0.0000290738448285,0.0004526336528364,0.2272913202415749
3.600,2.000,0.0000440774174391,0.0004290320366359,0.2272864619314713
3.650,2.000,0.0000580625220927,0.0004048323652515,0.2272817081626520
3.700,2.000,0.0000710633289124,0.0003804621582441,0.2272770890657978
3.750,2.000,0.0000831359936414,0.0003563339496920,0.2272726431745411
3.800,2.000,0.0000943503403537,0.0003328375867326,0.2272684151692947
3.850,2.000,0.0001047822903717,0.0003103336548318,0.2272644539044359
3.900,2.000,0.0001145072385077,0.0002891480935532,0.2272608107019535
3.950,2.000,0.0001235945097610,0.0002695680236788,0.2272575378932745
4.000,2.000,0.0001321029671873,0.0002518387691790,0.2272546875901151
4.050,2.000,0.0001400777860970,0.0002361620260318,0.2272523106647900
4.100,2.000,0.0001475483624153,0.0002226951042782,0.2272504559204264
4.150,2.000,0.0001545272840344,0.0002115511498623,0.2272491694318114
4.200,2.000,0.0001610102639942,0.0002028002384611,0.2272484940382032
4.250,2.000,0.0001669769125637,0.0001964712242608,0.2272484689702152
4.300,2.000,0.0001723922114977,0.0001925542219924,0.2272491295938324
4.350,2.000,0.0001772085473321,0.0001910035999394,0.2272505072556893
4.400,2.000,0.0001813681601106,0.0001917413644805,0.2272526292148832
4.450,2.000,0.0001848058689374,0.0001946608224073,0.2272555186477976
4.500,2.000,0.0001874519449036,0.0001996304151811,0.2272591947136043
4.550,2.000,0.0001892350142021,0.0002064976288518,0.2272636726693295
4.600,2.000,0.0001900848888117,0.0002150928940578,0.2272689640245321
4.650,2.000,0.0001899352379131,0.0002252334018499,0.2272750767267722
4.700,2.000,0.0001887260296079,0.0002367267726153,0.2272820153701189
4.750,2.000,0.0001864056887025,0.0002493745267876,0.2272897814199603
4.800,2.000,0.0001829329318998,0.0002629753169747,0.2272983734482946
4.850,2.000,0.0001782782562143,0.0002773278914451,0.2273077873745614
4.900,2.000,0.0001724250694826,0.0002922337683729,0.2273180167078365
4.950,2.000,0.0001653704633260,0.0003074996087610,0.2273290527869293
5.000,2.000,0.0001571256387539,0.0003229392834682,0.2273408850155459
5.050,2.000,0.0001477160026094,0.0003383756362312,0.2273535010902489
5.100,2.000,0.0001371809594448,0.0003536419500182,0.2273668872194267
5.150,2.000,0.0001255734282569,0.0003685831285028,0.2273810283319194
5.200,2.000,0.0001129591167159,0.0003830566079637,0.2273959082743205
5.250,2.000,0.0000994155875901,0.0003969330175864,0.2274115099962837
5.300,2.000,0.0000850311528186,0.0004100966080272,0.2274278157234368
5.350,2.000,0.0000699036305354,0.0004224454693052,0.2274448071177293
5.400,2.000,0.0000541389993161,0.0004338915596984,0.2274624654252272
5.450,2.000,0.0000378499822702,0.0004443605674167,0.2274807716115122
5.500,2.000,0.0000211545914145,0.0004537916265069,0.2274997064849810
5.550,2.000,0.0000041746601362,0.0004621369077786,0.2275192508084176
5.600,2.000,-0.0000129656111163,0.0004693611046101,0.2275393853993001
5.650,2.000,-0.0000301410738730,0.0004754408323504,0.2275600912193496
5.700,2.000,-0.0000472269963231,0.0004803639587575,0.2275813494538685
5.750,2.000,-0.0000641003574699,0.0004841288815271,0.2276031415814457
5.800,2.000,-0.0000806410575824,0.0004867437675412,0.2276254494346087
5.850,2.000,-0.0000967330344737,0.0004882257670160,0.2276482552520193
5.900,2.000,-0.0001122652777296,0.0004886002142969,0.2276715417227969
5.950,2.000,-0.0001271327353764,0.0004878998256500,0.2276952920235446
6.000,2.000,-0.0001412371097012,0.0004861639030661,0.2277194898486464
6.050,2.000,-0.0001544875408625,0.0004834375518135,0.2277441194343759
6.100,2.000,-0.0001668011786209,0.0004797709182973,0.2277691655773437
6.150,2.000,-0.0001781036440788,0.0004752184536694,0.2277946136477812
6.200,2.000,-0.0001883293845512,0.0004698382076247,0.2278204495981432
6.250,2.000,-0.0001974219257963,0.0004636911558987,0.2278466599674765
6.300,2.000,-0.0002053340267022,0.0004568405641403,0.2278732318819867
6.350,2.000,-0.0002120277422308,0.0004493513901008,0.2279001530521994
6.400,2.000,-0.0002174744009277,0.0004412897254143,0.2279274117670987
6.450,2.000,-0.0002216545037868,0.0004327222776663,0.2279549968855925
6.500,2.000,-0.0002245575513410,0.0004237158929506,0.2279828978256290
6.550,2.000,-0.0002261818061631,0.0004143371186744,0.2280111045512821
6.600,2.000,-0.0002265339978555,0.0004046518060125,0.2280396075580718
6.650,2.000,-0.0002256289775986,0.0003947247511000,0.2280683978567981
6.700,2.000,-0.0002234893291874,0.0003846193738008,0.2280974669561189
6.750,2.000,-0.0002201449432331,0.0003743974326852,0.2281268068440983
6.800,2.000,-0.0002156325610209,0.0003641187746926,0.2281564099689304
6.850,2.000,-0.0002099952941492,0.0003538411178268,0.2281862692190205
6.900,2.000,-0.0002032821257294,0.0003436198651508,0.2282163779026017
6.950,2.000,-0.0001955473986375,0.0003335079482877,0.2282467297270316
7.000,2.000,-0.0001868502958564,0.0003235556985994,0.2282773187779178
7.050,2.000,-0.0001772543175762,0.0003138107442131,0.2283081394981943
7.100,2.000,-0.0001668267593414,0.0003043179310663,0.2283391866672647
7.150,2.000,-0.0001556381951191,0.0002951192661718,0.2283704553803101
7.200,2.000,-0.0001437619687759,0.0002862538813410,0.2284019410278584
7.250,2.000,-0.0001312736970910,0.0002777580156523,0.2284336392756898
7.300,2.000,-0.0001182507869954,0.0002696650150099,0.2284655460451512
7.350,2.000,-0.0001047719694529,0.0002620053472026,0.2284976574939419
7.400,2.000,-0.0000909168520197,0.0002548066309397,0.2285299699974190
7.450,2.000,-0.0000767654917623,0.0002480936774172,0.2285624801304769
7.500,2.000,-0.0000623979899527,0.0002418885430386,0.2285951846500278
7.550,2.000,-0.0000478941096761,0.0002362105919926,0.2286280804781217
7.600,2.000,-0.0000333329171749,0.0002310765674694,0.2286611646857324
7.650,2.000,-0.0000187924475585,0.0002265006703661,0.2286944344772227
7.700,2.000,-0.0000043493952239,0.0002224946444129,0.2287278871755096
7.750,2.000,0.0000099211708045,0.0002190678667227,0.2287615202079357
7.800,2.000,0.0000239460666512,0.0002162274428371,0.2287953310928565
7.850,2.000,0.0000376542286653,0.0002139783054114,0.2288293174269380
7.900,2.000,0.0000509769241386,0.0002123233157464,0.2288634768731731
7.950,2.000,0.0000638479381052,0.0002112633674393,0.2288978071496025
8.000,2.000,0.0000762037368322,0.0002107974914850,0.2289323060187360
8.050,2.000,0.0000879836086810,0.0002109229622181,0.2289669712776695
8.100,2.000,0.0000991297830971,0.0002116354035369,0.2290018007488714
8.150,2.000,0.0001095875285752,0.0002129288949079,0.2290367922716413
8.200,2.000,0.0001193052304957,0.0002147960766902,0.2290719436942086
8.250,2.000,0.0001282344497819,0.0002172282543723,0.2291072528664663
8.300,2.000,0.0001363299633790,0.0002202155013497,0.2291427176333106
8.350,2.000,0.0001435497874968,0.0002237467599173,0.2291783358285765
8.400,2.000,0.0001498551847370,0.0002278099401846,0.2292141052695392
8.450,2.000,0.0001552106560424,0.0002323920166564,0.2292500237519658
8.500,2.000,0.0001595839185800,0.0002374791222579,0.2292860890456929
8.550,2.000,0.0001629458705237,0.0002430566396071,0.2293222988907086
8.600,2.000,0.0001652705437959,0.0002491092893740,0.2293586509937159
8.650,2.000,0.0001665350457421,0.0002556212155810,0.2293951430251533
8.700,2.000,0.0001667194907421,0.0002625760677363,0.2294317726166539
8.750,2.000,0.0001658069226767,0.0002699570797001,0.2294685373589143
8.800,2.000,0.0001637832292132,0.0002777471452180,0.2295054347999561
8.850,2.000,0.0001606370487753,0.0002859288900638,0.2295424624437553
8.900,2.000,0.0001563596710757,0.0002944847407578,0.2295796177492185
8.950,2.000,0.0001509449320472,0.0003033969898397,0.2296168981294818
9.000,2.000,0.0001443891039271,0.0003126478576939,0.2296543009515165
9.050,2.000,0.0001366907813015,0.0003222195509321,0.2296918235360160
9.100,2.000,0.0001278507637762,0.0003320943173571,0.2297294631575468
9.150,2.000,0.0001178719359952,0.0003422544975374,0.2297672170449427
9.200,2.000,0.0001067591456133,0.0003526825730382,0.2298050823819254
9.250,2.000,0.0000945190798591,0.0003633612113576,0.2298430563079312
9.300,2.000,0.0000811601412190,0.0003742733076282,0.2298811359191258
9.350,2.000,0.0000666923227956,0.0003854020231530,0.2299193182695949
9.400,2.000,0.0000511270838403,0.0003967308208479,0.2299576003726886
9.450,2.000,0.0000344772258838,0.0004082434976717,0.2299959792025086
9.500,2.000,0.0000167567699067,0.0004199242141268,0.2300344516955214
9.550,2.000,-0.0000020191650311,0.0004317575209227,0.2300730147522829
9.600,2.000,-0.0000218344814220,0.0004437283828927,0.2301116652392637
9.650,2.000,-0.0000426722207833,0.0004558222002608,0.2301503999907598
9.700,2.000,-0.0000645146787593,0.0004680248273596,0.2301892158108774
9.750,2.000,-0.0000873435175281,0.0004803225888976,0.2302281094755812
9.800,2.000,-0.0001111398753020,0.0004927022938799,0.2302670777347961
9.850,2.000,-0.0001358844727121,0.0005051512472863,0.2303061173145495
9.900,2.000,-0.0001615577158700,0.0005176572596100,0.2303452249191467
9.950,2.000,-0.0001881397959461,0.0005302086543628,0.2303843972333717
10.000,2.000,-0.0002156107851618,0.0005427942736511,0.2304236309247034
0.050,1.000,0.0006665453581869,-0.0002651331771039,0.2640470063255956
0.100,1.000,0.0006780928889883,-0.0004229464856964,0.2624362442555231
0.150,1.000,0.0001950773991692,-0.0004978714503098,0.2603975628596219
0.200,1.000,-0.0003818633632794,-0.0004834859947142,0.2580187468334911
0.250,1.000,-0.0007739629438061,-0.0003803788854454,0.2553861840317541
0.300,1.000,-0.0008484173329954,-0.0002140580652226,0.2525845853391743
0.350,1.000,-0.0006100110103114,-0.0000354155229656,0.2496962587027036
0.400,1.000,-0.0001661440798880,0.0000921085678963,0.2467999166170016
0.450,1.000,0.0003233702025295,0.0001120332079716,0.2439690440966020
0.500,1.000,0.0006987449904915,-0.0000063467627225,0.2412699182230448
0.550,1.000,0.0008437082288829,-0.0002560851229984,0.2387594479128523
0.600,1.000,0.0007128072721056,-0.0005912477867247,0.2364830822328896
0.650,1.000,0.0003399631007964,-0.0009362432963581,0.2344730956679913
0.700,1.000,-0.0001700831188269,-0.0012026938734520,0.2327475710707296
0.750,1.000,-0.0006627712823933,-0.0013087106496123,0.2313103420005088
0.800,1.000,-0.0009610128210966,-0.0011952680131516,0.2301520212326600
0.850,1.000,-0.0008926188107643,-0.0008359177635738,0.2292520554839452
0.900,1.000,-0.0003129394587096,-0.0002385586049021,0.2285815570078396
0.950,1.000,0.0008802542031171,0.0005596520896837,0.2281065267255691
1.000,1.000,0.0027404952124871,0.0015016710157613,0.2277910399655572
1.000,0.050,-0.0002650940667182,0.0004224536429253,0.2276730464289745
1.000,0.100,-0.0009015451974646,0.0003857214002038,0.2277502785307498
1.000,0.150,-0.0011315713052511,0.0002567343246102,0.2278041006636090
1.000,0.200,-0.0010533531335949,0.0000774808192486,0.2278412288470962
1.000,0.250,-0.0007673235443133,-0.0001127206554065,0.2278678434461524
1.000,0.300,-0.0003716581505660,-0.0002775840164725,0.2278894896797172
1.000,0.350,0.0000426330535448,-0.0003848761007442,0.2279109043089197
1.000,0.400,0.0003961082817736,-0.0004083301678723,0.2279357631312445
1.000,0.450,0.0006242022167446,-0.0003307195798042,0.2279663609955691
1.000,0.500,0.0006803316807098,-0.0001483591055404,0.2280032687755052
1.000,0.550,0.0005429816933787,0.0001228176047485,0.2280450649019383
1.000,0.600,0.0002356507969140,0.0004399022483880,0.2280883104861160
1.000,0.650,-0.0001302967203187,0.0007258632752467,0.2281280015157041
1.000,0.700,-0.0003005062568774,0.0008666831172040,0.2281587041068905
1.000,0.750,0.0000890400737514,0.0007218057925654,0.2281762337582310
1.000,0.800,0.0010624005946039,0.0001670162808671,0.2281785318232241
1.000,0.850,0.0010056403523144,-0.0007773306884209,0.2281613093490376
1.000,0.900,-0.0028703231997483,-0.0015321624963751,0.2281015511926211
1.000,0.950,-0.0000312799325777,-0.0001539027458581,0.2279592941378101
0.000,1.000,-0.0003080877074975,-0.0000021728026048,0.2651405557417393
0.000,1.050,0.1882313411622909,0.0021482486203085,0.2663873327181659
0.000,1.100,0.3619201900264076,0.0018665779667876,0.2658389391214511
0.000,1.150,0.5102284261398455,0.0006287296013102,0.2645084069192246
0.000,1.200,0.6392865882374438,-0.0001470807387092,0.2628759760622526
0.000,1.250,0.7492639338952005,-0.0004394261115755,0.2611304037518172
0.000,1.300,0.8395769639254578,-0.0004635101562706,0.2593591475978528
0.000,1.350,0.9098811771378625,-0.0003860150989653,0.2576166942953811
0.000,1.400,0.9600733245045107,-0.0003040748378565,0.2559450213017539
0.000,1.450,0.9901664408453638,-0.0002669870052819,0.2543792549878811
0.000,1.500,1.0002042555141188,-0.0002913719350742,0.2529490021098760
0.000,1.550,0.9902239751732438,-0.0003668209115484,0.2516783202008427
0.000,1.600,0.9602458335183132,-0.0004591926121143,0.2505850146645193
0.000,1.650,0.9102694852191247,-0.0005189949488078,0.2496792839278596
0.000,1.700,0.8402672570466317,-0.0004988757078686,0.2489616245793186
0.000,1.750,0.7501783289076546,-0.0003778814068447,0.2484201150964486
0.000,1.800,0.6399238297338247,-0.0001817201106329,0.2480276800740679
0.000,1.850,0.5094720347290371,0.0000181709108877,0.2477405781774876
0.000,1.900,0.3589709440222762,0.0001409865966242,0.2474997889682086
0.000,1.950,0.1889251566975965,0.0001649844946591,0.2472366212583280
0.000,2.000,0.0003439973927754,0.0001991610953384,0.2468823693376961
