1.000,0.000,-0.0010016022755869,0.0003166872703918,-0.1158783472628601
1.050,0.000,-0.0001347985917178,0.0000724063765561,-0.1157966795746632
1.100,0.000,0.0003325295355802,0.0000798701938458,-0.1157784616773311
1.150,0.000,0.0005168208128107,0.0001706631614563,-0.1157981723576425
1.200,0.000,0.0005147163456544,0.0002486680987157,-0.1158314634868424
1.250,0.000,0.0004046363203822,0.0002710152327828,-0.1158553931629398
1.300,0.000,0.0002473642023928,0.0002305701581031,-0.1158490997374926
1.350,0.000,0.0000862803466326,0.0001418690989102,-0.1157948283482330
1.400,0.000,-0.0000520337481467,0.0000305207626045,-0.1156790978703567
1.450,0.000,-0.0001559312700050,-0.0000749569496777,-0.1154936799121412
1.500,0.000,-0.0002249031915397,-0.0001499654696205,-0.1152360079580740
1.550,0.000,-0.0002641169680245,-0.0001794877107076,-0.1149087162509206
1.600,0.000,-0.0002789073128159,-0.0001614459413495,-0.1145182580164842
1.650,0.000,-0.0002715014461165,-0.0001061878623149,-0.1140729031017603
1.700,0.000,-0.0002412909454550,-0.0000318048673425,-0.1135806924134512
1.750,0.000,-0.0001877917223310,0.0000427953529649,-0.1130479528058621
1.800,0.000,-0.0001138111005418,0.0001038778963876,-0.1124787161264308
1.850,0.000,-0.0000266079673361,0.0001455744185296,-0.1118749954352953
1.900,0.000,0.0000634427287067,0.0001690562367606,-0.1112375772593229
1.950,0.000,0.0001455592099799,0.0001796756487879,-0.1105669177434691
2.000,0.000,0.0002110825520996,0.0001839103184724,-0.1098638467419842
2.050,0.000,0.0002548686116762,0.0001872487361688,-0.1091299640644557
2.100,0.000,0.0002754292397442,0.0001932604080817,-0.1083677529840247
2.150,0.000,0.0002742335797995,0.0002035503027647,-0.1075805014814675
2.200,0.000,0.0002546834488455,0.0002181665253357,-0.1067721264816961
2.250,0.000,0.0002211346561031,0.0002361313300881,-0.1059469715913422
2.300,0.000,0.0001781423787049,0.0002559181036328,-0.1051096189011305
2.350,0.000,0.0001299653429334,0.0002758119109091,-0.1042647320829182
2.400,0.000,0.0000802899716400,0.0002941528357821,-0.1034169338513294
2.450,0.000,0.0000321131804163,0.0003094846590779,-0.1025707140964644
2.500,0.000,-0.0000122732518751,0.0003206348102980,-0.1017303628478666
2.550,0.000,-0.0000512401160342,0.0003267473471079,-0.1008999224121881
2.600,0.000,-0.0000837492031414,0.0003272850672090,-0.1000831540846666
2.650,0.000,-0.0001092706327443,0.0003220120000419,-0.0992835160089444
2.700,0.000,-0.0001276991096569,0.0003109639286478,-0.0985041497378918
2.750,0.000,-0.0001392741396689,0.0002944120930740,-0.0977478737553022
2.800,0.000,-0.0001445063090108,0.0002728235402557,-0.0970171826850967
2.850,0.000,-0.0001441101837431,0.0002468204643656,-0.0963142512037455
2.900,0.000,-0.0001389436897198,0.0002171401461387,-0.0956409418444638
2.950,0.000,-0.0001299536282652,0.0001845966227772,-0.0949988159864111
3.000,0.000,-0.0001181270269768,0.0001500449117630,-0.0943891473916863
3.050,0.000,-0.0001044481670341,0.0001143484077304,-0.0938129377077082
3.100,0.000,-0.0000898612761569,0.0000783499255167,-0.0932709334037604
3.150,0.000,-0.0000752389804261,0.0000428467434560,-0.0927636436630121
3.200,0.000,-0.0000613566469325,0.0000085698896503,-0.0922913588065214
3.250,0.000,-0.0000488727205566,-0.0000238321992045,-0.0918541688828168
3.300,0.000,-0.0000383150712338,-0.0000538056343504,-0.0914519821140484
3.350,0.000,-0.0000300732391664,-0.0000808987540788,-0.0910845429455501
3.400,0.000,-0.0000243963132463,-0.0001047657484099,-0.0907514494983488
3.450,0.000,-0.0000213960208878,-0.0001251665582738,-0.0904521702723860
3.500,0.000,-0.0000210544619111,-0.0001419634681566,-0.0901860599911493
3.550,0.000,-0.0000232357976108,-0.0001551148804628,-0.0899523745155697
3.600,0.000,-0.0000277011177732,-0.0001646668054732,-0.0897502847863616
3.650,0.000,-0.0000341256575131,-0.0001707426215285,-0.0895788897796213
3.700,0.000,-0.0000421175237293,-0.0001735316568442,-0.0894372284808556
3.750,0.000,-0.0000512371152561,-0.0001732771193821,-0.0893242908982660
3.800,0.000,-0.0000610164773430,-0.0001702638580079,-0.0892390281475743
3.850,0.000,-0.0000709779132941,-0.0001648063808745,-0.0891803616486848
3.900,0.000,-0.0000806512775958,-0.0001572374901457,-0.0891471914796044
3.950,0.000,-0.0000895894879839,-0.0001478978201366,-0.0891384039358400
4.000,0.000,-0.0000973819121338,-0.0001371264928442,-0.0891528783445665
4.050,0.000,-0.0001036654018394,-0.0001252530340628,-0.0891894931825811
4.100,0.000,-0.0001081328584034,-0.0001125906277028,-0.0892471315458582
4.150,0.000,-0.0001105393137545,-0.0000994307275876,-0.0893246860167024
4.200,0.000,-0.0001107055993764,-0.0000860389962384,-0.0894210629722730
4.250,0.000,-0.0001085197480538,-0.0000726524996552,-0.0895351863758799
4.300,0.000,-0.0001039363306516,-0.0000594780560147,-0.0896660010899817
4.350,0.000,-0.0000969739719748,-0.0000466916140950,-0.0898124757474053
4.400,0.000,-0.0000877113168717,-0.0000344385235030,-0.0899736052149919
4.450,0.000,-0.0000762817314763,-0.0000228345523570,-0.0901484126816977
4.500,0.000,-0.0000628670264636,-0.0000119675079725,-0.0903359514011383
4.550,0.000,-0.0000476904812790,-0.0000018993210561,-0.0905353061166956
4.600,0.000,-0.0000310094324549,0.0000073315371444,-0.0907455941955687
4.650,0.000,-0.0000131076671095,0.0000157074235012,-0.0909659664965558
4.700,0.000,0.0000057121634300,0.0000232287825879,-0.0911956079948621
4.750,0.000,0.0000251359238555,0.0000299113876028,-0.0914337381858752
4.800,0.000,0.0000448450130594,0.0000357836381366,-0.0916796112885342
4.850,0.000,0.0000645228944294,0.0000408839756405,-0.0919325162677159
4.900,0.000,0.0000838610416156,0.0000452584635979,-0.0921917766939172
4.950,0.000,0.0001025642305322,0.0000489585666490,-0.0924567504573996
5.000,0.000,0.0001203551335126,0.0000520391514714,-0.0927268293529160
5.050,0.000,0.0001369781939590,0.0000545567222388,-0.0930014385501337
5.100,0.000,0.0001522027794847,0.0000565678949808,-0.0932800359638732
5.150,0.000,0.0001658256281406,0.0000581281081147,-0.0935621115373616
5.200,0.000,0.0001776726160693,0.0000592905608232,-0.0938471864507629
5.250,0.000,0.0001875998858059,0.0000601053665964,-0.0941348122663866
5.300,0.000,0.0001954943828066,0.0000606189061216,-0.0944245700211132
5.350,0.000,0.0002012738536176,0.0000608733615783,-0.0947160692757664
5.400,0.000,0.0002048863629130,0.0000609064131664,-0.0950089471303562
5.450,0.000,0.0002063093885502,0.0000607510782176,-0.0953028672133886
5.500,0.000,0.0002055485540509,0.0000604356733748,-0.0955975186526917
5.550,0.000,0.0002026360569996,0.0000599838809294,-0.0958926150345367
5.600,0.000,0.0001976288496592,0.0000594149013860,-0.0961878933571669
5.650,0.000,0.0001906066253174,0.0000587436755804,-0.0964831129842417
5.700,0.000,0.0001816696601877,0.0000579811610892,-0.0967780546031056
5.750,0.000,0.0001709365568295,0.0000571346491978,-0.0970725191922576
5.800,0.000,0.0001585419307047,0.0000562081102561,-0.0973663270018610
5.850,0.000,0.0001446340771262,0.0000552025568068,-0.0976593165506846
5.900,0.000,0.0001293726514154,0.0000541164153765,-0.0979513436423845
5.950,0.000,0.0001129263907639,0.0000529458992407,-0.0982422804036447
6.000,0.000,0.0000954709020719,0.0000516853758094,-0.0985320143463075
6.050,0.000,0.0000771865360855,0.0000503277234879,-0.0988204474552628
6.100,0.000,0.0000582563643864,0.0000488646739645,-0.0991074953035593
6.150,0.000,0.0000388642723919,0.0000472871368474,-0.0993930861958834
6.200,0.000,0.0000191931783044,0.0000455855044226,-0.0996771603413073
6.250,0.000,-0.0000005766148390,0.0000437499350423,-0.0999596690559535
6.300,0.000,-0.0000202689294165,0.0000417706142578,-0.1002405739959957
6.350,0.000,-0.0000397130834261,0.0000396379933579,-0.1005198464212451
6.400,0.000,-0.0000587451202390,0.0000373430053666,-0.1007974664893608
6.450,0.000,-0.0000772088991310,0.0000348772589141,-0.1010734225806112
6.500,0.000,-0.0000949570493176,0.0000322332106536,-0.1013477106529346
6.550,0.000,-0.0001118517912946,0.0000294043170907,-0.1016203336269569
6.600,0.000,-0.0001277656303448,0.0000263851668417,-0.1018913008005086
6.650,0.000,-0.0001425819277607,0.0000231715944247,-0.1021606272920929
6.700,0.000,-0.0001561953559497,0.0000197607767399,-0.1024283335126913
6.750,0.000,-0.0001685122440363,0.0000161513134306,-0.1026944446652136
6.800,0.000,-0.0001794508208175,0.0000123432922834,-0.1029589902708608
6.850,0.000,-0.0001889413621509,0.0000083383408327,-0.1032220037216195
6.900,0.000,-0.0001969262499025,0.0000041396652620,-0.1034835218580766
6.950,0.000,-0.0002033599495348,-0.0000002479223387,-0.1037435845717133
7.000,0.000,-0.0002082089134038,-0.0000048179873684,-0.1040022344308229
7.050,0.000,-0.0002114514165585,-0.0000095624658407,-0.1042595163291880
7.100,0.000,-0.0002130773317815,-0.0000144716663828,-0.1045154771566359
7.150,0.000,-0.0002130878502239,-0.0000195342803131,-0.1047701654906120
7.200,0.000,-0.0002114951538425,-0.0000247373990806,-0.1050236313078831
7.250,0.000,-0.0002083220454444,-0.0000300665384043,-0.1052759257155274
7.300,0.000,-0.0002036015419445,-0.0000355056685094,-0.1055271007003423
7.350,0.000,-0.0001973764360363,-0.0000410372499224,-0.1057772088958513
7.400,0.000,-0.0001896988311956,-0.0000466422743255,-0.1060263033660704
7.450,0.000,-0.0001806296546316,-0.0000523003100225,-0.1062744374052507
7.500,0.000,-0.0001702381524364,-0.0000579895516154,-0.1065216643528017
7.550,0.000,-0.0001586013709190,-0.0000636868735089,-0.1067680374226408
7.600,0.000,-0.0001458036277821,-0.0000693678869105,-0.1070136095462345
7.650,0.000,-0.0001319359765076,-0.0000750070000120,-0.1072584332286083
7.700,0.000,-0.0001170956670515,-0.0000805774810542,-0.1075025604166477
7.750,0.000,-0.0001013856056601,-0.0000860515240128,-0.1077460423790119
7.800,0.000,-0.0000849138163889,-0.0000914003166399,-0.1079889295970290
7.850,0.000,-0.0000677929066357,-0.0000965941106219,-0.1082312716659546
7.900,0.000,-0.0000501395387946,-0.0001016022936211,-0.1084731172059934
7.950,0.000,-0.0000320739099142,-0.0001063934629708,-0.1087145137825318
8.000,0.000,-0.0000137192410360,-0.0001109355008096,-0.1089555078350220
8.050,0.000,0.0000047987222860,-0.0001151956504360,-0.1091961446140117
8.100,0.000,0.0000233521969676,-0.0001191405936763,-0.1094364681258124
8.150,0.000,0.0000418118357281,-0.0001227365290544,-0.1096765210843366
8.200,0.000,0.0000600471857637,-0.0001259492505595,-0.1099163448696516
8.250,0.000,0.0000779271318987,-0.0001287442268061,-0.1101559794928220
8.300,0.000,0.0000953203234825,-0.0001310866803856,-0.1103954635666229
8.350,0.000,0.0001120955844257,-0.0001329416672082,-0.1106348342817414
8.400,0.000,0.0001281223058488,-0.0001342741556343,-0.1108741273880967
8.450,0.000,0.0001432708209711,-0.0001350491052028,-0.1111133771809159
8.500,0.000,0.0001574127619156,-0.0001352315447592,-0.1113526164912493
8.550,0.000,0.0001704213982048,-0.0001347866497928,-0.1115918766805910
8.600,0.000,0.0001821719568228,-0.0001336798188003,-0.1118311876393175
8.650,0.000,0.0001925419237483,-0.0001318767484841,-0.1120705777886546
8.700,0.000,0.0002014113269765,-0.0001293435076166,-0.1123100740859024
8.750,0.000,0.0002086630010758,-0.0001260466093923,-0.1125497020326708
8.800,0.000,0.0002141828333904,-0.0001219530821008,-0.1127894856858781
8.850,0.000,0.0002178599920538,-0.0001170305379660,-0.1130294476712869
8.900,0.000,0.0002195871360126,-0.0001112472399910,-0.1132696091993694
8.950,0.000,0.0002192606073375,-0.0001045721666709,-0.1135099900832909
9.000,0.000,0.0002167806060519,-0.0000969750744318,-0.1137506087588256
9.050,0.000,0.0002120513478684,-0.0000884265576705,-0.1139914823060227
9.100,0.000,0.0002049812051310,-0.0000788981062753,-0.1142326264724578
9.150,0.000,0.0001954828313634,-0.0000683621605175,-0.1144740556979033
9.200,0.000,0.0001834732698372,-0.0000567921632170,-0.1147157831402716
9.250,0.000,0.0001688740465538,-0.0000441626090846,-0.1149578207026902
9.300,0.000,0.0001516112481271,-0.0000304490911721,-0.1152001790615759
9.350,0.000,0.0001316155849879,-0.0000156283443525,-0.1154428676955779
9.400,0.000,0.0001088224404271,0.0000003217142277,-0.1156858949152839
9.450,0.000,0.0000831719059287,0.0000174219477685,-0.1159292678935656
9.500,0.000,0.0000546088033294,0.0000356919655515,-0.1161729926964745
9.550,0.000,0.0000230826942833,0.0000551500918189,-0.1164170743145814
9.600,0.000,-0.0000114521224173,0.0000758133378070,-0.1166615166946689
9.650,0.000,-0.0000490366251795,0.0000976973769560,-0.1169063227717055
9.700,0.000,-0.0000897070950443,0.0001208165232798,-0.1171514945010061
9.750,0.000,-0.0001334951517108,0.0001451837128972,-0.1173970328905129
9.800,0.000,-0.0001804277996046,0.0001708104886971,-0.1176429380331291
9.850,0.000,-0.0002305274834705,0.0001977069881116,-0.1178892091390431
9.900,0.000,-0.0002838121529460,0.0002258819339619,-0.1181358445679707
9.950,0.000,-0.0003402953356049,0.0002553426283292,-0.1183828418612817
10.000,0.000,-0.0003999862179264,0.0002860949493981,-0.1186301977739394
0.050,2.000,0.0001717739487349,-0.0000305488247001,-0.0608599060130242
0.100,2.000,-0.0001002475676084,0.0000486261706269,-0.0628823915096097
0.150,2.000,-0.0002897467901268,0.0001393320796519,-0.0649141016314887
0.200,2.000,-0.0004027680382627,0.0002147014268559,-0.0669560249782487
0.250,2.000,-0.0004493219761393,0.0002572645478568,-0.0690093168756197
0.300,2.000,-0.0004419357565386,0.0002590768806135,-0.0710748164128277
0.350,2.000,-0.0003941802623772,0.0002210506814664,-0.0731525431072734
0.400,2.000,-0.0003193159220918,0.0001515025265615,-0.0752411994762190
0.450,2.000,-0.0002291944365148,0.0000640188287683,-0.0773377140618787
0.500,2.000,-0.0001335283710732,-0.0000251668683931,-0.0794368674538209
0.550,2.000,-0.0000395944253668,-0.0001000100634408,-0.0815310497976474
0.600,2.000,0.0000476267440810,-0.0001473714833804,-0.0836101997380835
0.650,2.000,0.0001249437124971,-0.0001592541644868,-0.0856619689002229
0.700,2.000,0.0001902216714226,-0.0001342185580057,-0.0876721402962783
0.750,2.000,0.0002416227712116,-0.0000776983589083,-0.0896253021801503
0.800,2.000,0.0002770457832767,-0.0000010611535196,-0.0915057421537063
0.850,2.000,0.0002939718055008,0.0000805608521481,-0.0932984846568683
0.900,2.000,0.0002898417285323,0.0001514091149904,-0.0949903568872313
0.950,2.000,0.0002629463284921,0.0001986807344906,-0.0965709442205812
1.000,2.000,0.0002136205772404,0.0002157909857606,-0.0980332954722260
1.050,2.000,0.0001453465673023,0.0002044226150591,-0.0993742645613021
1.100,2.000,0.0000652499180769,0.0001745250633832,-0.1005944241113985
1.150,2.000,-0.0000165145411530,0.0001417150821341,-0.1016975474477411
1.200,2.000,-0.0000888097581495,0.0001220457760452,-0.1026897169922605
1.250,2.000,-0.0001429281951731,0.0001248659300186,-0.1035781761091754
1.300,2.000,-0.0001765993655819,0.0001456509973649,-0.1043701087215206
1.350,2.000,-0.0001966154840781,0.0001625668365024,-0.1050716219629902
1.400,2.000,-0.0002164881967380,0.0001428238811630,-0.1056873006562204
1.450,2.000,-0.0002452597370427,0.0000645260277964,-0.1062206551947470
1.500,2.000,-0.0002692926428202,-0.0000506899868683,-0.1066752617679969
1.550,2.000,-0.0002442881787916,-0.0001236880019656,-0.1070551404450750
1.600,2.000,-0.0001263424389862,-0.0000674936006647,-0.1073619463553870
1.650,2.000,0.0000629265153723,0.0001088453282288,-0.1075892004612591
1.700,2.000,0.0002212104891228,0.0002672850447867,-0.1077209983259248
1.750,2.000,0.0002639118582910,0.0002734160386032,-0.1077435102716136
1.800,2.000,0.0002192235852904,0.0001392283571752,-0.1076619107955872
1.850,2.000,0.0001792106399435,-0.0000199014616321,-0.1075035972450994
1.900,2.000,0.0001930521204147,-0.0001179627596676,-0.1073038610010236
1.950,2.000,0.0002439994661645,-0.0001418731716835,-0.1070896206278740
2.000,2.000,0.0002932389163009,-0.0001137888924505,-0.1068734900511147
2.050,2.000,0.0003148617013752,-0.0000556110878341,-0.1066569508737924
2.100,2.000,0.0003013999534522,0.0000192911798747,-0.1064361501826561
2.150,2.000,0.0002562190329628,0.0001021209668475,-0.1062062757402099
2.200,2.000,0.0001864276531874,0.0001850983555007,-0.1059637155024626
2.250,2.000,0.0000995676941956,0.0002608202571557,-0.1057066525197243
2.300,2.000,0.0000027773583221,0.0003230539450244,-0.1054348876008477
2.350,2.000,-0.0000971821269829,0.0003675620835681,-0.1051494068022379
2.400,2.000,-0.0001938595640649,0.0003924339083644,-0.1048519447133423
2.450,2.000,-0.0002812312026318,0.0003979349413115,-0.1045446336486524
2.500,2.000,-0.0003539647378654,0.0003860597466896,-0.1042297525157631
2.550,2.000,-0.0004077283236350,0.0003599669464950,-0.1039095605894882
2.600,2.000,-0.0004394580210897,0.0003234200867282,-0.1035861950728262
2.650,2.000,-0.0004475308651600,0.0002803044339703,-0.1032616134569983
2.700,2.000,-0.0004318213044748,0.0002342515075149,-0.1029375660587852
2.750,2.000,-0.0003936410226805,0.0001883789703807,-0.1026155882907388
2.800,2.000,-0.0003355766237239,0.0001451392352054,-0.1022970055014405
2.850,2.000,-0.0002612481030894,0.0001062622212299,-0.1019829455756372
2.900,2.000,-0.0001750150007931,0.0000727737812807,-0.1016743560859767
2.950,2.000,-0.0000816578116577,0.0000450700052438,-0.1013720238454701
3.000,2.000,0.0000139395199926,0.0000230280713973,-0.1010765953962029
3.050,2.000,0.0001070836860476,0.0000061360272433,-0.1007885974142507
3.100,2.000,0.0001935249960589,-0.0000063735566937,-0.1005084563032089
3.150,2.000,0.0002696568551127,-0.0000153980348015,-0.1002365164491122
3.200,2.000,0.0003326547875073,-0.0000218559054496,-0.0999730567564333
3.250,2.000,0.0003805532555094,-0.0000266002056935,-0.0997183052020026
3.300,2.000,0.0004122631318492,-0.0000303564854373,-0.0994724512450064
3.350,2.000,0.0004275364450604,-0.0000336852022281,-0.0992356560236335
3.400,2.000,0.0004268877607254,-0.0000369663697625,-0.0990080603552123
3.450,2.000,0.0004114832159375,-0.0000404028958370,-0.0987897906364405
3.500,2.000,0.0003830088079782,-0.0000440382564346,-0.0985809628115966
3.550,2.000,0.0003435291531921,-0.0000477839180678,-0.0983816846365405
3.600,2.000,0.0002953467495282,-0.0000514521460220,-0.0981920565119070
3.650,2.000,0.0002408700151234,-0.0000547904012703,-0.0980121711877471
3.700,2.000,0.0001824962790716,-0.0000575143028319,-0.0978421126525325
3.750,2.000,0.0001225137101086,-0.0000593369895145,-0.0976819545118808
3.800,2.000,0.0000630240982192,-0.0000599935480231,-0.0975317581379791
3.850,2.000,0.0000058866200679,-0.0000592599034050,-0.0973915708322935
3.900,2.000,-0.0000473186719438,-0.0000569661446935,-0.0972614241957002
3.950,2.000,-0.0000953098518777,-0.0000530046661941,-0.0971413328462247
4.000,2.000,-0.0001371073615249,-0.0000473337518375,-0.0970312935699456
4.050,2.000,-0.0001720264089558,-0.0000399773428906,-0.0969312849395872
4.100,2.000,-0.0001996603370269,-0.0000310217437358,-0.0968412673914955
4.150,2.000,-0.0002198574886342,-0.0000206099728594,-0.0967611837174100
4.200,2.000,-0.0002326937184462,-0.0000089343881128,-0.0966909599038420
4.250,2.000,-0.0002384423044576,0.0000037718703100,-0.0966305062388541
4.300,2.000,-0.0002375426461473,0.0000172441551355,-0.0965797186025139
4.350,2.000,-0.0002305688258524,0.0000311959089759,-0.0965384798614682
4.400,2.000,-0.0002181988638999,0.0000453282421843,-0.0965066612977735
4.450,2.000,-0.0002011853103509,0.0000593391979001,-0.0964841240151197
4.500,2.000,-0.0001803276743663,0.0000729324533041,-0.0964707202799277
4.550,2.000,-0.0001564470815911,0.0000858252477749,-0.0964662947687917
4.600,2.000,-0.0001303634576621,0.0000977553713334,-0.0964706857062710
4.650,2.000,-0.0001028754527150,0.0001084870908538,-0.0964837258874166
4.700,2.000,-0.0000747432425540,0.0001178159360762,-0.0965052435872765
4.750,2.000,-0.0000466742650996,0.0001255723109257,-0.0965350633651189
4.800,2.000,-0.0000193118769845,0.0001316239360679,-0.0965730067743389
4.850,2.000,0.0000067731533514,0.0001358771644032,-0.0966188929905161
4.900,2.000,0.0000310884601772,0.0001382772410797,-0.0966725393701699
4.950,2.000,0.0000532233972354,0.0001388076029456,-0.0967337619518938
5.000,2.000,0.0000728500904254,0.0001374883291130,-0.0968023759101180
5.050,2.000,0.0000897224872919,0.0001343738647573,-0.0968781959700077
5.100,2.000,0.0001036736798427,0.0001295501451700,-0.0969610367902414
5.150,2.000,0.0001146117824943,0.0001231312472166,-0.0970507133187325
5.200,2.000,0.0001225146431353,0.0001152556916654,-0.0971470411248769
5.250,2.000,0.0001274236542066,0.0001060825132271,-0.0972498367107159
5.300,2.000,0.0001294369139974,0.0000957872063743,-0.0973589178024133
5.350,2.000,0.0001287019676569,0.0000845576448013,-0.0974741036227715
5.400,2.000,0.0001254083341295,0.0000725900612933,-0.0975952151450160
5.450,2.000,0.0001197800006739,0.0000600851633092,-0.0977220753277871
5.500,2.000,0.0001120680415587,0.0000472444480082,-0.0978545093311566
5.550,2.000,0.0001025434930230,0.0000342667691761,-0.0979923447134485
5.600,2.000,0.0000914905929530,0.0000213451976027,-0.0981354116087207
5.650,2.000,0.0000792004714511,0.0000086642061902,-0.0982835428848774
5.700,2.000,0.0000659653579358,-0.0000036027985060,-0.0984365742825449
5.750,2.000,0.0000520733515845,-0.0000152955854162,-0.0985943445349922
5.800,2.000,0.0000378037850452,-0.0000262688438536,-0.0987566954695694
5.850,2.000,0.0000234231964172,-0.0000363935663227,-0.0989234720912771
5.900,2.000,0.0000091819113622,-0.0000455580776458,-0.0990945226492259
5.950,2.000,-0.0000046887739426,-0.0000536687241085,-0.0992696986868786
6.000,2.000,-0.0000179788278274,-0.0000606502408328,-0.0994488550770430
6.050,2.000,-0.0000305011627181,-0.0000664458191850,-0.0996318500426774
6.100,2.000,-0.0000420927921159,-0.0000710168988772,-0.0998185451646166
6.150,2.000,-0.0000526155026528,-0.0000743427114907,-0.1000088053773465
6.200,2.000,-0.0000619560823728,-0.0000764196035190,-0.1002024989539816
6.250,2.000,-0.0000700261487390,-0.0000772601677823,-0.1003994974815824
6.300,2.000,-0.0000767616211285,-0.0000768922122081,-0.1005996758279194
6.350,2.000,-0.0000821218829402,-0.0000753575946410,-0.1008029121007753
6.400,2.000,-0.0000860886779740,-0.0000727109515565,-0.1010090876008071
6.450,2.000,-0.0000886647846084,-0.0000690183473798,-0.1012180867689573
6.500,2.000,-0.0000898725096076,-0.0000643558696749,-0.1014297971293218
6.550,2.000,-0.0000897520412357,-0.0000588081937252,-0.1016441092283311
6.600,2.000,-0.0000883596988024,-0.0000524671381615,-0.1018609165710300
6.650,2.000,-0.0000857661130225,-0.0000454302312606,-0.1020801155551678
6.700,2.000,-0.0000820543685764,-0.0000377993054355,-0.1023016054037467
6.750,2.000,-0.0000773181371733,-0.0000296791353152,-0.1025252880966076
6.800,2.000,-0.0000716598263071,-0.0000211761326737,-0.1027510683015633
6.850,2.000,-0.0000651887658090,-0.0000123971093984,-0.1029788533055255
6.900,2.000,-0.0000580194511995,-0.0000034481176590,-0.1032085529460224
6.950,2.000,-0.0000502698599562,0.0000055666254721,-0.1034400795434277
7.000,2.000,-0.0000420598539903,0.0000145457235155,-0.1036733478341949
7.050,2.000,-0.0000335096789753,0.0000233914924261,-0.1039082749053095
7.100,2.000,-0.0000247385687023,0.0000320107565795,-0.1041447801301703
7.150,2.000,-0.0000158634604150,0.0000403155480763,-0.1043827851060240
7.200,2.000,-0.0000069978249530,0.0000482237098077,-0.1046222135930808
7.250,2.000,0.0000017493862746,0.0000556594038197,-0.1048629914553837
7.300,2.000,0.0000102746771459,0.0000625535274801,-0.1051050466034840
7.350,2.000,0.0000184808265960,0.0000688440407675,-0.1053483089389536
7.400,2.000,0.0000262775946578,0.0000744762086847,-0.1055927103007378
7.450,2.000,0.0000335823181760,0.0000794027633620,-0.1058381844133355
7.500,2.000,0.0000403204004893,0.0000835839908445,-0.1060846668367893
7.550,2.000,0.0000464257001144,0.0000869877478882,-0.1063320949184335
7.600,2.000,0.0000518408239942,0.0000895894143175,-0.1065804077463678
7.650,2.000,0.0000565173313427,0.0000913717866284,-0.1068295461045882
7.700,2.000,0.0000604158543905,0.0000923249185709,-0.1070794524297187
7.750,2.000,0.0000635061425509,0.0000924459144391,-0.1073300707692819
7.800,2.000,0.0000657670365651,0.0000917386806907,-0.1075813467414297
7.850,2.000,0.0000671863792446,0.0000902136414108,-0.1078332274960804
7.900,2.000,0.0000677608693135,0.0000878874229285,-0.1080856616773756
7.950,2.000,0.0000674958647090,0.0000847825126905,-0.1083385993874007
8.000,2.000,0.0000664051415250,0.0000809268972410,-0.1085919921510942
8.050,2.000,0.0000645106145222,0.0000763536838851,-0.1088457928822817
8.100,2.000,0.0000618420248747,0.0000711007103207,-0.1090999558507747
8.150,2.000,0.0000584366004783,0.0000652101462292,-0.1093544366504652
8.200,2.000,0.0000543386938813,0.0000587280904940,-0.1096091921683682
8.250,2.000,0.0000495994025052,0.0000517041674155,-0.1098641805545523
8.300,2.000,0.0000442761755092,0.0000441911249755,-0.1101193611929030
8.350,2.000,0.0000384324113055,0.0000362444378963,-0.1103746946726836
8.400,2.000,0.0000321370493735,0.0000279219179475,-0.1106301427608408
8.450,2.000,0.0000254641596868,0.0000192833336562,-0.1108856683750032
8.500,2.000,0.0000184925327340,0.0000103900413062,-0.1111412355571632
8.550,2.000,0.0000113052728135,0.0000013046288404,-0.1113968094479787
8.600,2.000,0.0000039893969278,-0.0000079094259655,-0.1116523562616767
8.650,2.000,-0.0000033645586316,-0.0000171880819283,-0.1119078432615262
8.700,2.000,-0.0000106629222467,-0.0000264670445696,-0.1121632387358594
8.750,2.000,-0.0000178092599279,-0.0000356820592137,-0.1124185119746021
8.800,2.000,-0.0000247047360218,-0.0000447691865500,-0.1126736332463136
8.850,2.000,-0.0000312484605695,-0.0000536650603213,-0.1129285737756888
8.900,2.000,-0.0000373378224945,-0.0000623071269459,-0.1131833057215320
8.950,2.000,-0.0000428688079630,-0.0000706338670372,-0.1134378021551680
9.000,2.000,-0.0000477363034141,-0.0000785849988999,-0.1136920370392769
9.050,2.000,-0.0000518343829533,-0.0000861016642036,-0.1139459852071517
9.100,2.000,-0.0000550565799224,-0.0000931265961314,-0.1141996223423501
9.150,2.000,-0.0000572961425683,-0.0000996042703896,-0.1144529249587443
9.200,2.000,-0.0000584462739051,-0.0001054810395405,-0.1147058703809455
9.250,2.000,-0.0000584003558866,-0.0001107052511867,-0.1149584367251094
9.300,2.000,-0.0000570521581438,-0.0001152273505804,-0.1152106028800941
9.350,2.000,-0.0000542960316175,-0.0001189999682910,-0.1154623484889877
9.400,2.000,-0.0000500270874392,-0.0001219779935810,-0.1157136539309769
9.450,2.000,-0.0000441413615040,-0.0001241186341860,-0.1159645003035580
9.500,2.000,-0.0000365359652171,-0.0001253814631975,-0.1162148694050949
9.550,2.000,-0.0000271092229175,-0.0001257284537691,-0.1164647437176956
9.600,2.000,-0.0000157607965080,-0.0001251240023748,-0.1167141063904252
9.650,2.000,-0.0000023917978806,-0.0001235349413417,-0.1169629412228374
9.700,2.000,0.0000130951103360,-0.0001209305413809,-0.1172112326488183
9.750,2.000,0.0000307956250753,-0.0001172825048377,-0.1174589657207491
9.800,2.000,0.0000508037236318,-0.0001125649503499,-0.1177061260939737
9.850,2.000,0.0000732115943492,-0.0001067543896200,-0.1179527000115644
9.900,2.000,0.0000981095766493,-0.0000998296969602,-0.1181986742893971
9.950,2.000,0.0001255861097853,-0.0000917720722626,-0.1184440363015104
10.000,2.000,0.0001557276898034,-0.0000825649980261,-0.1186887739657645
0.050,1.000,0.0004007334872981,-0.0004925528366248,-0.0525170025215193
0.100,1.000,0.0007629871409188,-0.0003004061116889,-0.0545407200800392
0.150,1.000,0.0007125776233361,-0.0001704707004716,-0.0565332317598385
0.200,1.000,0.0003767286333934,-0.0001020628368497,-0.0584936268607533
0.250,1.000,-0.0000850560507078,-0.0000608441981353,-0.0604401917699882
0.300,1.000,-0.0004900165301815,-0.0000013272129138,-0.0624183058866690
0.350,1.000,-0.0006646901799292,0.0001081678782806,-0.0645104372016129
0.400,1.000,-0.0005074643051019,0.0002604649610930,-0.0668472200059511
0.450,1.000,-0.0000701646188278,0.0003918668907198,-0.0696163439129754
0.500,1.000,0.0003930177985873,0.0003892936740237,-0.0730626373173380
0.550,1.000,0.0005093998747086,0.0001491534504946,-0.0774691826813462
0.600,1.000,0.0000820973559873,-0.0003011617252967,-0.0831077219524419
0.650,1.000,-0.0005488497924865,-0.0006932130732906,-0.0901501734701230
0.700,1.000,-0.0005882097106964,-0.0006250004254221,-0.0985449192649170
0.750,1.000,0.0002862686830266,-0.0000184441718946,-0.1078836362084880
0.800,1.000,0.0010013779962212,0.0005118349784491,-0.1173176861255878
0.850,1.000,0.0000505890055688,0.0002175726540132,-0.1256247086995677
0.900,1.000,-0.0019340966106235,-0.0006600909774947,-0.1315394945978957
0.950,1.000,-0.0015685186048401,-0.0010412559682350,-0.1343204230738368
1.000,1.000,0.0044519073562179,-0.0005481982507650,-0.1341756162893643
1.000,0.050,-0.0002574507318625,-0.0004246505643108,-0.1156809189589674
1.000,0.100,0.0001810838350637,-0.0005847397792870,-0.1155176425009262
1.000,0.150,0.0003590451960273,-0.0003910551498585,-0.1153897002248309
1.000,0.200,0.0003497674293388,-0.0000464931599540,-0.1152996753264105
1.000,0.250,0.0002378420521776,0.0002852177045036,-0.1152513987825648
1.000,0.300,0.0001009448513453,0.0004919102556386,-0.1152498370654737
1.000,0.350,-0.0000056005040993,0.0005210940875268,-0.1153011288641652
1.000,0.400,-0.0000576169292641,0.0003813949492105,-0.1154129174829579
1.000,0.450,-0.0000607740646567,0.0001347320383528,-0.1155951743826629
1.000,0.500,-0.0000372833213791,-0.0001229525757220,-0.1158617654120650
1.000,0.550,-0.0000025055273025,-0.0002927766217324,-0.1162330586076740
1.000,0.600,0.0000588471599174,-0.0003119179561555,-0.1167398707254702
1.000,0.650,0.0001946933531973,-0.0001895783752494,-0.1174289243701565
1.000,0.700,0.0004306114693638,-0.0000210267153662,-0.1183696348215966
1.000,0.750,0.0006320749268816,0.0000424957972049,-0.1196613480474341
1.000,0.800,0.0003621651572120,-0.0001154212194948,-0.1214387426458178
1.000,0.850,-0.0008346169581008,-0.0004048477279481,-0.1238679661145574
1.000,0.900,-0.0018188889696907,-0.0002217236143150,-0.1270973307692315
1.000,0.950,0.0013560855230173,0.0013648395127576,-0.1309881414094924
0.000,1.000,-0.0004744273997752,-0.0006943962149016,-0.0504762612643293
0.000,1.050,0.0936213467121989,-0.0005830063485798,-0.0505424164869758
0.000,1.100,0.1803482510338942,0.0000946159749023,-0.0508486245058751
0.000,1.150,0.2553337374983882,0.0004719601470668,-0.0514007216587955
0.000,1.200,0.3197103074295925,0.0005309137732773,-0.0521276323418403
0.000,1.250,0.3744423926166585,0.0003875580953817,-0.0529537757781174
0.000,1.300,0.4196846575053091,0.0001679172740706,-0.0538180884419078
0.000,1.350,0.4551348118504606,-0.0000179705757067,-0.0546743042627027
0.000,1.400,0.4804286512485164,-0.0000974626332893,-0.0554876295586090
0.000,1.450,0.4953799905829382,-0.0000539860648148,-0.0562322419053420
0.000,1.500,0.5000444212483020,0.0000722533907472,-0.0568905517976667
0.000,1.550,0.4946408075384108,0.0002083531309409,-0.0574536831612340
0.000,1.600,0.4794023025465797,0.0002868048217688,-0.0579216613974036
0.000,1.650,0.4544467902865913,0.0002748730898933,-0.0583016600143222
0.000,1.700,0.4197319486247022,0.0001789319425069,-0.0586038308530318
0.000,1.750,0.3751000117375017,0.0000285004391011,-0.0588361568953829
0.000,1.800,0.3203684161172669,-0.0001405251519496,-0.0590007996144323
0.000,1.850,0.2554205985137384,-0.0002897519108784,-0.0590934930535752
0.000,1.900,0.1802792267500083,-0.0003716725930509,-0.0591055098890194
0.000,1.950,0.0951630062176634,-0.0003227879303692,-0.0590264396001671
0.000,2.000,0.0005270958390155,-0.0000627807625062,-0.0588462670027086
