0.050,0.000,0.0002837298755070,0.0003257166794384,nan
0.050,2.000,0.0002263470216413,0.0000732340108453,nan
0.100,0.000,0.0002005456851616,0.0003123205462481,nan
0.100,2.000,0.0001607447195035,0.0002756487627855,nan
0.150,0.000,0.0000981492989816,0.0002944645234734,nan
0.150,2.000,0.0001043645842564,0.0004086691619358,nan
0.200,0.000,0.0000015042100545,0.0002845161367592,nan
0.200,2.000,0.0000517081533609,0.0004865761294223,nan
0.250,0.000,0.0000788316113772,0.0002814043799635,nan
0.250,2.000,0.0000000907915163,0.0005224417023995,nan
0.300,0.000,0.0001396307449589,0.0002793988579701,nan
0.300,2.000,0.0000519974241539,0.0005276509263982,nan
0.350,0.000,0.0001812090500046,0.0002727207501997,nan
0.350,2.000,0.0001036724918529,0.0005116944159694,nan
0.400,0.000,0.0002054946485680,0.0002576126515960,nan
0.400,2.000,0.0001539535005933,0.0004821507218678,nan
0.450,0.000,0.0002150935232702,0.0002329231015275,nan
0.450,2.000,0.0002012362177960,0.0004447968855461,nan
0.500,0.000,0.0002128554638369,0.0001998811656071,nan
0.500,2.000,0.0002437699141633,0.0004038002217610,nan
0.550,0.000,0.0002016685711597,0.0001614857533672,nan
0.550,2.000,0.0002798781474492,0.0003619556929926,nan
0.600,0.000,0.0001843443479478,0.0001217700759750,nan
0.600,2.000,0.0003081157230465,0.0003209421162619,nan
0.650,0.000,0.0001635313666730,0.0000850942245556,nan
0.650,2.000,0.0003273715656889,0.0002815774964250,nan
0.700,0.000,0.0001416356306918,0.0000555487177564,nan
0.700,2.000,0.0003369264786542,0.0002440594387263,nan
0.750,0.000,0.0001207446282635,0.0000365063214146,nan
0.750,2.000,0.0003364740709031,0.0002081811516044,nan
0.800,0.000,0.0001025591852180,0.0000303303075020,nan
0.800,2.000,0.0003261124505293,0.0001735172129604,nan
0.850,0.000,0.0000883384585602,0.0000382293156767,nan
0.850,2.000,0.0003063135900316,0.0001395761865645,nan
0.900,0.000,0.0000788622480246,0.0000602386412443,nan
0.900,2.000,0.0002778765568204,0.0001059194515901,nan
0.950,0.000,0.0000744130756817,0.0000953027487054,nan
0.950,2.000,0.0002418700736709,0.0000722473380094,nan
1.000,0.000,0.0000747790100314,0.0001414324464716,nan
1.000,2.000,0.0001995691373510,0.0000384549218126,nan
1.050,0.000,0.0000792772145899,0.0001959112481303,nan
1.050,2.000,0.0001523896921590,0.0000046606970493,nan
1.100,0.000,0.0000867976147746,0.0002555280839317,nan
1.100,2.000,0.0001018246421447,0.0000287881285561,nan
1.150,0.000,0.0000958657307387,0.0003168170277524,nan
1.150,2.000,0.0000493838049394,0.0000613297110942,nan
1.200,0.000,0.0001047234482010,0.0003762885539692,nan
1.200,2.000,0.0000034602269408,0.0000922169790298,nan
1.250,0.000,0.0001114261696214,0.0004306406560427,nan
1.250,2.000,0.0000553189345546,0.0001205584598873,nan
1.300,0.000,0.0001139543326716,0.0004769416768041,nan
1.300,2.000,0.0001049265699686,0.0001453668645552,nan
1.350,0.000,0.0001103366728882,0.0005127797443657,nan
1.350,2.000,0.0001511702973497,0.0001656121058741,nan
1.400,0.000,0.0000987818402046,0.0005363761778836,nan
1.400,2.000,0.0001931117591904,0.0001802758173947,nan
1.450,0.000,0.0000778140645662,0.0005466620866189,nan
1.450,2.000,0.0002300003663611,0.0001884048524373,nan
1.500,0.000,0.0000464075191219,0.0005433186468189,nan
1.500,2.000,0.0002612788603814,0.0001891616611887,nan
1.550,0.000,0.0000041128709523,0.0005267822588921,nan
1.550,2.000,0.0002865818813545,0.0001818698476483,nan
1.600,0.000,0.0000488317252477,0.0004982160541926,nan
1.600,2.000,0.0003057284003244,0.0001660535862110,nan
1.650,0.000,0.0001114141765578,0.0004594491635452,nan
1.650,2.000,0.0003187089460897,0.0001414699206329,nan
1.700,0.000,0.0001817966510172,0.0004128849419332,nan
1.700,2.000,0.0003256685803461,0.0001081332701913,nan
1.750,0.000,0.0002573093175553,0.0003613791682431,nan
1.750,2.000,0.0003268865590585,0.0000663317258857,nan
1.800,0.000,0.0003345006349872,0.0003080893485052,nan
1.800,2.000,0.0003227535697098,0.0000166349324462,nan
1.850,0.000,0.0004092541914409,0.0002562969228563,nan
1.850,2.000,0.0003137473623000,0.0000401064794659,nan
1.900,0.000,0.0004769793992508,0.0002092056996273,nan
1.900,2.000,0.0003004075050284,0.0001027698196932,nan
1.950,0.000,0.0005328783690358,0.0001697224669218,nan
1.950,2.000,0.0002833099027589,0.0001699774436431,nan
2.000,0.000,0.0005722835513614,0.0001402295922763,nan
2.000,2.000,0.0002630416269841,0.0002401217996059,nan
2.050,0.000,0.0005910501562960,0.0001223643934064,nan
2.050,2.000,0.0002401765295287,0.0003113981511586,nan
2.100,0.000,0.0005859745617408,0.0001168256196431,nan
2.100,2.000,0.0002152520587739,0.0003818446934838,nan
2.150,0.000,0.0005551965665455,0.0001232324450615,nan
2.150,2.000,0.0001887476761436,0.0004493897745897,nan
2.200,0.000,0.0004985323281440,0.0001400642567396,nan
2.200,2.000,0.0001610652915662,0.0005119059178153,nan
2.250,0.000,0.0004176800828204,0.0001647080881305,nan
2.250,2.000,0.0001325122076130,0.0005672703051438,nan
2.300,0.000,0.0003162464726183,0.0001936326766527,nan
2.300,2.000,0.0001032871891988,0.0006134313035647,nan
2.350,0.000,0.0001995604684209,0.0002226925406276,nan
2.350,2.000,0.0000734704618282,0.0006484804779288,nan
2.400,0.000,0.0000742742958451,0.0002475428108381,nan
2.400,2.000,0.0000430186835448,0.0006707293098122,nan
2.450,0.000,0.0000522086002173,0.0002641192962178,nan
2.450,2.000,0.0000117662235339,0.0006787895073417,nan
2.500,0.000,0.0001723998883010,0.0002691149227216,nan
2.500,2.000,0.0000205656077911,0.0006716553199765,nan
2.550,0.000,0.0002793849157208,0.0002603716264925,nan
2.550,2.000,0.0000543494324350,0.0006487856416000,nan
2.600,0.000,0.0003673745939668,0.0002371134632419,nan
2.600,2.000,0.0000900206038557,0.0006101828787041,nan
2.650,0.000,0.0004320845004993,0.0001999749223491,nan
2.650,2.000,0.0001280316633349,0.0005564645755725,nan
2.700,0.000,0.0004709278728036,0.0001508232794779,nan
2.700,2.000,0.0001687903427975,0.0004889226464093,nan
2.750,0.000,0.0004830603377012,0.0000924223027596,nan
2.750,2.000,0.0002125795391180,0.0004095638231777,nan
2.800,0.000,0.0004693385284753,0.0000280195358024,nan
2.800,2.000,0.0002594587573811,0.0003211236980145,nan
2.850,0.000,0.0004322365514729,0.0000390534055444,nan
2.850,2.000,0.0003091483077602,0.0002270457010037,nan
2.900,0.000,0.0003757092086679,0.0001057019198705,nan
2.900,2.000,0.0003609002243403,0.0001314157739608,nan
2.950,0.000,0.0003049282273764,0.0001692889887819,nan
2.950,2.000,0.0004133636114845,0.0000388437363034,nan
3.000,0.000,0.0002257897084086,0.0002277742551400,nan
3.000,2.000,0.0004644569993394,0.0000457161745423,nan
3.050,0.000,0.0001441327582820,0.0002798041095637,nan
3.050,2.000,0.0005112662487626,0.0001172099067424,nan
3.100,0.000,0.0000647292586312,0.0003247565222551,nan
3.100,2.000,0.0005499932928556,0.0001707923670057,nan
3.150,0.000,0.0000097252993787,0.0003626784359480,nan
3.150,2.000,0.0005759878821181,0.0002021918803137,nan
3.200,0.000,0.0000792316752308,0.0003939806912553,nan
3.200,2.000,0.0005839003536939,0.0002081125263624,nan
3.250,0.000,0.0001462643435468,0.0004187312639360,nan
3.250,2.000,0.0005679964670634,0.0001866465987428,nan
3.300,0.000,0.0002143650836243,0.0004354853348376,nan
3.300,2.000,0.0005226729832688,0.0001376611009843,nan
3.350,0.000,0.0002855565266306,0.0004398747666863,nan
3.350,2.000,0.0004432016020841,0.0000631186421579,nan
3.400,0.000,0.0003571468008798,0.0004236409622007,nan
3.400,2.000,0.0003267052279269,0.0000327023228632,nan
3.450,0.000,0.0004191522738403,0.0003752498649636,nan
3.450,2.000,0.0001733303335094,0.0001431086047566,nan
3.500,0.000,0.0004540492466241,0.0002832639743104,nan
3.500,2.000,0.0000124807427975,0.0002590147946622,nan
3.550,0.000,0.0004406093981293,0.0001428132429207,nan
3.550,2.000,0.0002207943264362,0.0003690737189879,nan
3.600,0.000,0.0003629890889477,0.0000362388495596,nan
3.600,2.000,0.0004353413986140,0.0004599229152050,nan
3.650,0.000,0.0002243253609462,0.0002232044428319,nan
3.650,2.000,0.0006334043249262,0.0005166543451218,nan
3.700,0.000,0.0000585936537797,0.0003698573284605,nan
3.700,2.000,0.0007869036704860,0.0005238353087398,nan
3.750,0.000,0.0000750469628072,0.0004343864351488,nan
3.750,2.000,0.0008651930776505,0.0004677561508355,nan
3.800,0.000,0.0001315272787868,0.0004286174255301,nan
3.800,2.000,0.0008399989285415,0.0003409376086332,nan
3.850,0.000,0.0001356860507115,0.0004489184033914,nan
3.850,2.000,0.0006926735796941,0.0001499259023873,nan
3.900,0.000,0.0001889243058249,0.0006124609659477,nan
3.900,2.000,0.0004233455746170,0.0000737193373335,nan
3.950,0.000,0.0003842119974123,0.0009005358355159,nan
3.950,2.000,0.0000604942183139,0.0002626534461493,nan
4.000,0.000,0.0006976061527262,0.0010835274760648,nan
4.000,2.000,0.0003322113101446,0.0003127576998400,nan
4.050,0.000,0.0009687640040484,0.0008826305469013,nan
4.050,2.000,0.0006573469179465,0.0001086184140804,nan
4.100,0.000,0.0009873016790202,0.0002413109928616,nan
4.100,2.000,0.0008016015151875,0.0004077033547550,nan
4.150,0.000,0.0006167977318221,0.0005703309837457,nan
4.150,2.000,0.0006788154545400,0.0011303387355254,nan
4.200,0.000,0.0001042250429747,0.0011093626243692,nan
4.200,2.000,0.0002984781645132,0.0017103330109338,nan
4.250,0.000,0.0009270125380823,0.0010327678886484,nan
4.250,2.000,0.0001704229004898,0.0016417386458022,nan
4.300,0.000,0.0014642684869362,0.0003129021420527,nan
4.300,2.000,0.0004252391507973,0.0006365844975998,nan
4.350,0.000,0.0013764966740861,0.0007027655262250,nan
4.350,2.000,0.0002491933128847,0.0008576419983719,nan
4.400,0.000,0.0006050858396275,0.0014262066924143,nan
4.400,2.000,0.0001404504713864,0.0016421821174291,nan
4.450,0.000,0.0004926502853870,0.0013485085035352,nan
4.450,2.000,0.0000757366237658,0.0008861358928505,nan
4.500,0.000,0.0012640549391523,0.0004184476657387,nan
4.500,2.000,0.0007086921376346,0.0007099868727307,nan
4.550,0.000,0.0011669293818561,0.0007966680852558,nan
4.550,2.000,0.0010781241733793,0.0017994140185543,nan
4.600,0.000,0.0002257266349168,0.0014078539489659,nan
4.600,2.000,0.0000659961238439,0.0000787897248348,nan
4.650,0.000,0.0008714680486854,0.0008802610486205,nan
4.650,2.000,0.0013063850733569,0.0016646872884830,nan
4.700,0.000,0.0012371528247677,0.0003279893132079,nan
4.700,2.000,0.0011961818942453,0.0009001478375333,nan
4.750,0.000,0.0005486252215665,0.0008013362648195,nan
4.750,2.000,0.0000312612796719,0.0011913125975640,nan
4.800,0.000,0.0004386383544186,0.0004038582526214,nan
4.800,2.000,0.0008910515443916,0.0001953690313015,nan
4.850,0.000,0.0003204849098877,0.0014855176886099,nan
4.850,2.000,0.0007310863843563,0.0006538315250484,nan
4.900,0.000,0.0009627772490732,0.0005011058067695,nan
4.900,2.000,0.0000211544440029,0.0000037257607956,nan
4.950,0.000,0.0006173637310853,0.0018455886307140,nan
4.950,2.000,0.0004110452920234,0.0003450281386221,nan
5.000,0.000,0.0015280074382770,0.0009732211076655,nan
5.000,2.000,0.0004420170775039,0.0004931079874596,nan
5.050,0.000,0.0018665950143770,0.0025618891889175,nan
5.050,2.000,0.0002937858140253,0.0003926747891482,nan
5.100,0.000,0.0007689118470482,0.0014559686671031,nan
5.100,2.000,0.0001317209386162,0.0000004872121375,nan
5.150,0.000,0.0000999604409046,0.0007955718441537,nan
5.150,2.000,0.0000306207584340,0.0003802041574789,nan
5.200,0.000,0.0003638757859625,0.0028800152418305,nan
5.200,2.000,0.0000113313189838,0.0004347438431820,nan
5.250,0.000,0.0003280502370931,0.0039178837702740,nan
5.250,2.000,0.0000585974390716,0.0001531171962789,nan
5.300,0.000,0.0003270692236388,0.0037196232975543,nan
5.300,2.000,0.0001364731694024,0.0002380943728522,nan
5.350,0.000,0.0004651252066851,0.0026323476071921,nan
5.350,2.000,0.0002043953064133,0.0004993041382614,nan
5.400,0.000,0.0006483396399694,0.0011590032798459,nan
5.400,2.000,0.0002278142232050,0.0005219815269256,nan
5.450,0.000,0.0007364736912641,0.0002732301651195,nan
5.450,2.000,0.0001834064205203,0.0003353288019562,nan
5.500,0.000,0.0006578946241708,0.0013755733736530,nan
5.500,2.000,0.0000626169166859,0.0000392194728488,nan
5.550,0.000,0.0004343415712549,0.0019946666933739,nan
5.550,2.000,0.0001252529358596,0.0002634337473052,nan
5.600,0.000,0.0001430752884260,0.0020999596159621,nan
5.600,2.000,0.0003526024159915,0.0005017138880818,nan
5.650,0.000,0.0001344822538148,0.0017645911660772,nan
5.650,2.000,0.0005781694425467,0.0006415193806920,nan
5.700,0.000,0.0003454641024187,0.0011315567814358,nan
5.700,2.000,0.0007565959239686,0.0006759725197241,nan
5.750,0.000,0.0004724742413265,0.0003688534166432,nan
5.750,2.000,0.0008499120628125,0.0006142979970512,nan
5.800,0.000,0.0005233305565388,0.0003728016290761,nan
5.800,2.000,0.0008368807107483,0.0004742903912305,nan
5.850,0.000,0.0005159399336247,0.0009873276066960,nan
5.850,2.000,0.0007172456530296,0.0002781533516512,nan
5.900,0.000,0.0004668337705968,0.0014215302263201,nan
5.900,2.000,0.0005101760456428,0.0000499736665294,nan
5.950,0.000,0.0003862957249694,0.0016679204706508,nan
5.950,2.000,0.0002482667526429,0.0001863166506738,nan
6.000,0.000,0.0002789793101810,0.0017494755611710,nan
6.000,2.000,0.0000304819779413,0.0004087648826201,nan
6.050,0.000,0.0001472905344672,0.0017033450291840,nan
6.050,2.000,0.0002903182884278,0.0005988796836681,nan
6.100,0.000,0.0000050153155277,0.0015679982737573,nan
6.100,2.000,0.0005033868717168,0.0007426355993020,nan
6.150,0.000,0.0001705850068932,0.0013755294698829,nan
6.150,2.000,0.0006526908342727,0.0008309764871721,nan
6.200,0.000,0.0003380714020328,0.0011488025061836,nan
6.200,2.000,0.0007324904179883,0.0008598667929844,nan
6.250,0.000,0.0004933348060532,0.0009020737623652,nan
6.250,2.000,0.0007467542780874,0.0008299599366603,nan
6.300,0.000,0.0006216022416968,0.0006434834865069,nan
6.300,2.000,0.0007064644984077,0.0007459588258375,nan
6.350,0.000,0.0007098679300699,0.0003780404409849,nan
6.350,2.000,0.0006265384071319,0.0006157573690079,nan
6.400,0.000,0.0007489352899727,0.0001101621533944,nan
6.400,2.000,0.0005229663181357,0.0004494698279871,nan
6.450,0.000,0.0007347108396597,0.0001547100592362,nan
6.450,2.000,0.0004105532424250,0.0002584619955640,nan
6.500,0.000,0.0006685900941278,0.0004095246303752,nan
6.500,2.000,0.0003014454267183,0.0000544844561128,nan
6.550,0.000,0.0005569782948507,0.0006459050709274,nan
6.550,2.000,0.0002044470733182,0.0001510257241942,nan
6.600,0.000,0.0004101383439045,0.0008550095585521,nan
6.600,2.000,0.0001250014075849,0.0003474534472474,nan
6.650,0.000,0.0002406431762823,0.0010286287500183,nan
6.650,2.000,0.0000656278093061,0.0005253462304852,nan
6.700,0.000,0.0000617299595792,0.0011602233359476,nan
6.700,2.000,0.0000265734982960,0.0006766400445194,nan
6.750,0.000,0.0001141816964611,0.0012456872636254,nan
6.750,2.000,0.0000064524499631,0.0007948345500580,nan
6.800,0.000,0.0002766194045944,0.0012837256208982,nan
6.800,2.000,0.0000027013210361,0.0008751712343010,nan
6.850,0.000,0.0004177398992114,0.0012758340903227,nan
6.850,2.000,0.0000117733485715,0.0009148381378759,nan
6.900,0.000,0.0005325580653787,0.0012259427885389,nan
6.900,2.000,0.0000291012564988,0.0009131834420681,nan
6.950,0.000,0.0006187902904413,0.0011398326347801,nan
6.950,2.000,0.0000489665308196,0.0008718785083330,nan
7.000,0.000,0.0006764238849401,0.0010244465940654,nan
7.000,2.000,0.0000644863383193,0.0007949426351815,nan
7.050,0.000,0.0007071392167581,0.0008872068825148,nan
7.050,2.000,0.0000679414808717,0.0006885397766303,nan
7.100,0.000,0.0007137009515734,0.0007354216501887,nan
7.100,2.000,0.0000515986402905,0.0005604897963498,nan
7.150,0.000,0.0006994078408462,0.0005758305381742,nan
7.150,2.000,0.0000090283391362,0.0004195019101160,nan
7.200,0.000,0.0006676563626692,0.0004143059887921,nan
7.200,2.000,0.0000632822087088,0.0002742213863583,nan
7.250,0.000,0.0006216404180850,0.0002557015711392,nan
7.250,2.000,0.0001644126467818,0.0001322562747319,nan
7.300,0.000,0.0005641827458565,0.0001038221278306,nan
7.300,2.000,0.0002880813785428,0.0000006113849472,nan
7.350,0.000,0.0004976762589167,0.0000385169748092,nan
7.350,2.000,0.0004227448175928,0.0001208477361656,nan
7.400,0.000,0.0004241051037606,0.0001693745949577,nan
7.400,2.000,0.0005529406374030,0.0002271240631053,nan
7.450,0.000,0.0003451142193503,0.0002875413416328,nan
7.450,2.000,0.0006617512215381,0.0003198306761889,nan
7.500,0.000,0.0002621001182351,0.0003923919878659,nan
7.500,2.000,0.0007339116175161,0.0004002871043068,nan
7.550,0.000,0.0001763021296552,0.0004837477235821,nan
7.550,2.000,0.0007588439951739,0.0004698628066006,nan
7.600,0.000,0.0000888804915141,0.0005617567824750,nan
7.600,2.000,0.0007328544317366,0.0005292351719278,nan
7.650,0.000,0.0000009741491051,0.0006267969167334,nan
7.650,2.000,0.0006599000017575,0.0005779655699435,nan
7.700,0.000,0.0000862637787233,0.0006793996517549,nan
7.700,2.000,0.0005506823557893,0.0006144880145833,nan
7.750,0.000,0.0001716513768992,0.0007201940963061,nan
7.750,2.000,0.0004202589038929,0.0006364998137082,nan
7.800,0.000,0.0002539805979776,0.0007498670317211,nan
7.800,2.000,0.0002847671596064,0.0006416399084808,nan
7.850,0.000,0.0003320327664475,0.0007691357375987,nan
7.850,2.000,0.0001581083362304,0.0006282618473598,nan
7.900,0.000,0.0004046024297803,0.0007787302392483,nan
7.900,2.000,0.0000494395244326,0.0005960801482688,nan
7.950,0.000,0.0004705255416841,0.0007793821509433,nan
7.950,2.000,0.0000379371834447,0.0005465074057972,nan
8.000,0.000,0.0005287087101313,0.0007718178723053,nan
8.000,2.000,0.0001061400450136,0.0004825969261958,nan
8.050,0.000,0.0005781570704807,0.0007567544664910,nan
8.050,2.000,0.0001610359653039,0.0004086271383951,nan
8.100,0.000,0.0006179991301650,0.0007348970497303,nan
8.100,2.000,0.0002099498977061,0.0003294633909214,nan
8.150,0.000,0.0006475076083426,0.0007069369274594,nan
8.150,2.000,0.0002594447610425,0.0002498760182426,nan
8.200,0.000,0.0006661158330510,0.0006735500199840,nan
8.200,2.000,0.0003137094522447,0.0001739741868872,nan
8.250,0.000,0.0006734296584431,0.0006353953399400,nan
8.250,2.000,0.0003738145281119,0.0001048523494146,nan
8.300,0.000,0.0006692351386434,0.0005931134299145,nan
8.300,2.000,0.0004378110857012,0.0000444712246171,nan
8.350,0.000,0.0006535023642829,0.0005473247578864,nan
8.350,2.000,0.0005014478593580,0.0000062650292125,nan
8.400,0.000,0.0006263859554941,0.0004986281160772,nan
8.400,2.000,0.0005591989897884,0.0000473058519647,nan
8.450,0.000,0.0005882227326533,0.0004475990881481,nan
8.450,2.000,0.0006053156357456,0.0000792000716427,nan
8.500,0.000,0.0005395270730952,0.0003947886508721,nan
8.500,2.000,0.0006346975886568,0.0001028500127383,nan
8.550,0.000,0.0004809844222945,0.0003407219669616,nan
8.550,2.000,0.0006434824767923,0.0001193104721240,nan
8.600,0.000,0.0004134433746002,0.0002858974111360,nan
8.600,2.000,0.0006293381017877,0.0001296469301845,nan
8.650,0.000,0.0003379066790017,0.0002307858553661,nan
8.650,2.000,0.0005915024300162,0.0001348509642432,nan
8.700,0.000,0.0002555214658613,0.0001758302238662,nan
8.700,2.000,0.0005306439658726,0.0001358015444918,nan
8.750,0.000,0.0001675689347974,0.0001214453149376,nan
8.750,2.000,0.0004486190135799,0.0001332577159670,nan
8.800,0.000,0.0000754536936651,0.0000680178759371,nan
8.800,2.000,0.0003481908968900,0.0001278691105933,nan
8.850,0.000,0.0000193071042715,0.0000159069094711,nan
8.850,2.000,0.0002327580692241,0.0001201937746542,nan
8.900,0.000,0.0001150947145793,0.0000345558166691,nan
8.900,2.000,0.0001061193720271,0.0001107163960258,nan
8.950,0.000,0.0002101997657209,0.0000830650867227,nan
8.950,2.000,0.0000277109791848,0.0000998632299980,nan
9.000,0.000,0.0003028331750705,0.0001293414136165,nan
9.000,2.000,0.0001646373953730,0.0000880124293963,nan
9.050,0.000,0.0003911369764638,0.0001731301073338,nan
9.050,2.000,0.0003005715547216,0.0000755000169338,nan
9.100,0.000,0.0004731950320227,0.0002142002660256,nan
9.100,2.000,0.0004314846957962,0.0000626225250645,nan
9.150,0.000,0.0005470436101352,0.0002523437187897,nan
9.150,2.000,0.0005534333756297,0.0000496375753949,nan
9.200,0.000,0.0006106818174385,0.0002873739463735,nan
9.200,2.000,0.0006625677203422,0.0000367635801453,nan
9.250,0.000,0.0006620818759141,0.0003191250030225,nan
9.250,2.000,0.0007551296050503,0.0000241794886808,nan
9.300,0.000,0.0006991992378287,0.0003474504594478,nan
9.300,2.000,0.0008274463547238,0.0000120251901286,nan
9.350,0.000,0.0007199825309185,0.0003722223836219,nan
9.350,2.000,0.0008759237995795,0.0000004028907331,nan
9.400,0.000,0.0007223833251730,0.0003933303728908,nan
9.400,2.000,0.0008970410276465,0.0000106204519216,nan
9.450,0.000,0.0007043657106821,0.0004106806478183,nan
9.450,2.000,0.0008873480182073,0.0000210097245571,nan
9.500,0.000,0.0006639156734265,0.0004241952152682,nan
9.500,2.000,0.0008434665092500,0.0000307574748512,nan
9.550,0.000,0.0005990502536286,0.0004338111056134,nan
9.550,2.000,0.0007620939066132,0.0000398791909314,nan
9.600,0.000,0.0005078264682039,0.0004394796865303,nan
9.600,2.000,0.0006400097258349,0.0000484082958395,nan
9.650,0.000,0.0003883499768033,0.0004411660536973,nan
9.650,2.000,0.0004740839102993,0.0000563910920004,nan
9.700,0.000,0.0002387834682109,0.0004388484968515,nan
9.700,2.000,0.0002612863395199,0.0000638818572770,nan
9.750,0.000,0.0000573547421651,0.0004325180380656,nan
9.750,2.000,0.0000013031138603,0.0000709382530006,nan
9.800,0.000,0.0001576355400671,0.0004221780377013,nan
9.800,2.000,0.0003164845331187,0.0000776171616674,nan
9.850,0.000,0.0004078064641060,0.0004078438624417,nan
9.850,2.000,0.0006869283621822,0.0000839710317578,nan
9.900,0.000,0.0006946898584054,0.0003895426088950,nan
9.900,2.000,0.0011151666079617,0.0000900447718301,nan
9.950,0.000,0.0010197237063101,0.0003673128755947,nan
9.950,2.000,0.0016035850817317,0.0000958732066889,nan
10.000,0.000,0.0013842460026519,0.0003412045757800,nan
10.000,2.000,0.0021544168330382,0.0001014790853723,nan
4.700,0.700,0.0001487802421122,0.0021729179320757,nan
4.700,1.300,0.0047807972665013,0.0031850578339486,nan
4.750,0.700,0.0048172648136483,0.0014080204278548,nan
4.750,1.300,0.0057847017046613,0.0005564857128742,nan
4.800,0.700,0.0077997308173019,0.0039844783873950,nan
4.800,1.300,0.0003912073772231,0.0012866051032717,nan
4.850,0.700,0.0009359466890110,0.0035980741422741,nan
4.850,1.300,0.0006273659703962,0.0026895673813869,nan
4.900,0.700,0.0042733803052142,0.0029525261204847,nan
4.900,1.300,0.0025251636029799,0.0011594109454192,nan
4.950,0.700,0.0042559834153371,0.0037456912486032,nan
4.950,1.300,0.0025619109140377,0.0008727416073794,nan
5.000,0.700,0.0002112467041602,0.0050528695190165,nan
5.000,1.300,0.0029799440000260,0.0001649424250748,nan
5.050,0.700,0.0061364140420312,0.0006540784241162,nan
5.050,1.300,0.0046827402710763,0.0006996761800484,nan
5.100,0.700,0.0086311964136568,0.0056348737524568,nan
5.100,1.300,0.0026759271151661,0.0003371924506730,nan
5.150,0.700,0.0007866039349899,0.0040790210599048,nan
5.150,1.300,0.0069394948565665,0.0021369249421254,nan
5.200,0.700,0.0172884203230002,0.0009253683632905,nan
5.200,1.300,0.0021942200597637,0.0035550773690021,nan
5.250,0.700,0.0172605579354860,0.0033778886048590,nan
5.250,1.300,0.0097081982396724,0.0000252667584277,nan
5.300,0.700,0.0228696177608271,0.0051294099087824,nan
5.300,1.300,0.0121998951773022,0.0048026911202916,nan
4.700,0.750,0.0045725518480859,0.0045097425077632,nan
5.300,0.750,0.0112060801966305,0.0068273902977829,nan
4.700,0.800,0.0042808461695271,0.0060449240525576,nan
5.300,0.800,0.0090216863063736,0.0069994110589990,nan
4.700,0.850,0.0027956854603649,0.0073990556684485,nan
5.300,0.850,0.0041862278155067,0.0050664383806130,nan
4.700,0.900,0.0003117570368058,0.0010596376423193,nan
5.300,0.900,0.0022327794935975,0.0015944804907577,nan
4.700,0.950,0.0002733174875223,0.0059215192441243,nan
5.300,0.950,0.0045885742551306,0.0033177984536881,nan
4.700,1.000,0.0018541694671139,0.0004187919478644,nan
5.300,1.000,0.0004129509808436,0.0015490206971958,nan
4.700,1.050,0.0003850243833212,0.0062046315006920,nan
5.300,1.050,0.0038165144883471,0.0012862285972981,nan
4.700,1.100,0.0004430435702915,0.0016146417545824,nan
5.300,1.100,0.0004111633020686,0.0024422725484930,nan
4.700,1.150,0.0022907086195570,0.0081121079578697,nan
5.300,1.150,0.0017892612283240,0.0021348332705136,nan
4.700,1.200,0.0000115466449212,0.0014496441695849,nan
5.300,1.200,0.0054783611597385,0.0053225219093080,nan
4.700,1.250,0.0004966904927855,0.0051491432270332,nan
5.300,1.250,0.0003740978964271,0.0081981628306054,nan
0.000,0.000,0.0002956620720309,0.0002934299514588,nan
0.000,0.050,0.0000336730825830,0.0003300402486607,nan
0.000,0.100,0.0000159203748024,0.0003514778509119,nan
0.000,0.150,0.0000609468981148,0.0003331047848538,nan
0.000,0.200,0.0000926703711486,0.0002647532332486,nan
0.000,0.250,0.0000175092218387,0.0001680234643381,nan
0.000,0.300,0.0001879152046251,0.0000756051980488,nan
0.000,0.350,0.0004658352469264,0.0000152507828383,nan
0.000,0.400,0.0007266488670425,0.0000024986339874,nan
0.000,0.450,0.0008918168148244,0.0000376163898755,nan
0.000,0.500,0.0009121396595073,0.0001061286028126,nan
0.000,0.550,0.0007730198911704,0.0001837209933988,nan
0.000,0.600,0.0004969010092812,0.0002444797470567,nan
0.000,0.650,0.0001422027428053,0.0002694683503085,nan
0.000,0.700,0.0002067642184458,0.0002523972294061,nan
0.000,0.750,0.0004608766259635,0.0002005356090355,nan
0.000,0.800,0.0005533054366715,0.0001310204488205,nan
0.000,0.850,0.0004628881811217,0.0000643266904685,nan
0.000,0.900,0.0002239906397306,0.0000173702931885,nan
0.000,0.950,0.0000825105446789,0.0000014935291757,nan
0.000,1.000,0.0003556626124113,0.0000058232206146,nan
0.000,1.050,0.0005099627115546,0.0000289669237606,nan
0.000,1.100,0.0005070049507137,0.0000536184157438,nan
0.000,1.150,0.0003698812063475,0.0000669597659159,nan
0.000,1.200,0.0001722245238189,0.0000622348375587,nan
0.000,1.250,0.0000042940295171,0.0000408660337639,nan
0.000,1.300,0.0000693792652779,0.0000114330990344,nan
0.000,1.350,0.0000392919026975,0.0000140963531779,nan
0.000,1.400,0.0000497094333056,0.0000254757095233,nan
0.000,1.450,0.0001296082569890,0.0000185888090366,nan
0.000,1.500,0.0001521650571468,0.0000027979499033,nan
0.000,1.550,0.0001164380047174,0.0000289167529708,nan
0.000,1.600,0.0000638054937767,0.0000488178564498,nan
0.000,1.650,0.0000462589583612,0.0000558378031673,nan
0.000,1.700,0.0000929985692364,0.0000509012448470,nan
0.000,1.750,0.0002013057978164,0.0000418966880687,nan
0.000,1.800,0.0003574003583057,0.0000395482477394,nan
0.000,1.850,0.0005612650276874,0.0000523248134595,nan
0.000,1.900,0.0008017419063058,0.0000838214117816,nan
0.000,1.950,0.0009188764207972,0.0001352224259580,nan
0.000,2.000,0.0003101920785588,0.0002132097526987,nan
