1.000,0.000,-0.0024674978242652,-0.0025042291954453,-3.1779976561078178
1.050,0.000,-0.0007083004414223,-0.0002602548970052,-3.1815820275838798
1.100,0.000,0.0002741858877880,0.0003767578429986,-3.1837946422244223
1.150,0.000,0.0007201726055504,0.0003561737624036,-3.1851347106659893
1.200,0.000,0.0008372030911865,0.0001921491505000,-3.1859685816055405
1.250,0.000,0.0007803483405485,0.0000955785041813,-3.1865748000403631
1.300,0.000,0.0006473931844425,0.0000998585481410,-3.1871767975434357
1.350,0.000,0.0004869742416939,0.0001621238069847,-3.1879664820702462
1.400,0.000,0.0003149786647668,0.0002292711284221,-3.1891202393927762
1.450,0.000,0.0001331210369685,0.0002689897496366,-3.1908083778958645
1.500,0.000,-0.0000559394960553,0.0002746530746099,-3.1931991555980717
1.550,0.000,-0.0002404948501541,0.0002563254706692,-3.1964587354824578
1.600,0.000,-0.0003994216537481,0.0002285882091278,-3.2007484669897726
1.650,0.000,-0.0005077755335391,0.0002016932048137,-3.2062207326481373
1.700,0.000,-0.0005451160606540,0.0001781838956522,-3.2130142949331875
1.750,0.000,-0.0005031186360083,0.0001540891540637,-3.2212497322467613
1.800,0.000,-0.0003898147184660,0.0001224743439867,-3.2310252481167585
1.850,0.000,-0.0002291453279015,0.0000771603861754,-3.2424129181797494
1.900,0.000,-0.0000559689192921,0.0000151798031481,-3.2554553128793273
1.950,0.000,0.0000921123730297,-0.0000625204252911,-3.2701623855847708
2.000,0.000,0.0001839713058353,-0.0001518489453337,-3.2865085229631830
2.050,0.000,0.0002028569486714,-0.0002470916974397,-3.3044296941845528
2.100,0.000,0.0001509371974401,-0.0003423697465329,-3.3238206893444047
2.150,0.000,0.0000492196118887,-0.0004324050119497,-3.3445324916124526
2.200,0.000,-0.0000673333656238,-0.0005123279814061,-3.3663698723699573
2.250,0.000,-0.0001585163896770,-0.0005766802443748,-3.3890893273779525
2.300,0.000,-0.0001894437430518,-0.0006181256236852,-3.4123974806575719
2.350,0.000,-0.0001403900247123,-0.0006265905320474,-3.4359500692830705
2.400,0.000,-0.0000133204055074,-0.0005895418319913,-3.4593515869316351
2.450,0.000,0.0001668508427390,-0.0004938586083714,-3.4821556094495150
2.500,0.000,0.0003570487465815,-0.0003292983529151,-3.5038657571947867
2.550,0.000,0.0005061400155729,-0.0000929927946465,-3.5239371747345665
2.600,0.000,0.0005681378918004,0.0002061218047001,-3.5417783398955680
2.650,0.000,0.0005152406255796,0.0005443630385288,-3.5567529653417624
2.700,0.000,0.0003471329565975,0.0008832485161310,-3.5681817430311145
2.750,0.000,0.0000936136159770,0.0011732704534488,-3.5753437219404054
2.800,0.000,-0.0001908646954906,0.0013615748945922,-3.5774772176634091
2.850,0.000,-0.0004400380548646,0.0014025114114350,-3.5737803402781614
2.900,0.000,-0.0005931465591074,0.0012689393591256,-3.5634114997113495
2.950,0.000,-0.0006121416628290,0.0009614632065205,-3.5454906042135321
3.000,0.000,-0.0004936571853719,0.0005127257555424,-3.5191020991338355
3.050,0.000,-0.0002715625932175,-0.0000153180624615,-3.4833014851610296
3.100,0.000,-0.0000083491292050,-0.0005416473326046,-3.4371274854262093
3.150,0.000,0.0002229831908036,-0.0009823956780080,-3.3796225649506075
3.200,0.000,0.0003614349789590,-0.0012695186291820,-3.3098649861316036
3.250,0.000,0.0003775934221237,-0.0013670922322657,-3.2270159113380474
3.300,0.000,0.0002830848703800,-0.0012803724018254,-3.1303850762379017
3.350,0.000,0.0001256030629802,-0.0010541785477439,-3.0195180104608954
3.400,0.000,-0.0000296243240696,-0.0007599380027066,-2.8943063369221655
3.450,0.000,-0.0001254151953620,-0.0004742802209487,-2.7551199057146789
3.500,0.000,-0.0001350547854525,-0.0002555023594016,-2.6029549090446613
3.550,0.000,-0.0000718134195871,-0.0001263392661601,-2.4395851978445098
3.600,0.000,0.0000189874498568,-0.0000708123729520,-2.2676946373261373
3.650,0.000,0.0000818652130963,-0.0000483116741975,-2.0909574733375855
3.700,0.000,0.0000766416118804,-0.0000199422139518,-1.9140246383020199
3.750,0.000,-0.0000045759846927,0.0000258361254696,-1.7423730878044945
3.800,0.000,-0.0001361394628851,0.0000631807644880,-1.5819904276621146
3.850,0.000,-0.0002720843150067,0.0000416042210067,-1.4389020965981849
3.900,0.000,-0.0003656834552385,-0.0000851265206266,-1.3185964578615017
3.950,0.000,-0.0003857538462334,-0.0003306127740043,-1.2254458735797509
4.000,0.000,-0.0003239928433105,-0.0006636198824387,-1.1622379934007627
4.050,0.000,-0.0001932121628450,-0.0010171268391985,-1.1299109944893431
4.100,0.000,-0.0000200301564400,-0.0013119858804313,-1.1275372502825440
4.150,0.000,0.0001638163726447,-0.0014829472820521,-1.1525418807490737
4.200,0.000,0.0003287502684176,-0.0014966195800687,-1.2010957369237427
4.250,0.000,0.0004521087335101,-0.0013568007803554,-1.2685978476195423
4.300,0.000,0.0005203577688592,-0.0010984276329214,-1.3501615503889173
4.350,0.000,0.0005292322341147,-0.0007747908724069,-1.4410359274729991
4.400,0.000,0.0004824173015546,-0.0004433074539347,-1.5369211513520020
4.450,0.000,0.0003894037764736,-0.0001538696956744,-1.6341642677815733
4.500,0.000,0.0002630919637370,0.0000582321534951,-1.7298443509313248
4.550,0.000,0.0001175935933398,0.0001746636142150,-1.8217697118283398
4.600,0.000,-0.0000334896173678,0.0001927117688258,-1.9084149526896867
4.650,0.000,-0.0001782074776635,0.0001217552699728,-1.9888242353314867
4.700,0.000,-0.0003068597042436,-0.0000210602207691,-2.0625019828679276
4.750,0.000,-0.0004121717854127,-0.0002149174232029,-2.1293058441843735
4.800,0.000,-0.0004891965859084,-0.0004386132412666,-2.1893507888742558
4.850,0.000,-0.0005350757304155,-0.0006728294381501,-2.2429284923783248
4.900,0.000,-0.0005487581149978,-0.0009014364510137,-2.2904429146474228
4.950,0.000,-0.0005307311000582,-0.0011120133399442,-2.3323610074426901
5.000,0.000,-0.0004827847344014,-0.0012958106646555,-2.3691764968540308
5.050,0.000,-0.0004078061703071,-0.0014473699420680,-2.4013843596459621
5.100,0.000,-0.0003095906424522,-0.0015639722213739,-2.4294636794749667
5.150,0.000,-0.0001926543300688,-0.0016450393947257,-2.4538668391323921
5.200,0.000,-0.0000620392584684,-0.0016915668402795,-2.4750133517740669
5.250,0.000,0.0000768925249081,-0.0017056301158555,-2.4932869835092810
5.300,0.000,0.0002186716429971,-0.0016899827881780,-2.5090351337041850
5.350,0.000,0.0003579324695001,-0.0016477459751976,-2.5225697027238838
5.400,0.000,0.0004896120008098,-0.0015821807949372,-2.5341688875852437
5.450,0.000,0.0006091261052681,-0.0014965305632462,-2.5440795088311123
5.500,0.000,0.0007125146087292,-0.0013939184781819,-2.5525195943215744
5.550,0.000,0.0007965495163721,-0.0012772873146786,-2.5596810355164061
5.600,0.000,0.0008588038186119,-0.0011493693903868,-2.5657321964982751
5.650,0.000,0.0008976812819003,-0.0010126771515486,-2.5708204016491090
5.700,0.000,0.0009124100684334,-0.0008695068128827,-2.5750742595267297
5.750,0.000,0.0009030048111409,-0.0007219493809243,-2.5786058019637101
5.800,0.000,0.0008702028726959,-0.0005719050125752,-2.5815124316469413
5.850,0.000,0.0008153810041898,-0.0004210979886341,-2.5838786805925711
5.900,0.000,0.0007404586004821,-0.0002710906266461,-2.5857777875735048
5.950,0.000,0.0006477933531976,-0.0001232952471080,-2.5872731058043028
6.000,0.000,0.0005400744516718,0.0000210161228025,-2.5884193538313682
6.050,0.000,0.0004202176852733,0.0001607042365673,-2.5892637231637736
6.100,0.000,0.0002912659450910,0.0002947569947203,-2.5898468560921515
6.150,0.000,0.0001562977750938,0.0004222852517491,-2.5902037066370336
6.200,0.000,0.0000183458291092,0.0005425195827311,-2.5903642968187195
6.250,0.000,-0.0001196736203347,0.0006548075462678,-2.5903543795636148
6.300,0.000,-0.0002550195852630,0.0007586110358822,-2.5901960186332240
6.350,0.000,-0.0003851736466930,0.0008535033892713,-2.5899080950302680
6.400,0.000,-0.0005078759895656,0.0009391660109758,-2.5895067484326293
6.450,0.000,-0.0006211508610751,0.0010153843494179,-2.5890057613478334
6.500,0.000,-0.0007233223404352,0.0010820431477875,-2.5884168928791600
6.550,0.000,-0.0008130214477040,0.0011391209558762,-2.5877501682537156
6.600,0.000,-0.0008891856941421,0.0011866839448239,-2.5870141295842117
6.650,0.000,-0.0009510521990040,0.0012248791082219,-2.5862160527188212
6.700,0.000,-0.0009981454792581,0.0012539269619626,-2.5853621344748201
6.750,0.000,-0.0010302609681106,0.0012741138725818,-2.5844576540487112
6.800,0.000,-0.0010474452461815,0.0012857841514999,-2.5835071119441415
6.850,0.000,-0.0010499738815162,0.0012893320521707,-2.5825143493555136
6.900,0.000,-0.0010383276786954,0.0012851938006105,-2.5814826505858672
6.950,0.000,-0.0010131680376278,0.0012738397786546,-2.5804148307579102
7.000,0.000,-0.0009753120237834,0.0012557669652186,-2.5793133107942401
7.050,0.000,-0.0009257076557081,0.0012314917249849,-2.5781801813923466
7.100,0.000,-0.0008654098256704,0.0012015430173985,-2.5770172574991159
7.150,0.000,-0.0007955571863862,0.0011664560824193,-2.5758261245952374
7.200,0.000,-0.0007173502616217,0.0011267666438970,-2.5746081779289640
7.250,0.000,-0.0006320309717299,0.0010830056568120,-2.5733646556888363
7.300,0.000,-0.0005408637066638,0.0010356946117394,-2.5720966669737604
7.350,0.000,-0.0004451180291127,0.0009853413984015,-2.5708052153040102
7.400,0.000,-0.0003460530472452,0.0009324367204509,-2.5694912183166316
7.450,0.000,-0.0002449034617971,0.0008774510455900,-2.5681555242012917
7.500,0.000,-0.0001428672628735,0.0008208320685563,-2.5667989253566574
7.550,0.000,-0.0000410950289014,0.0007630026595200,-2.5654221696811463
7.600,0.000,0.0000593192374932,0.0007043592666995,-2.5640259698545873
7.650,0.000,0.0001573458158397,0.0006452707394293,-2.5626110109173572
7.700,0.000,0.0002520256043289,0.0005860775364422,-2.5611779564104400
7.750,0.000,0.0003424751815603,0.0005270912834233,-2.5597274533024672
7.800,0.000,0.0004278906911153,0.0004685946440038,-2.5582601358973918
7.850,0.000,0.0005075506488761,0.0004108414689923,-2.5567766288885583
7.900,0.000,0.0005808177713379,0.0003540571898044,-2.5552775497008064
7.950,0.000,0.0006471399221442,0.0002984394235181,-2.5537635102413621
8.000,0.000,0.0007060502699691,0.0002441587588101,-2.5522351181624492
8.050,0.000,0.0007571667477625,0.0001913596938938,-2.5506929777230578
8.100,0.000,0.0008001908978982,0.0001401616997517,-2.5491376903240410
8.150,0.000,0.0008349061834203,0.0000906603840185,-2.5475698547793422
8.200,0.000,0.0008611758398704,0.0000429287330590,-2.5459900673763722
8.250,0.000,0.0008789403368317,-0.0000029815881014,-2.5443989217701160
8.300,0.000,0.0008882145132330,-0.0000470388962768,-2.5427970087484661
8.350,0.000,0.0008890844445268,-0.0000892301273132,-2.5411849159000575
8.400,0.000,0.0008817040952272,-0.0001295594643863,-2.5395632272107198
8.450,0.000,0.0008662918050402,-0.0001680469699912,-2.5379325226100899
8.500,0.000,0.0008431266519227,-0.0002047272325448,-2.5362933774862668
8.550,0.000,0.0008125447311455,-0.0002396480369918,-2.5346463621830182
8.600,0.000,0.0007749353850299,-0.0002728690673540,-2.5329920414914207
8.650,0.000,0.0007307374140154,-0.0003044606478728,-2.5313309741454368
8.700,0.000,0.0006804352961984,-0.0003345025281489,-2.5296637123289947
8.750,0.000,0.0006245554388134,-0.0003630827167052,-2.5279908012004983
8.800,0.000,0.0005636624822124,-0.0003902963663225,-2.5263127784393045
8.850,0.000,0.0004983556738683,-0.0004162447137104,-2.5246301738175601
8.900,0.000,0.0004292653273372,-0.0004410340752539,-2.5229435087998069
8.950,0.000,0.0003570493787451,-0.0004647748999543,-2.5212532961720333
9.000,0.000,0.0002823900511197,-0.0004875808800258,-2.5195600397010844
9.050,0.000,0.0002059906350352,-0.0005095681191490,-2.5178642338249531
9.100,0.000,0.0001285723921572,-0.0005308543579060,-2.5161663633738556
9.150,0.000,0.0000508715868781,-0.0005515582555531,-2.5144669033218827
9.200,0.000,-0.0000263633504459,-0.0005717987269676,-2.5127663185684850
9.250,0.000,-0.0001023745260431,-0.0005916943333319,-2.5110650637490335
9.300,0.000,-0.0001763971499046,-0.0006113627249066,-2.5093635830734478
9.350,0.000,-0.0002476619670150,-0.0006309201340652,-2.5076623101917113
9.400,0.000,-0.0003153975533722,-0.0006504809166179,-2.5059616680851877
9.450,0.000,-0.0003788324777642,-0.0006701571393636,-2.5042620689823210
9.500,0.000,-0.0004371973312511,-0.0006900582117257,-2.5025639142975460
9.550,0.000,-0.0004897266267830,-0.0007102905592693,-2.5008675945920156
9.600,0.000,-0.0005356605716428,-0.0007309573368957,-2.4991734895548845
9.650,0.000,-0.0005742467160919,-0.0007521581794875,-2.4974819680038003
9.700,0.000,-0.0006047414816009,-0.0007739889877977,-2.4957933879033849
9.750,0.000,-0.0006264115726026,-0.0007965417473906,-2.4941080964004154
9.800,0.000,-0.0006385352755700,-0.0008199043785051,-2.4924264298745347
9.850,0.000,-0.0006404036497575,-0.0008441606147290,-2.4907487140033355
9.900,0.000,-0.0006313216137252,-0.0008693899084567,-2.4890752638406681
9.950,0.000,-0.0006106089319539,-0.0008956673611512,-2.4874063839071630
10.000,0.000,-0.0005776011060318,-0.0009230636765066,-2.4857423682919166
0.050,2.000,-0.0021726811214205,0.0007769105925997,-2.9670827539466669
0.100,2.000,0.0030586614364555,0.0005758539214858,-2.9774219384915535
0.150,2.000,0.0024771998546858,0.0036332306236687,-2.9793465777433954
0.200,2.000,0.0005284952272098,0.0027949599218187,-2.9769116221637781
0.250,2.000,-0.0001008600116577,0.0003257188708835,-2.9723814142022791
0.300,2.000,0.0004019554034667,-0.0012557202258840,-2.9665877576449771
0.350,2.000,0.0009491783901622,-0.0014159975283178,-2.9599985990781801
0.400,2.000,0.0009318785538871,-0.0007450112505192,-2.9529826198644056
0.450,2.000,0.0003962687279602,0.0000571496738358,-2.9457948325699350
0.500,2.000,-0.0003229853646108,0.0006128087836667,-2.9385784750776751
0.550,2.000,-0.0009244784684003,0.0008515126166369,-2.9314056123259924
0.600,2.000,-0.0012582195159061,0.0008558120843880,-2.9243174262229488
0.650,2.000,-0.0013087815480419,0.0007400814964545,-2.9173465158226013
0.700,2.000,-0.0011362875173885,0.0005952011191137,-2.9105238602193508
0.750,2.000,-0.0008251964493380,0.0004765600664101,-2.9038782618244952
0.800,2.000,-0.0004542036527046,0.0004097946308730,-2.8974338711417462
0.850,2.000,-0.0000838466379178,0.0004000002414804,-2.8912082744799052
0.900,2.000,0.0002453685859742,0.0004393856562476,-2.8852117157046444
0.950,2.000,0.0005101174166545,0.0005127638230692,-2.8794472620645597
1.000,2.000,0.0007001163535494,0.0006015437904832,-2.8739115758494278
1.050,2.000,0.0008142863764799,0.0006868262813259,-2.8685960198642197
1.100,2.000,0.0008577276555954,0.0007518518326174,-2.8634879172119700
1.150,2.000,0.0008394978008959,0.0007838045095982,-2.8585718485614828
1.200,2.000,0.0007710087304099,0.0007749017695778,-2.8538309032422178
1.250,2.000,0.0006648453607388,0.0007227454277818,-2.8492478184090753
1.300,2.000,0.0005338589350163,0.0006299963787297,-2.8448059545796900
1.350,2.000,0.0003904462402034,0.0005035148871254,-2.8404900712665748
1.400,2.000,0.0002459717430389,0.0003531542481308,-2.8362868837597848
1.450,2.000,0.0001103178111986,0.0001904042837188,-2.8321853997059296
1.500,2.000,-0.0000084389266647,0.0000270598291475,-2.8281770499000465
1.550,2.000,-0.0001042246713533,-0.0001259503623233,-2.8242556400958003
1.600,2.000,-0.0001730421375436,-0.0002594857776252,-2.8204171588787781
1.650,2.000,-0.0002129298608789,-0.0003668242677005,-2.8166594806960115
1.700,2.000,-0.0002238219987392,-0.0004439954757984,-2.8129820034589996
1.750,2.000,-0.0002073279623825,-0.0004898417390792,-2.8093852574873410
1.800,2.000,-0.0001664537480805,-0.0005058494199350,-2.8058705177829664
1.850,2.000,-0.0001052873811327,-0.0004958033531121,-2.8024394455375039
1.900,2.000,-0.0000286697070117,-0.0004653195049248,-2.7990937780938250
1.950,2.000,0.0000581307303859,-0.0004213080217440,-2.7958350798860052
2.000,2.000,0.0001497233309367,-0.0003714125032354,-2.7926645606081495
2.050,2.000,0.0002408699641127,-0.0003234632039950,-2.7895829613166194
2.100,2.000,0.0003267205163723,-0.0002849732189110,-2.7865905045429895
2.150,2.000,0.0004030050814921,-0.0002626984463844,-2.7836869008815714
2.200,2.000,0.0004661813852167,-0.0002622748157925,-2.7808714019372882
2.250,2.000,0.0005135383596628,-0.0002879401951228,-2.7781428879409762
2.300,2.000,0.0005432584131020,-0.0003423436268928,-2.7754999776831211
2.350,2.000,0.0005544419039722,-0.0004264409845598,-2.7729411485775639
2.400,2.000,0.0005470977125013,-0.0005394736086741,-2.7704648555183971
2.450,2.000,0.0005221037424736,-0.0006790247338680,-2.7680696385987118
2.500,2.000,0.0004811408395424,-0.0008411473082771,-2.7657542115749556
2.550,2.000,0.0004266031492065,-0.0010205559121870,-2.7635175250400694
2.600,2.000,0.0003614875140248,-0.0012108747241805,-2.7613588004687419
2.650,2.000,0.0002892642556918,-0.0014049327386256,-2.7592775334835240
2.700,2.000,0.0002137316919123,-0.0015950966472648,-2.7572734667364207
2.750,2.000,0.0001388570397844,-0.0017736309545357,-2.7553465346001751
2.800,2.000,0.0000686069436786,-0.0019330740403093,-2.7534967833323547
2.850,2.000,0.0000067716742961,-0.0020666180817849,-2.7517242714570198
2.900,2.000,-0.0000432120251453,-0.0021684800739372,-2.7500289557807172
2.950,2.000,-0.0000784335467285,-0.0022342507106847,-2.7484105687341502
3.000,2.000,-0.0000966697989911,-0.0022612076466756,-2.7468684926597624
3.050,2.000,-0.0000965281625856,-0.0022485796552903,-2.7454016363363660
3.100,2.000,-0.0000775636587381,-0.0021977483946816,-2.7440083185670971
3.150,2.000,-0.0000403632058953,-0.0021123748150368,-2.7426861632063821
3.200,2.000,0.0000134095387487,-0.0019984375841535,-2.7414320097358917
3.250,2.000,0.0000810143310493,-0.0018641711625616,-2.7402418435992315
3.300,2.000,0.0001586839802249,-0.0017198912272543,-2.7391107511498056
3.350,2.000,0.0002417269306203,-0.0015776949782254,-2.7380329054178669
3.400,2.000,0.0003246854656580,-0.0014510235150733,-2.7370015910868393
3.450,2.000,0.0004015519330498,-0.0013540731539292,-2.7360092801449398
3.500,2.000,0.0004660457489768,-0.0013010427297131,-2.7350477735965502
3.550,2.000,0.0005119549290518,-0.0013052054280571,-2.7341084291511946
3.600,2.000,0.0005335472171798,-0.0013777978808173,-2.7331824994476590
3.650,2.000,0.0005260567799778,-0.0015267282398866,-2.7322616091682508
3.700,2.000,0.0004862514505878,-0.0017551217869667,-2.7313384007401718
3.750,2.000,0.0004130802190614,-0.0020597516018947,-2.7304073746279247
3.800,2.000,0.0003083873944470,-0.0024294484450417,-2.7294659375879524
3.850,2.000,0.0001776534627983,-0.0028436548845631,-2.7285156451213237
3.900,2.000,0.0000306766465468,-0.0032713903616290,-2.7275635754081540
3.950,2.000,-0.0001179634110720,-0.0036710302064487,-2.7266236927792860
4.000,2.000,-0.0002489224783466,-0.0039914683122878,-2.7257179418237967
4.050,2.000,-0.0003389848293817,-0.0041754078255808,-2.7248766571482208
4.100,2.000,-0.0003633708540006,-0.0041656502512000,-2.7241376929011816
4.150,2.000,-0.0003000971287908,-0.0039152185684048,-2.7235435158243133
4.200,2.000,-0.0001369797207056,-0.0034017663090213,-2.7231354610732827
4.250,2.000,0.0001184920458730,-0.0026457305374931,-2.7229445779168677
4.300,2.000,0.0004270830710567,-0.0017298145697674,-2.7229791870564095
4.350,2.000,0.0007058288879217,-0.0008145554501545,-2.7232105616611286
4.400,2.000,0.0008207040311898,-0.0001414049753924,-2.7235598728579049
4.450,2.000,0.0005908331358823,-0.0000123703963445,-2.7238909768653445
4.500,2.000,-0.0001879184754483,-0.0007364027240044,-2.7240133826371258
5.500,2.000,0.0000844049782535,0.0005791200730085,-2.5691503706358914
5.550,2.000,-0.0000289316927618,-0.0006696143650453,-2.5675686069495653
5.600,2.000,-0.0000959538738972,-0.0014765425545591,-2.5666753511250762
5.650,2.000,-0.0000902001873291,-0.0018405340668604,-2.5662318528445516
5.700,2.000,-0.0000166855871945,-0.0018206408577190,-2.5660520810003393
5.750,2.000,0.0000980287371395,-0.0015131415410424,-2.5660026565680876
5.800,2.000,0.0002169992711244,-0.0010297710032469,-2.5659967014239080
5.850,2.000,0.0003033129645586,-0.0004795142770402,-2.5659845708214615
5.900,2.000,0.0003282781318228,0.0000447425088843,-2.5659437832150402
5.950,2.000,0.0002765317621810,0.0004743035052412,-2.5658697012207625
6.000,2.000,0.0001478262076899,0.0007677906074722,-2.5657678232869201
6.050,2.000,-0.0000441821414753,0.0009101038993383,-2.5656480011921685
6.100,2.000,-0.0002753979883557,0.0009083261946305,-2.5655205258309919
6.150,2.000,-0.0005160288363022,0.0007858094359692,-2.5653938078632779
6.200,2.000,-0.0007355962150811,0.0005756315161623,-2.5652732879053044
6.250,2.000,-0.0009073571542691,0.0003144182347169,-2.5651612053476893
6.300,2.000,-0.0010115441080478,0.0000372370649592,-2.5650569007904553
6.350,2.000,-0.0010371456293254,-0.0002260522658976,-2.5649573965413262
6.400,2.000,-0.0009822422236032,-0.0004529036325712,-2.5648580729199399
6.450,2.000,-0.0008531330709099,-0.0006287931684062,-2.5647533233652133
6.500,2.000,-0.0006626171547296,-0.0007468247116941,-2.5646371230386213
6.550,2.000,-0.0004278288460403,-0.0008065884657553,-2.5645034827145747
6.600,2.000,-0.0001679923708420,-0.0008126219074912,-2.5643467838608869
6.650,2.000,0.0000976211279508,-0.0007727676396645,-2.5641620047227320
6.700,2.000,0.0003513492838033,-0.0006966451047407,-2.5639448538907046
6.750,2.000,0.0005783184589784,-0.0005943713348512,-2.5636918298300420
6.800,2.000,0.0007671391060117,-0.0004755934880942,-2.5634002241416884
6.850,2.000,0.0009101646143028,-0.0003488398292816,-2.5630680842746694
6.900,2.000,0.0010033954695301,-0.0002211579684110,-2.5626941488660111
6.950,2.000,0.0010461243382465,-0.0000979880522880,-2.5622777663305873
7.000,2.000,0.0010404164509670,0.0000167891369287,-2.5618188049964612
7.050,2.000,0.0009905086276626,0.0001206875132310,-2.5613175610719958
7.100,2.000,0.0009021940912970,0.0002123853029409,-2.5607746690515238
7.150,2.000,0.0007822424339347,0.0002914695429785,-2.5601910177921781
7.200,2.000,0.0006378871952956,0.0003581852053922,-2.5595676743880031
7.250,2.000,0.0004763989382532,0.0004132086450517,-2.5589058170903023
7.300,2.000,0.0003047501161397,0.0004574565890804,-2.5582066778392316
7.350,2.000,0.0001293695161716,0.0004919352670966,-2.5574714944507582
7.400,2.000,-0.0000440216285072,0.0005176294969237,-2.5567014721181609
7.450,2.000,-0.0002105030847716,0.0005354283834740,-2.5558977536153984
7.500,2.000,-0.0003659913098141,0.0005460824662154,-2.5550613974107201
7.550,2.000,-0.0005072301715737,0.0005501863504834,-2.5541933627950013
7.600,2.000,-0.0006317486660555,0.0005481807885425,-2.5532945010849342
7.650,2.000,-0.0007377962256630,0.0005403685886366,-2.5523655519625006
7.700,2.000,-0.0008242645657368,0.0005269394246867,-2.5514071440475088
7.750,2.000,-0.0008906033022291,0.0005079994456160,-2.5504197988590804
7.800,2.000,-0.0009367349288433,0.0004836024349388,-2.5494039373968693
7.850,2.000,-0.0009629732545203,0.0004537800778507,-2.5483598886562970
7.900,2.000,-0.0009699481159473,0.0004185696130974,-2.5472878994791057
7.950,2.000,-0.0009585381119497,0.0003780377596151,-2.5461881452271533
8.000,2.000,-0.0009298122524815,0.0003323003077260,-2.5450607408501620
8.050,2.000,-0.0008849807581318,0.0002815371558534,-2.5439057519956036
8.100,2.000,-0.0008253547634496,0.0002260028662126,-2.5427232058793021
8.150,2.000,-0.0007523143417088,0.0001660330201159,-2.5415131016983437
8.200,2.000,-0.0006672840544664,0.0001020467894671,-2.5402754204229341
8.250,2.000,-0.0005717151103559,0.0000345462197171,-2.5390101338514306
8.300,2.000,-0.0004670731725646,-0.0000358872463167,-2.5377172128527969
8.350,2.000,-0.0003548308632306,-0.0001085984733709,-2.5363966347543232
8.400,2.000,-0.0002364640602889,-0.0001828660598303,-2.5350483898595106
8.450,2.000,-0.0001134511542459,-0.0002579110160789,-2.5336724871028853
8.500,2.000,0.0000127254806545,-0.0003329062745189,-2.5322689588654423
8.550,2.000,0.0001405764527892,-0.0004069866638453,-2.5308378649871841
8.600,2.000,0.0002686013141341,-0.0004792590345442,-2.5293792960225168
8.650,2.000,0.0003952839813847,-0.0005488122756852,-2.5278933757906055
8.700,2.000,0.0005190879970028,-0.0006147270129449,-2.5263802632765753
8.750,2.000,0.0006384519316212,-0.0006760848235845,-2.5248401539415011
8.800,2.000,0.0007517851598218,-0.0007319768449296,-2.5232732804992839
8.850,2.000,0.0008574641803173,-0.0007815116887132,-2.5216799132177123
8.900,2.000,0.0009538295991539,-0.0008238226043498,-2.5200603597991336
8.950,2.000,0.0010391838509191,-0.0008580738601671,-2.5184149648936209
9.000,2.000,0.0011117896962032,-0.0008834663329755,-2.5167441092945411
9.050,2.000,0.0011698695042073,-0.0008992423137291,-2.5150482088630262
9.100,2.000,0.0012116053059565,-0.0009046895507269,-2.5133277132244976
9.150,2.000,0.0012351395855797,-0.0008991445622682,-2.5115831042766894
9.200,2.000,0.0012385767634238,-0.0008819952585187,-2.5098148945451038
9.250,2.000,0.0012199853155163,-0.0008526829176972,-2.5080236254184309
9.300,2.000,0.0011774004672612,-0.0008107035652276,-2.5062098652930698
9.350,2.000,0.0011088273957645,-0.0007556088063524,-2.5043742076526918
9.400,2.000,0.0010122448738036,-0.0006870061632710,-2.5025172691058724
9.450,2.000,0.0008856092882765,-0.0006045589674033,-2.5006396874019945
9.500,2.000,0.0007268589682465,-0.0005079858560993,-2.4987421194430000
9.550,2.000,0.0005339187596434,-0.0003970599212214,-2.4968252393062818
9.600,2.000,0.0003047047873609,-0.0002716075547147,-2.4948897362918192
9.650,2.000,0.0000371293494811,-0.0001315070335959,-2.4929363130045794
9.700,2.000,-0.0002708941078025,0.0000233131159946,-2.4909656834816372
9.750,2.000,-0.0006214459812632,0.0001928759390216,-2.4889785713716579
9.800,2.000,-0.0010165955101991,0.0003771580223263,-2.4869757081731043
9.850,2.000,-0.0014583958223629,0.0005760915852244,-2.4849578315361689
9.900,2.000,-0.0019488790600713,0.0007895666619788,-2.4829256836323501
9.950,2.000,-0.0024900516160077,0.0010174333510626,-2.4808800095946202
10.000,2.000,-0.0030838895042724,0.0012595041087018,-2.4788215560301348
0.050,1.000,0.0001960198741141,-0.0003814870336281,7.6233096558882982
0.100,1.000,-0.0002236115624395,-0.0003800357347968,5.1605547807721335
0.150,1.000,0.0004545418703912,-0.0003693560006217,2.6482152395063854
0.200,1.000,-0.0013619134395328,-0.0007022855583911,0.7344623707188146
0.250,1.000,0.0008282709989673,-0.0002912225101553,-0.5399034870903473
0.300,1.000,0.0016832530244984,-0.0009165483352787,-1.3642702277071490
0.350,1.000,0.0002069365177942,-0.0008407992908367,-1.9054659470627995
0.400,1.000,-0.0012880904999857,0.0001615341533919,-2.2704584141220829
0.450,1.000,-0.0012968137301717,0.0010277637138471,-2.5232662942564774
0.500,1.000,-0.0001484562107375,0.0009489594228433,-2.7023266855600019
0.550,1.000,0.0009093492999321,-0.0000334980551788,-2.8314276551469346
0.600,1.000,0.0009941368195263,-0.0011990407643848,-2.9258842030232364
0.650,1.000,0.0002756749289271,-0.0017008533822934,-2.9959406045860062
0.700,1.000,-0.0003328533097205,-0.0011574491926299,-3.0486502338826660
0.750,1.000,-0.0001837548863033,0.0000486262694108,-3.0889337638558283
0.800,1.000,0.0003321789990998,0.0009920476352735,-3.1202048630081283
0.850,1.000,0.0001496120083311,0.0008543729755113,-3.1447829275700694
0.900,1.000,-0.0010641158707487,-0.0004669344552466,-3.1642093689838138
0.950,1.000,-0.0016538347781209,-0.0022871396097236,-3.1795122102811484
1.000,1.000,0.0019961945707794,-0.0036443914156069,-3.1914191604736750
1.000,0.050,0.0016009392868771,-0.0015754147892275,-3.1802813868431152
1.000,0.100,0.0013798913224160,0.0007255595000679,-3.1818073197813037
1.000,0.150,-0.0010476695122384,0.0015062397174586,-3.1828356205494579
1.000,0.200,-0.0018231561417629,0.0010073751175799,-3.1837295429146413
1.000,0.250,-0.0008930610319392,0.0002507711411194,-3.1847404984488255
1.000,0.300,0.0000799017388312,-0.0001145890028523,-3.1859869237315861
1.000,0.350,0.0004369588144747,-0.0000530779040835,-3.1875243049215687
1.000,0.400,0.0006448542106514,0.0001469805257254,-3.1893743795123757
1.000,0.450,0.0010808726683527,0.0002398218931468,-3.1915102768909320
1.000,0.500,0.0013533805772858,0.0001816621741327,-3.1938443860045282
1.000,0.550,0.0008629238249477,0.0000636183473150,-3.1962289158242627
1.000,0.600,-0.0001794622791429,-0.0000176367569372,-3.1984627638058023
1.000,0.650,-0.0008255580889111,-0.0000320956134555,-3.2003182436782254
1.000,0.700,-0.0008283652999985,-0.0000702245796506,-3.2016018822366661
1.000,0.750,-0.0010699215554823,-0.0003238145954461,-3.2022147273885242
1.000,0.800,-0.0008660864707821,-0.0007126675550716,-3.2021099864375580
1.000,0.850,0.0025228518630669,-0.0004178839761987,-3.2010707378630485
1.000,0.900,0.0036043248410824,0.0010508555314026,-3.1985443444696777
1.000,0.950,-0.0032480349477255,0.0011449741113979,-3.1943486797419092
4.500,1.000,0.0275018273756621,0.0009857365431361,-2.6828060785195502
4.550,1.000,0.0110219299401125,0.0011452298838577,-2.6794275761172655
4.600,1.000,-0.0004484145390149,-0.0001934658490019,-2.6766447866700029
4.650,1.000,-0.0067350498789118,-0.0021665229546895,-2.6743650486303738
4.700,1.000,-0.0083721408821275,-0.0039942881823060,-2.6723763598972941
4.750,1.000,-0.0065190813099632,-0.0050807599968384,-2.6703855129666949
4.800,1.000,-0.0027058127514746,-0.0050823134848220,-2.6680764459329667
4.850,1.000,0.0015097005726877,-0.0039406736285022,-2.6651717802371375
4.900,1.000,0.0048615501799169,-0.0018693242660992,-2.6614807909042022
4.950,1.000,0.0065838775127534,0.0007117958448952,-2.6569237863594637
5.000,1.000,0.0064693676707496,0.0032809451618800,-2.6515317660609323
5.050,1.000,0.0047951859574962,0.0053304168320458,-2.6454270650876932
5.100,1.000,0.0021667539974156,0.0064628179822830,-2.6387936504790539
5.150,1.000,-0.0006634926019011,0.0064475985718078,-2.6318453035804268
5.200,1.000,-0.0029573690164187,0.0052332921412519,-2.6247976329072040
5.250,1.000,-0.0041066326700221,0.0029237519295656,-2.6178471242435664
5.300,1.000,-0.0036955760079500,-0.0002669583528118,-2.6111580971257484
5.350,1.000,-0.0015158161034473,-0.0040660624669837,-2.6048568316005132
5.400,1.000,0.0024544430524786,-0.0081885280413077,-2.5990312691952995
5.450,1.000,0.0080922613096113,-0.0123719746703221,-2.5937344361546555
5.500,1.000,0.0151797313110270,-0.0163980746576105,-2.5889898899659394
4.500,1.050,-0.0021652117857212,0.0151345536816331,-2.6852777028443051
5.500,1.050,-0.0030940636319259,-0.0211440957724409,-2.5862095741359852
4.500,1.100,-0.0077108684912077,0.0174273760331979,-2.6902809194521971
5.500,1.100,-0.0053705768975027,-0.0197256439871867,-2.5826611339990069
4.500,1.150,-0.0065181042192226,0.0104750134460653,-2.6970262302141417
5.500,1.150,-0.0025743164159193,-0.0140856977822126,-2.5790405345700220
4.500,1.200,-0.0067912881789526,0.0014976419643540,-2.7039894688331882
5.500,1.200,0.0003047689295790,-0.0071380958844949,-2.5758425226672981
4.500,1.250,-0.0077002152052067,-0.0041828734753407,-2.7099602976434278
5.500,1.250,0.0013521456630422,-0.0010855976532678,-2.5732471588917054
4.500,1.300,-0.0069834412264916,-0.0054294250503942,-2.7144628953578249
5.500,1.300,0.0006102622726979,0.0030192335177832,-2.5712157106810349
4.500,1.350,-0.0047276331476062,-0.0038333416284132,-2.7175738167042609
5.500,1.350,-0.0008661867346895,0.0050418056744892,-2.5696238371242508
4.500,1.400,-0.0025062378015000,-0.0015360424289491,-2.7195984766814818
5.500,1.400,-0.0019808771167333,0.0053709357966006,-2.5683522341333256
4.500,1.450,-0.0015151038970274,0.0000780561079605,-2.7208567104000045
5.500,1.450,-0.0021449086243811,0.0045946454744005,-2.5673249482892038
4.500,1.500,-0.0018155966892357,0.0006476128529456,-2.7216021619043600
5.500,1.500,-0.0013555753245831,0.0032940187247590,-2.5665117040055359
4.500,1.550,-0.0027039031216794,0.0004765896412826,-2.7220205963588837
5.500,1.550,-0.0000114928018020,0.0019322478326670,-2.5659119730612128
4.500,1.600,-0.0034287797765469,0.0000361562851767,-2.7222528794601217
5.500,1.600,0.0013473154267684,0.0008089338203064,-2.5655331714149483
4.500,1.650,-0.0036452377272064,-0.0003636145142524,-2.7224118388276071
5.500,1.650,0.0022692582249242,0.0000599172221844,-2.5653713898332069
4.500,1.700,-0.0034442038726104,-0.0006511871315094,-2.7225844875124228
5.500,1.700,0.0025379021711747,-0.0003107736482361,-2.5654013174027090
4.500,1.750,-0.0031168318553075,-0.0008988029534141,-2.7228243953057558
5.500,1.750,0.0022097088472591,-0.0003807860085755,-2.5655804409844434
4.500,1.800,-0.0028869550826481,-0.0011812763643908,-2.7231430195153483
5.500,1.800,0.0015447074632771,-0.0002574563604828,-2.5658691219747629
4.500,1.850,-0.0027594958345479,-0.0014789190342875,-2.7235067692039401
5.500,1.850,0.0008655031401437,-0.0000390525924326,-2.5662624137743100
4.500,1.900,-0.0025126158431948,-0.0016543783101412,-2.7238423051391494
5.500,1.900,0.0004048273717842,0.0002026489666652,-2.5668234673685193
4.500,1.950,-0.0017846209559238,-0.0014876933962993,-2.7240487587177835
5.500,1.950,0.0002022155341374,0.0004203315915876,-2.5677053520964637
0.000,1.000,-0.0002443883233788,-0.0003665119230194,8.9614618074634969
0.000,1.050,0.3792572186293320,0.0003725589737253,8.4939987778542143
0.000,1.100,0.7204230507228606,-0.0004426061707362,7.2429791940961357
0.000,1.150,1.0186345080553283,-0.0002140591518336,4.7670630810583674
0.000,1.200,1.2801525615995208,0.0013095359630970,1.7016559012980375
0.000,1.250,1.5001237796968709,-0.0007597512163559,-0.8448632942488552
0.000,1.300,1.6800275462042198,0.0004527893517837,-2.5688412303434895
0.000,1.350,1.8193073527016190,-0.0003961698079473,-3.6365891617954795
0.000,1.400,1.9198859805435409,-0.0013627647964691,-4.2600007625646743
0.000,1.450,1.9795204741192214,0.0000457768368473,-4.5789264344776939
0.000,1.500,1.9988198326014557,0.0018149646482878,-4.6713692706742123
0.000,1.550,1.9794006772087220,0.0010270929421495,-4.5849469723315899
0.000,1.600,1.9207209780290289,-0.0014967202737446,-4.3628833968251906
0.000,1.650,1.8207219643756316,-0.0022342489976234,-4.0586686408648305
0.000,1.700,1.6789614640824113,-0.0001151106244722,-3.7341232790914702
0.000,1.750,1.4975048537109747,0.0021686708676392,-3.4433200605350702
0.000,1.800,1.2781990886183989,0.0021018620004167,-3.2177331237778812
0.000,1.850,1.0204635567949933,-0.0000282162969524,-3.0651261665782674
0.000,1.900,0.7219811966383745,-0.0021284431517657,-2.9787412908721853
0.000,1.950,0.3805599043375292,-0.0019422708848337,-2.9469174011537178
0.000,2.000,-0.0041443126598478,0.0020656707673096,-2.9584818433070699
