0.050,0.000,-0.0002142153682168,-0.0016931439113945,1.4399057427772453
0.050,2.000,0.0001969642445533,-0.0009391442475469,1.4437737854438681
0.100,0.000,-0.0004981647613071,-0.0011900348455622,1.4324235566411672
0.100,2.000,0.0003523589289541,-0.0006459103791245,1.4356613704963208
0.150,0.000,-0.0006551275190479,-0.0007349664893301,1.4248243524611373
0.150,2.000,0.0004026640511296,-0.0004397816968344,1.4274988666516266
0.200,0.000,-0.0007105721604695,-0.0003404942935857,1.4171214737832210
0.200,2.000,0.0003740075599622,-0.0003060565016611,1.4192959465268122
0.250,0.000,-0.0006882781929003,-0.0000133354247958,1.4093276602851448
0.250,2.000,0.0002891002622648,-0.0002311344166866,1.4110615631567356
0.300,0.000,-0.0006098755280340,0.0002447009062583,1.4014549558824854
0.300,2.000,0.0001673650192985,-0.0002026054547052,1.4028039215032246
0.350,0.000,-0.0004945247023462,0.0004357250113531,1.3935146387527135
0.350,2.000,0.0000251030735590,-0.0002093062624805,1.3945304598808417
0.400,0.000,-0.0003587298632591,0.0005647934073183,1.3855171722216890
0.400,2.000,-0.0001243091193649,-0.0002413467735892,1.3862478412726389
0.450,0.000,-0.0002162710622141,0.0006390036830237,1.3774721749767209
0.450,2.000,-0.0002701992196969,-0.0002901107410601,1.3779619543069446
0.500,0.000,-0.0000782389740479,0.0006666921099009,1.3693884087395083
0.500,2.000,-0.0004043609870579,-0.0003482336352184,1.3696779234787804
0.550,0.000,0.0000468465108572,0.0006567528383801,1.3612737813305085
0.550,2.000,-0.0005208050685006,-0.0004095612475896,1.3614001280316002
0.600,0.000,0.0001528526296283,0.0006180850664699,1.3531353629621636
0.600,2.000,-0.0006155042685635,-0.0004690921034382,1.3531322287701129
0.650,0.000,0.0002358030209790,0.0005591653527972,1.3449794135914326
0.650,2.000,-0.0006861384221295,-0.0005229065111068,1.3448772019556168
0.700,0.000,0.0002936163781268,0.0004877359542563,1.3368114192233209
0.700,2.000,-0.0007318433879500,-0.0005680848107340,1.3366373793430366
0.750,0.000,0.0003258289322928,0.0004105962240164,1.3286361351698155
0.750,2.000,-0.0007529680648930,-0.0006026171579902,1.3284144933540585
0.800,0.000,0.0003333130067837,0.0003334821887215,1.3204576344181558
0.800,2.000,-0.0007508427268881,-0.0006253070046347,1.3202097263432746
0.850,0.000,0.0003180016314027,0.0002610189371159,1.3122793594364879
0.850,2.000,-0.0007275613943890,-0.0006356703177150,1.3120237629026816
0.900,0.000,0.0002826270442507,0.0001967309610058,1.3041041759331871
0.900,2.000,-0.0006857804168473,-0.0006338325027902,1.3038568441626106
0.950,0.000,0.0002304789152852,0.0001430967366035,1.2959344272801159
0.950,2.000,-0.0006285349369004,-0.0006204249462776,1.2957088230818439
1.000,0.000,0.0001651863511873,0.0001016353431623,1.2877719885030945
1.000,2.000,-0.0005590744409811,-0.0005964830472421,1.2875792197735516
1.050,0.000,0.0000905262053654,0.0000730145826649,1.2796183189295354
1.050,2.000,-0.0004807181699296,-0.0005633475492361,1.2794672759839762
1.100,0.000,0.0000102589231033,0.0000571717472381,1.2714745127596565
1.100,2.000,-0.0003967307630613,-0.0005225708909219,1.2713720079242010
1.150,0.000,-0.0000720079106984,0.0000534397873919,1.2633413469910415
1.150,2.000,-0.0003102181371426,-0.0004758301582692,1.2632922567489484
1.200,0.000,-0.0001529290022033,0.0000606731091891,1.2552193262746603
1.200,2.000,-0.0002240432554185,-0.0004248480353127,1.2552267360769571
1.250,0.000,-0.0002295050960224,0.0000773685441904,1.2471087244127459
1.250,2.000,-0.0001407611220063,-0.0003713229155501,1.2471740760521484
1.300,0.000,-0.0002991428661693,0.0001017781834757,1.2390096223247271
1.300,2.000,-0.0000625720446375,-0.0003168690585343,1.2391328635508254
1.350,0.000,-0.0003596931212304,0.0001320117491190,1.2309219424068218
1.350,2.000,0.0000087080523458,-0.0002629673672359,1.2311016782449666
1.400,0.000,-0.0004094697149331,0.0001661270033875,1.2228454792944989
1.400,2.000,0.0000716617090347,-0.0002109270355872,1.2230791243330903
1.450,0.000,-0.0004472516705364,0.0002022073814545,1.2147799271056832
1.450,2.000,0.0001252700359913,-0.0001618579881066,1.2150638578462492
1.500,0.000,-0.0004722710595232,0.0002384265926206,1.2067249032973835
1.500,2.000,0.0001689006197695,-0.0001166537203714,1.2070546095258601
1.550,0.000,-0.0004841891374945,0.0002731003830706,1.1986799693106596
1.550,2.000,0.0002022850995569,-0.0000759838648369,1.1990502033510313
1.600,0.000,-0.0004830631469434,0.0003047260039957,1.1906446482098820
1.600,2.000,0.0002254883357338,-0.0000402955630961,1.1910495708648570
1.650,0.000,-0.0004693060598585,0.0003320101954049,1.1826184395433619
1.650,2.000,0.0002388710924057,-0.0000098225321000,1.1830517615111193
1.700,0.000,-0.0004436413632284,0.0003538866893933,1.1746008316651171
1.700,2.000,0.0002430481107317,0.0000153994263328,1.1750559492447321
1.750,0.000,-0.0004070547969881,0.0003695243672681,1.1665913117629714
1.750,2.000,0.0002388433615025,0.0000355118041077,1.1670614357208278
1.800,0.000,-0.0003607447446337,0.0003783272816385,1.1585893738377553
1.800,2.000,0.0002272441386871,0.0000508090092763,1.1590676503988953
1.850,0.000,-0.0003060727588433,0.0003799277854878,1.1505945248729812
1.850,2.000,0.0002093554963486,0.0000617115599402,1.1510741479201028
1.900,0.000,-0.0002445154839147,0.0003741740026308,1.1426062894253073
1.900,2.000,0.0001863563463276,0.0000687381028543,1.1430806031283898
1.950,0.000,-0.0001776190192590,0.0003611128345575,1.1346242128540245
1.950,2.000,0.0001594583306789,0.0000724773970212,1.1350868041098487
2.000,0.000,-0.0001069565576763,0.0003409696336313,1.1266478633937231
2.000,2.000,0.0001298683685145,0.0000735612598469,1.1270926436209543
2.050,0.000,-0.0000340899326899,0.0003141255877022,1.1186768332587163
2.050,2.000,0.0000987555591206,0.0000726393101450,1.1190981092653864
2.100,0.000,0.0000394644761843,0.0002810937617217,1.1107107389514828
2.100,2.000,0.0000672229089204,0.0000703561675100,1.1111032727623249
2.150,0.000,0.0001122652006614,0.0002424946327142,1.1027492209306189
2.150,2.000,0.0000362841453666,0.0000673315898181,1.1031082786272035
2.200,0.000,0.0001829703751508,0.0001990318398918,1.0947919427771939
2.200,2.000,0.0000068456917137,0.0000641438575266,1.0951133325599958
2.250,0.000,0.0002503576666691,0.0001514687556729,1.0868385899820783
2.250,2.000,-0.0000203062926939,0.0000613165515043,1.0871186898070637
2.300,0.000,0.0003133395605323,0.0001006063691881,1.0788888684611697
2.300,2.000,-0.0000445140479546,0.0000593087254715,1.0791246437314730
2.350,0.000,0.0003709742132013,0.0000472628644268,1.0709425028906006
2.350,2.000,-0.0000652518867823,0.0000585083486548,1.0711315147943288
2.400,0.000,0.0004224721588776,-0.0000077448273144,1.0629992349400779
2.400,2.000,-0.0000821258607346,0.0000592287912667,1.0631396401169069
2.450,0.000,0.0004671992140232,-0.0000636173148209,1.0550588214697096
2.450,2.000,-0.0000948699415897,0.0000617080461817,1.0551493637609928
2.500,0.000,0.0005046759650757,-0.0001195867721974,1.0471210327438341
2.500,2.000,-0.0001033392806873,0.0000661103245004,1.0471610278335275
2.550,0.000,0.0005345742505408,-0.0001749286732144,1.0391856507047874
2.550,2.000,-0.0001075011253465,0.0000725296296087,1.0391749644919492
2.600,0.000,0.0005567110613724,-0.0002289712683158,1.0312524673400008
2.600,2.000,-0.0001074239659719,0.0000809949018505,1.0311914888990328
2.650,0.000,0.0005710402843540,-0.0002811028892420,1.0233212831673717
2.650,2.000,-0.0001032654630590,0.0000914763315370,1.0232108931509172
2.700,0.000,0.0005776427041100,-0.0003307772071084,1.0153919058565233
2.700,2.000,-0.0000952596634572,0.0001038924587188,1.0152334411796466
2.750,0.000,0.0005767146623049,-0.0003775166007812,1.0074641489971605
2.750,2.000,-0.0000837039635405,0.0001181177107272,1.0072593646120707
2.800,0.000,0.0005685557485351,-0.0004209138143078,0.9995378310203502
2.800,2.000,-0.0000689462167182,0.0001339900697169,0.9992888595504941
2.850,0.000,0.0005535558689166,-0.0004606320959231,0.9916127742739778
2.850,2.000,-0.0000513723179901,0.0001513186091343,0.9913220842269467
2.900,0.000,0.0005321820059206,-0.0004964040177946,0.9836888042499221
2.900,2.000,-0.0000313945314013,0.0001698906873332,0.9833591574723310
2.950,0.000,0.0005049649486445,-0.0005280291762250,0.9757657489574749
2.950,2.000,-0.0000094407609455,0.0001894786358863,0.9754001579338409
3.000,0.000,0.0004724862371277,-0.0005553709675239,0.9678434384351918
3.000,2.000,0.0000140550966421,0.0002098458273659,0.9674451239686771
3.050,0.000,0.0004353655287184,-0.0005783526262205,0.9599217043915965
3.050,2.000,0.0000386616354885,0.0002307520508135,0.9594940541390693
3.100,0.000,0.0003942485596158,-0.0005969527005952,0.9520003799639227
3.100,2.000,0.0000639572288112,0.0002519581615490,0.9515469082326101
3.150,0.000,0.0003497958413245,-0.0006112001265854,0.9440792995832690
3.150,2.000,0.0000895361325980,0.0002732300046190,0.9436036087326533
3.200,0.000,0.0003026722001991,-0.0006211690456484,0.9361582989341357
3.200,2.000,0.0001150134501644,0.0002943416376468,0.9356640426657648
3.250,0.000,0.0002535372391033,-0.0006269734958589,0.9282372149961886
3.250,2.000,0.0001400290297164,0.0003150778991360,0.9277280637566512
3.300,0.000,0.0002030367737028,-0.0006287620889279,0.9203158861563001
3.300,2.000,0.0001642503862357,0.0003352363826119,0.9197954948253354
3.350,0.000,0.0001517952720352,-0.0006267127694059,0.9123941523792671
3.350,2.000,0.0001873747512499,0.0003546288859037,0.9118661303663840
3.400,0.000,0.0001004093050992,-0.0006210277364551,0.9044718554261689
3.400,2.000,0.0002091303601286,0.0003730824089866,0.9039397392554894
3.450,0.000,0.0000494419980336,-0.0006119285935551,0.8965488391100228
3.450,2.000,0.0002292770874311,0.0003904397738805,0.8960160675344208
3.500,0.000,-0.0000005815438865,-0.0005996517775032,0.8886249495791401
3.500,2.000,0.0002476065374244,0.0004065599369480,0.8880948412311869
3.550,0.000,-0.0000491778729646,-0.0005844443052912,0.8807000356194310
3.550,2.000,0.0002639416902153,0.0004213180583170,0.8801757691779585
3.600,0.000,-0.0000959079492937,-0.0005665598659119,0.8727739489677910
3.600,2.000,0.0002781361949453,0.0004346053858275,0.8722585457948443
3.650,0.000,-0.0001403790601446,-0.0005462552739637,0.8648465446295512
3.650,2.000,0.0002900733908779,0.0004463290025846,0.8643428538128326
3.700,0.000,-0.0001822459712106,-0.0005237872930229,0.8569176811938736
3.700,2.000,0.0002996651259812,0.0004564114784268,0.8564283669140719
3.750,0.000,-0.0002212113761984,-0.0004994098291571,0.8489872211417915
3.750,2.000,0.0003068504310882,0.0004647904569462,0.8485147522721369
3.800,0.000,-0.0002570257137335,-0.0004733714885517,0.8410550311424575
3.800,2.000,0.0003115940967295,0.0004714182014927,0.8406016729788743
3.850,0.000,-0.0002894864212711,-0.0004459134879922,0.8331209823338660
3.850,2.000,0.0003138851894360,0.0004762611161667,0.8326887903479965
3.900,0.000,-0.0003184366954974,-0.0004172679027336,0.8251849505851031
3.900,2.000,0.0003137355350488,0.0004792992513516,0.8247757660886281
3.950,0.000,-0.0003437638270921,-0.0003876562330562,0.8172468167377879
3.950,2.000,0.0003111781886551,0.0004805257980011,0.8168622643446439
4.000,0.000,-0.0003653971756062,-0.0003572882684269,0.8093064668250113
4.000,2.000,0.0003062659040825,0.0004799465706998,0.8089479535978072
4.050,0.000,-0.0003833058471365,-0.0003263612265346,0.8013637922665872
4.050,2.000,0.0002990696106122,0.0004775794764593,0.8010325084345105
4.100,0.000,-0.0003974961339908,-0.0002950591435114,0.7934186900399551
4.100,2.000,0.0002896769005093,0.0004734539642566,0.7931156111773204
4.150,0.000,-0.0004080087716381,-0.0002635524912140,0.7854710628264682
4.150,2.000,0.0002781905282657,0.0004676104493169,0.7851969533836388
4.200,0.000,-0.0004149160640255,-0.0002319979975046,0.7775208191331852
4.200,2.000,0.0002647269206577,0.0004600997060285,0.7772762372145569
4.250,0.000,-0.0004183189240273,-0.0002005386459027,0.7695678733905965
4.250,2.000,0.0002494146959658,0.0004509822239584,0.7693531766775450
4.300,0.000,-0.0004183438713107,-0.0001693038317448,0.7616121460269932
4.300,2.000,0.0002323931907230,0.0004403275226163,0.7614274987469598
4.350,0.000,-0.0004151400255171,-0.0001384096529788,0.7536535635203778
4.350,2.000,0.0002138109929001,0.0004282134221761,0.7534989443664888
4.400,0.000,-0.0004088761283218,-0.0001079593149225,0.7456920584290316
4.400,2.000,0.0001938244815361,0.0004147252692579,0.7455672693377131
4.450,0.000,-0.0003997376236509,-0.0000780436296308,0.7377275694019397
4.450,2.000,0.0001725963740917,0.0003999551188533,0.7376322450988912
4.500,0.000,-0.0003879238213178,-0.0000487415919342,0.7297600411704440
4.500,2.000,0.0001502942843638,0.0003840008755322,0.7296936593979009
4.550,0.000,-0.0003736451654928,-0.0000201210156724,0.7217894245224699
4.550,2.000,0.0001270892952228,0.0003669653989994,0.7217513168631310
4.600,0.000,-0.0003571206257670,0.0000077607848693,0.7138156762608291
4.600,2.000,0.0001031545519736,0.0003489555808629,0.7138050394758858
4.650,0.000,-0.0003385752251980,0.0000348562818406,0.7058387591470034
4.650,2.000,0.0000786638833433,0.0003300814009935,0.7058546669476746
4.700,0.000,-0.0003182377166253,0.0000611270011024,0.6978586418318943
4.700,2.000,0.0000537904582011,0.0003104549731152,0.6979000570055530
4.750,0.000,-0.0002963384156336,0.0000865427805838,0.6898752987749701
4.750,2.000,0.0000287054868458,0.0002901895901559,0.6899410855885597
4.800,0.000,-0.0002731071959961,0.0001110810290744,0.6818887101531896
4.800,2.000,0.0000035769762301,0.0002693987804619,0.6819776469581448
4.850,0.000,-0.0002487716510406,0.0001347259935447,0.6738988617610747
4.850,2.000,-0.0000214314514227,0.0002481953861770,0.6740096537254151
4.900,0.000,-0.0002235554223280,0.0001574680419095,0.6659057449032032
4.900,2.000,-0.0000461616672663,0.0002266906749537,0.6660370367980131
4.950,0.000,-0.0001976766951854,0.0001793029670537,0.6579093562803592
4.950,2.000,-0.0000704620628878,0.0002049934956987,0.6580597452494396
5.000,0.000,-0.0001713468590108,0.0002002313169204,0.6499096978704859
5.000,2.000,-0.0000941884876858,0.0001832094883064,0.6500777461137207
5.050,0.000,-0.0001447693288703,0.0002202577545478,0.6419067768055233
5.050,2.000,-0.0001172050894067,0.0001614403563173,0.6420910241084111
5.100,0.000,-0.0001181385237758,0.0002393904510931,0.6339006052451288
5.100,2.000,-0.0001393850519761,0.0001397832102345,0.6340995812890737
5.150,0.000,-0.0000916389959916,0.0002576405141270,0.6258912002482077
5.150,2.000,-0.0001606112260084,0.0001183299878364,0.6261034366385543
5.200,0.000,-0.0000654447049044,0.0002750214528090,0.6178785836430809
5.200,2.000,-0.0001807766489190,0.0000971669563395,0.6181026255945583
5.250,0.000,-0.0000397184283984,0.0002915486809511,0.6098627818970807
5.250,2.000,-0.0001997849531023,0.0000763742997064,0.6100971995192559
5.300,0.000,-0.0000146113041068,0.0003072390584545,0.6018438259862263
5.300,2.000,-0.0002175506621412,0.0000560257928078,0.6020872251148482
5.350,0.000,0.0000097375073958,0.0003221104711370,0.5938217512656364
5.350,2.000,-0.0002339993766101,0.0000361885626193,0.5940727837892485
5.400,0.000,0.0000332010456533,0.0003361814485890,0.5857965973411857
5.400,2.000,-0.0002490678524577,0.0000169229351194,0.5860539709762336
5.450,0.000,0.0000556646680338,0.0003494708193372,0.5777684079429019
5.450,2.000,-0.0002627039763571,-0.0000017176347889,0.5780308954146153
5.500,0.000,0.0000770260703800,0.0003619974023340,0.5697372308005115
5.500,2.000,-0.0002748666436381,-0.0000196865542997,0.5700036783911339
5.550,0.000,0.0000971952189993,0.0003737797335442,0.5617031175214827
5.550,2.000,-0.0002855255454777,-0.0000369440096972,0.5619724529519209
5.600,0.000,0.0001160942022102,0.0003848358262106,0.5536661234718644
5.600,2.000,-0.0002946608730059,-0.0000534568153052,0.5539373630874805
5.650,0.000,0.0001336570094631,0.0003951829632405,0.5456263076601622
5.650,2.000,-0.0003022629466219,-0.0000691982011008,0.5458985628961980
5.700,0.000,0.0001498292459046,0.0004048375200315,0.5375837326244521
5.700,2.000,-0.0003083317794330,-0.0000841475462767,0.5378562157314137
5.750,0.000,0.0001645677898999,0.0004138148159790,0.5295384643228740
5.750,2.000,-0.0003128765840465,-0.0000982900663939,0.5298104933370910
5.800,0.000,0.0001778404007634,0.0004221289928533,0.5214905720276204
5.800,2.000,-0.0003159152320677,-0.0001116164619785,0.5217615749770367
5.850,0.000,0.0001896252836602,0.0004297929182087,0.5134401282224963
5.850,2.000,-0.0003174736757287,-0.0001241225364260,0.5137096465625506
5.900,0.000,0.0001999106181591,0.0004368181119714,0.5053872085040867
5.900,2.000,-0.0003175853407890,-0.0001358087909525,0.5056548997832392
5.950,0.000,0.0002086940567143,0.0004432146943765,0.4973318914865398
5.950,2.000,-0.0003162904996024,-0.0001466800040610,0.4975975312455472
6.000,0.000,0.0002159821988214,0.0004489913534402,0.4892742587099602
6.000,2.000,-0.0003136356327656,-0.0001567448025953,0.4895377416233756
6.050,0.000,0.0002217900463272,0.0004541553302024,0.4812143945523665
6.050,2.000,-0.0003096727871453,-0.0001660152309599,0.4814757348248838
6.100,0.000,0.0002261404449094,0.0004587124200211,0.4731523861451524
6.100,2.000,-0.0003044589375333,-0.0001745063245138,0.4734117171793460
6.150,0.000,0.0002290635164010,0.0004626669882619,0.4650883232919885
6.150,2.000,-0.0002980553583430,-0.0001822356925037,0.4653458966476112
6.200,0.000,0.0002305960862203,0.0004660219987962,0.4570222983910511
6.200,2.000,-0.0002905270111035,-0.0001892231152303,0.4572784820594304
6.250,0.000,0.0002307811098883,0.0004687790537886,0.4489544063605030
6.250,2.000,-0.0002819419526174,-0.0001954901594419,0.4492096823805849
6.300,0.000,0.0002296671020917,0.0004709384433389,0.4408847445670878
6.300,2.000,-0.0002723707679543,-0.0002010598152432,0.4411397060124203
6.350,0.000,0.0002273075715580,0.0004724992036191,0.4328134127577286
6.350,2.000,-0.0002618860315905,-0.0002059561571223,0.4330687601260520
6.400,0.000,0.0002237604646393,0.0004734591822265,0.4247405129940028
6.400,2.000,-0.0002505617992868,-0.0002102040310248,0.4249970500331821
6.450,0.000,0.0002190876200864,0.0004738151095637,0.4166661495893526
6.450,2.000,-0.0002384731325434,-0.0002138287687739,0.4169247785951015
6.500,0.000,0.0002133542373167,0.0004735626751290,0.4085904290489021
6.500,2.000,-0.0002256956568821,-0.0002168559305583,0.4088521456711636
6.550,0.000,0.0002066283601225,0.0004726966076900,0.4005134600117369
6.550,2.000,-0.0002123051544803,-0.0002193110756610,0.4007793476076537
6.600,0.000,0.0001989803774912,0.0004712107583907,0.3924353531955109
6.600,2.000,-0.0001983771911969,-0.0002212195611445,0.3927065767676913
6.650,0.000,0.0001904825429974,0.0004690981859176,0.3843562213432391
6.650,2.000,-0.0001839867775863,-0.0002226063677830,0.3846340211025059
6.700,0.000,0.0001812085139411,0.0004663512429333,0.3762761791721360
6.700,2.000,-0.0001692080629690,-0.0002234959521813,0.3765618637641336
6.750,0.000,0.0001712329111956,0.0004629616630505,0.3681953433243718
6.750,2.000,-0.0001541140614195,-0.0002239121237387,0.3684902827593358
6.800,0.000,0.0001606309005536,0.0004589206476987,0.3601138323196035
6.800,2.000,-0.0001387764081341,-0.0002238779448775,0.3604194506442893
6.850,0.000,0.0001494777961229,0.0004542189522940,0.3520317665091539
6.850,2.000,-0.0001232651445363,-0.0002234156527889,0.3523495342593782
6.900,0.000,0.0001378486861795,0.0004488469711948,0.3439492680317194
6.900,2.000,-0.0001076485302090,-0.0002225466008359,0.3442806945032158
6.950,0.000,0.0001258180817297,0.0004427948209793,0.3358664607704745
6.950,2.000,-0.0000919928797754,-0.0002212912176756,0.3362130861448413
7.000,0.000,0.0001134595878271,0.0004360524216432,0.3277834703114625
7.000,2.000,-0.0000763624227202,-0.0002196689821495,0.3281468576728889
7.050,0.000,0.0001008455976821,0.0004286095753652,0.3197004239031533
7.050,2.000,-0.0000608191841188,-0.0002176984119995,0.3200821511803683
7.100,0.000,0.0000880470093269,0.0004204560425419,0.3116174504170733
7.100,2.000,-0.0000454228843963,-0.0002153970645216,0.3120191022835961
7.150,0.000,0.0000751329646420,0.0004115816148378,0.3035346803093922
7.150,2.000,-0.0000302308561721,-0.0002127815473436,0.3039578400737088
7.200,0.000,0.0000621706103369,0.0004019761850388,0.2954522455833725
7.200,2.000,-0.0000152979764220,-0.0002098675376162,0.2958984870991148
7.250,0.000,0.0000492248804733,0.0003916298135408,0.2873702797526004
7.250,2.000,-0.0000006766122705,-0.0002066698080233,0.2878411593771746
7.300,0.000,0.0000363583000203,0.0003805327913383,0.2792889178048961
7.300,2.000,0.0000135834211033,-0.0002032022581506,0.2797859664333615
7.350,0.000,0.0000236308088514,0.0003686756994155,0.2712082961668376
7.350,2.000,0.0000274348919289,-0.0001994779498893,0.2717330113661230
7.400,0.000,0.0000110996055649,0.0003560494644671,0.2631285526688126
7.400,2.000,0.0000408331738513,-0.0001955091456983,0.2636823909356482
7.450,0.000,-0.0000011809895265,0.0003426454109129,0.2550498265105323
7.450,2.000,0.0000537362596888,-0.0001913073486903,0.2556341956747457
7.500,0.000,-0.0000131596529605,0.0003284553091870,0.2469722582269426
7.500,2.000,0.0000661047678766,-0.0001868833436550,0.2475885100200504
7.550,0.000,-0.0000247881590079,0.0003134714203103,0.2388959896544696
7.550,2.000,0.0000779019424504,-0.0001822472382670,0.2395454124618042
7.600,0.000,-0.0000360214635505,0.0002976865367741,0.2308211638975490
7.600,2.000,0.0000890936473128,-0.0001774085038590,0.2315049757104679
7.650,0.000,-0.0000468177718361,0.0002810940197807,0.2227479252953842
7.650,2.000,0.0000996483553338,-0.0001723760152703,0.2234672668784941
7.700,0.000,-0.0000571385908066,0.0002636878329023,0.2146764193888889
7.700,2.000,0.0001095371328399,-0.0001671580893805,0.2154323476756099
7.750,0.000,-0.0000669487668412,0.0002454625722332,0.2066067928877722
7.750,2.000,0.0001187336198092,-0.0001617625220607,0.2074002746160200
7.800,0.000,-0.0000762165096940,0.0002264134931271,0.1985391936377319
7.800,2.000,0.0001272140061726,-0.0001561966233485,0.1993710992360216
7.850,0.000,-0.0000849134034218,0.0002065365336111,0.1904737705877177
7.850,2.000,0.0001349570043628,-0.0001504672507496,0.1913448683205428
7.900,0.000,-0.0000930144050741,0.0001858283345909,0.1824106737572370
7.900,2.000,0.0001419438183865,-0.0001445808406250,0.1833216241372275
7.950,0.000,-0.0001004978319321,0.0001642862569550,0.1743500542036778
7.950,2.000,0.0001481581094657,-0.0001385434376948,0.1753014046767327
8.000,0.000,-0.0001073453380516,0.0001419083957034,0.1662920639896244
8.000,2.000,0.0001535859584117,-0.0001323607227259,0.1672842438979770
8.050,0.000,-0.0001135418808721,0.0001186935912223,0.1582368561501488
8.050,2.000,0.0001582158247644,-0.0001260380385210,0.1592701719771624
8.100,0.000,-0.0001190756785883,0.0000946414378343,0.1501845846600600
8.100,2.000,0.0001620385027571,-0.0001195804143423,0.1512592155594550
8.150,0.000,-0.0001239381590411,0.0000697522897571,0.1421354044010958
8.150,2.000,0.0001650470741710,-0.0001129925889365,0.1432513980122792
8.200,0.000,-0.0001281239007718,0.0000440272645987,0.1340894711290513
8.200,2.000,0.0001672368580973,-0.0001062790323331,0.1352467396792695
8.250,0.000,-0.0001316305669336,0.0000174682445268,0.1260469414408311
8.250,2.000,0.0001686053576991,-0.0000994439665961,0.1272452581339561
8.300,0.000,-0.0001344588327237,-0.0000099221247558,0.1180079727414196
8.300,2.000,0.0001691522039913,-0.0000924913857080,0.1192469684323894
8.350,0.000,-0.0001366123069171,-0.0000381404371000,0.1099727232107699
8.350,2.000,0.0001688790967730,-0.0000854250747643,0.1112518833639039
8.400,0.000,-0.0001380974481085,-0.0000671825309277,0.1019413517706038
8.400,2.000,0.0001677897427738,-0.0000782486286437,0.1032600136993461
8.450,0.000,-0.0001389234762809,-0.0000970434960532,0.0939140180511243
8.450,2.000,0.0001658897911425,-0.0000709654703052,0.0952713684361260
8.500,0.000,-0.0001391022801919,-0.0001277176821782,0.0858908823576483
8.500,2.000,0.0001631867664442,-0.0000635788688557,0.0872859550395070
8.550,0.000,-0.0001386483211097,-0.0001591987089391,0.0778721056371525
8.550,2.000,0.0001596899993340,-0.0000560919575038,0.0793037796796270
8.600,0.000,-0.0001375785334652,-0.0001914794773842,0.0698578494447437
8.600,2.000,0.0001554105550696,-0.0000485077515059,0.0713248474637796
8.650,0.000,-0.0001359122227655,-0.0002245521827640,0.0618482759100585
8.650,2.000,0.0001503611601311,-0.0000408291661872,0.0633491626635404
8.700,0.000,-0.0001336709613506,-0.0002584083285205,0.0538435477035984
8.700,2.000,0.0001445561271329,-0.0000330590350981,0.0553767289363876
8.750,0.000,-0.0001308784823309,-0.0002930387413670,0.0458438280030109
8.750,2.000,0.0001380112783538,-0.0000252001283544,0.0474075495414837
8.800,0.000,-0.0001275605721394,-0.0003284335873492,0.0378492804593169
8.800,2.000,0.0001307438680829,-0.0000172551711799,0.0394416275493522
8.850,0.000,-0.0001237449620730,-0.0003645823887912,0.0298600691631095
8.850,2.000,0.0001227725041635,-0.0000092268626633,0.0314789660452251
8.900,0.000,-0.0001194612191550,-0.0004014740420230,0.0218763586107186
8.900,2.000,0.0001141170689672,-0.0000011178947140,0.0235195683258387
8.950,0.000,-0.0001147406367005,-0.0004390968358013,0.0138983136703647
8.950,2.000,0.0001047986401610,0.0000070690288086,0.0155634380895549
9.000,0.000,-0.0001096161248384,-0.0004774384703330,0.0059260995483053
9.000,2.000,0.0000948394115873,0.0000153311728330,0.0076105796196445
9.050,0.000,-0.0001041221013077,-0.0005164860768143,-0.0020401182450097
9.050,2.000,0.0000842626145635,0.0000236657517376,-0.0003390020393387
9.100,0.000,-0.0000982943828137,-0.0005562262374119,-0.0100001739287627
9.100,2.000,0.0000730924399717,0.0000320699099978,-0.0082853009121783
9.150,0.000,-0.0000921700771520,-0.0005966450056025,-0.0179539014855583
9.150,2.000,0.0000613539614335,0.0000405407028992,-0.0162283099306501
9.200,0.000,-0.0000857874763567,-0.0006377279268058,-0.0259011346951680
9.200,2.000,0.0000490730599201,0.0000490750773956,-0.0241680207782277
9.250,0.000,-0.0000791859511004,-0.0006794600592402,-0.0338417071682160
9.250,2.000,0.0000362763501056,0.0000576698532030,-0.0321044237418488
9.300,0.000,-0.0000724058465046,-0.0007218259949366,-0.0417754523797914
9.300,2.000,0.0000229911087963,0.0000663217042225,-0.0400375075707138
9.350,0.000,-0.0000654883795657,-0.0007648098808571,-0.0497022037029750
9.350,2.000,0.0000092452057050,0.0000750271403883,-0.0479672593420889
9.400,0.000,-0.0000584755383557,-0.0008083954400545,-0.0576217944422664
9.400,2.000,-0.0000049329631054,0.0000837824900422,-0.0558936643340500
9.450,0.000,-0.0000514099831391,-0.0008525659928289,-0.0655340578668946
9.450,2.000,-0.0000195145388681,0.0000925838829303,-0.0638167059051213
9.500,0.000,-0.0000443349495476,-0.0008973044778298,-0.0734388272440097
9.500,2.000,-0.0000344702605665,0.0001014272339189,-0.0717363653807071
9.550,0.000,-0.0000372941539231,-0.0009425934730576,-0.0813359358717280
9.550,2.000,-0.0000497705219809,0.0001103082275279,-0.0796526219462494
9.600,0.000,-0.0000303317009493,-0.0009884152167287,-0.0892252171120288
9.600,2.000,-0.0000653854250800,0.0001192223033703,-0.0875654525469970
9.650,0.000,-0.0000234919936576,-0.0010347516279615,-0.0971065044234819
9.650,2.000,-0.0000812848296024,0.0001281646425865,-0.0954748317942889
9.700,0.000,-0.0000168196458837,-0.0010815843272520,-0.1049796313938012
9.700,2.000,-0.0000974383985929,0.0001371301553577,-0.1033807318782343
9.750,0.000,-0.0000103593972925,-0.0011288946567065,-0.1128444317722028
9.750,2.000,-0.0001138156398001,0.0001461134695708,-0.1112831224866700
9.800,0.000,-0.0000041560309370,-0.0011766637000012,-0.1207007395015646
9.800,2.000,-0.0001303859427450,0.0001551089207100,-0.1191819707302705
9.850,0.000,0.0000017457064659,-0.0012248723020465,-0.1285483887503644
9.850,2.000,-0.0001471186114113,0.0001641105430334,-0.1270772410736803
9.900,0.000,0.0000073011816222,-0.0012735010883303,-0.1363872139444000
9.900,2.000,-0.0001639828923920,0.0001731120620961,-0.1349688952725338
9.950,0.000,0.0000124659489910,-0.0013225304839191,-0.1442170497982591
9.950,2.000,-0.0001809479985205,0.0001821068886610,-0.1428568923162312
10.000,0.000,0.0000171958223673,-0.0013719407321000,-0.1520377313465498
10.000,2.000,-0.0001979831278501,0.0001910881140477,-0.1507411883763306
0.000,0.000,0.0002232762724033,-0.0022251207296893,1.4472570776746170
0.000,0.050,0.1955565614092630,-0.0017568770758997,1.4482345562531680
0.000,0.100,0.3809343183790916,-0.0013703699362821,1.4488132983242241
0.000,0.150,0.5561535816408490,-0.0010385344332818,1.4490978903355483
0.000,0.200,0.7211245832910494,-0.0007512372903976,1.4491734460045811
0.000,0.250,0.8758512300625220,-0.0005091061225900,1.4491084613564573
0.000,0.300,1.0203978163472247,-0.0003172931169173,1.4489572851178463
0.000,0.350,1.1548569837528131,-0.0001804222024973,1.4487622216838960
0.000,0.400,1.2793255886286110,-0.0000991288605121,1.4485553252295043
0.000,0.450,1.3938894267866495,-0.0000682128907560,1.4483599570229253
0.000,0.500,1.4986146763331123,-0.0000763122853896,1.4481921746588324
0.000,0.550,1.5935430377311395,-0.0001069886348975,1.4480620081525737
0.000,0.600,1.6786882750974423,-0.0001410470403214,1.4479746578245494
0.000,0.650,1.7540335030026899,-0.0001597308757945,1.4479316261928437
0.000,0.700,1.8195303507773943,-0.0001481702995105,1.4479317741516122
0.000,0.750,1.8751022738234158,-0.0000982492345439,1.4479722738885084
0.000,0.800,1.9206541118517810,-0.0000100479504318,1.4480494202203882
0.000,0.850,1.9560882857665807,0.0001086778447134,1.4481592605215095
0.000,0.900,1.9813252253812188,0.0002449355776036,1.4482980123606084
0.000,0.950,1.9963228624442069,0.0003841296732593,1.4484622570307213
0.000,1.000,2.0010887466912681,0.0005136867187188,1.4486489239832578
0.000,1.050,1.9956796036605136,0.0006254314795519,1.4488551110677674
0.000,1.100,1.9801869548208957,0.0007159550042243,1.4490778118477610
0.000,1.150,1.9547124773388493,0.0007850455376803,1.4493136370640851
0.000,1.200,1.9193409641207424,0.0008330755816019,1.4495586171314883
0.000,1.250,1.8741200706667238,0.0008586795139937,1.4498081545259640
0.000,1.300,1.8190536904258734,0.0008579058870239,1.4500571616465807
0.000,1.350,1.7541106247571188,0.0008253463695911,1.4503003776548142
0.000,1.400,1.6792443405800663,0.0007568269627454,1.4505328153438868
0.000,1.450,1.5944154465988754,0.0006524876504818,1.4507502544224602
0.000,1.500,1.4996076399964564,0.0005187822360074,1.4509496767534060
0.000,1.550,1.3948304176897017,0.0003682085570343,1.4511295352088249
0.000,1.600,1.2801067014931709,0.0002163259653006,1.4512897613996141
0.000,1.650,1.1554490967896847,0.0000765907593634,1.4514314473634455
0.000,1.700,1.0208334655294473,-0.0000455344697194,1.4515561800570143
0.000,1.750,0.8761820555060520,-0.0001571068649062,1.4516650618084288
0.000,1.800,0.7213699956728143,-0.0002786205207646,1.4517575093207200
0.000,1.850,0.5562676512119696,-0.0004395367501525,1.4518299797103862
0.000,1.900,0.3808259520954433,-0.0006677834267971,1.4518748122374252
0.000,1.950,0.1952017552435590,-0.0009742535446706,1.4518793851183251
0.000,2.000,-0.0000931508195005,-0.0013351617230529,1.4518257575175371
