1.000,0.000,-0.0004952672953186,0.0007046184734547,-0.1915954321114416
1.050,0.000,-0.0000902641857954,-0.0000458271254917,-0.1916230178030752
1.100,0.000,0.0001283039059546,-0.0002617012907215,-0.1917020644123779
1.150,0.000,0.0002091789007731,-0.0002454237511752,-0.1917990980936861
1.200,0.000,0.0002059525940745,-0.0001564485132133,-0.1918871919021999
1.250,0.000,0.0001637928557693,-0.0000643709213072,-0.1919484185796212
1.300,0.000,0.0001140684166900,0.0000093816252792,-0.1919728739511147
1.350,0.000,0.0000743433444888,0.0000645626816610,-0.1919563762775721
1.400,0.000,0.0000512307249312,0.0001073291901245,-0.1918981177027810
1.450,0.000,0.0000441396360881,0.0001436140355732,-0.1917988249011925
1.500,0.000,0.0000486961552914,0.0001770649525030,-0.1916595425497077
1.550,0.000,0.0000592952478466,0.0002090856384872,-0.1914809481691100
1.600,0.000,0.0000707037215020,0.0002395683283522,-0.1912630485220976
1.650,0.000,0.0000788747350442,0.0002676496267163,-0.1910051187641570
1.700,0.000,0.0000812112483466,0.0002922540524477,-0.1907057790523768
1.750,0.000,0.0000765003511625,0.0003124005935243,-0.1903631371048118
1.800,0.000,0.0000646867797294,0.0003273279707178,-0.1899749516499960
1.850,0.000,0.0000465945166857,0.0003365097227561,-0.1895387900898365
1.900,0.000,0.0000236557785529,0.0003396189589666,-0.1890521657341049
1.950,0.000,-0.0000023278816019,0.0003364838362705,-0.1885126476956353
2.000,0.000,-0.0000293876574679,0.0003270567382259,-0.1879179415608437
2.050,0.000,-0.0000555566871398,0.0003114056954993,-0.1872659422860486
2.100,0.000,-0.0000790115411772,0.0002897264780141,-0.1865547629648303
2.150,0.000,-0.0000981888270825,0.0002623678148549,-0.1857827444259435
2.200,0.000,-0.0001118766809198,0.0002298597762903,-0.1849484511853145
2.250,0.000,-0.0001192788978687,0.0001929356820457,-0.1840506591944878
2.300,0.000,-0.0001200491244733,0.0001525400697473,-0.1830883402319349
2.350,0.000,-0.0001142937436370,0.0001098183648195,-0.1820606468357453
2.400,0.000,-0.0001025442380701,0.0000660871621600,-0.1809669005536065
2.450,0.000,-0.0000857022233431,0.0000227868927770,-0.1798065851534740
2.500,0.000,-0.0000649624256594,-0.0000185792263518,-0.1785793454258078
2.550,0.000,-0.0000417202962357,-0.0000565147906568,-0.1772849913982801
2.600,0.000,-0.0000174715879973,-0.0000896027254100,-0.1759235072110897
2.650,0.000,0.0000062888712084,-0.0001165752976109,-0.1744950635599079
2.700,0.000,0.0000281626344058,-0.0001363768802060,-0.1730000324711312
2.750,0.000,0.0000469317846466,-0.0001482156990982,-0.1714390031834292
2.800,0.000,0.0000616274836036,-0.0001516018935254,-0.1698127980206192
2.850,0.000,0.0000715799308282,-0.0001463703229032,-0.1681224873087902
2.900,0.000,0.0000764480172929,-0.0001326875725132,-0.1663694025798166
2.950,0.000,0.0000762281389068,-0.0001110434963668,-0.1645551474891074
3.000,0.000,0.0000712426995360,-0.0000822283665084,-0.1626816060427949
3.050,0.000,0.0000621097697701,-0.0000472972728026,-0.1607509478718211
3.100,0.000,0.0000496961783230,-0.0000075238474337,-0.1587656304065375
3.150,0.000,0.0000350570008269,0.0000356543082153,-0.1567283978981331
3.200,0.000,0.0000193649763911,0.0000806959212628,-0.1546422773067479
3.250,0.000,0.0000038338204601,0.0001260193931147,-0.1525105711352232
3.300,0.000,-0.0000103602993928,0.0001700664941998,-0.1503368473362073
3.350,0.000,-0.0000221547186526,0.0002113637610547,-0.1481249264617934
3.400,0.000,-0.0000306692980606,0.0002485790765569,-0.1458788662608568
3.450,0.000,-0.0000352643957423,0.0002805711196356,-0.1436029439602407
3.500,0.000,-0.0000355841425715,0.0003064296592857,-0.1413016364914889
3.550,0.000,-0.0000315820769186,0.0003255050426434,-0.1389795989436426
3.600,0.000,-0.0000235271237778,0.0003374256877114,-0.1366416415331246
3.650,0.000,-0.0000119890319351,0.0003421029306090,-0.1342927053823265
3.700,0.000,0.0000021963381555,0.0003397231788792,-0.1319378373879979
3.750,0.000,0.0000179801265642,0.0003307279604268,-0.1295821644385036
3.800,0.000,0.0000341688968682,0.0003157830967757,-0.1272308672060975
3.850,0.000,0.0000495040662450,0.0002957388265997,-0.1248891536983993
3.900,0.000,0.0000627470647807,0.0002715832140428,-0.1225622327054221
3.950,0.000,0.0000727643201516,0.0002443915500546,-0.1202552872290438
4.000,0.000,0.0000786059736777,0.0002152746543065,-0.1179734479359094
4.050,0.000,0.0000795725327694,0.0001853289829802,-0.1157217666379324
4.100,0.000,0.0000752644616491,0.0001555912340111,-0.1135051897821626
4.150,0.000,0.0000656109634076,0.0001269997271611,-0.1113285319282801
4.200,0.000,0.0000508758167589,0.0001003642540183,-0.1091964492102561
4.250,0.000,0.0000316399597417,0.0000763453945317,-0.1071134128196311
4.300,0.000,0.0000087623881941,0.0000554435480203,-0.1050836826096637
4.350,0.000,-0.0000166773246993,0.0000379972004654,-0.1031112809981116
4.400,0.000,-0.0000434501535465,0.0000241893165401,-0.1011999674349506
4.450,0.000,-0.0000702566799066,0.0000140602631246,-0.0993532137915563
4.500,0.000,-0.0000958079401520,0.0000075253806776,-0.0975741811103574
4.550,0.000,-0.0001189020521391,0.0000043952356027,-0.0958656982193820
4.600,0.000,-0.0001384912798100,0.0000043967010127,-0.0942302427562014
4.650,0.000,-0.0001537353027301,0.0000071932926347,-0.0926699251542946
4.700,0.000,-0.0001640378656609,0.0000124035812587,-0.0911864761184105
4.750,0.000,-0.0001690655291567,0.0000196169541531,-0.0897812380538021
4.800,0.000,-0.0001687487608565,0.0000284064456644,-0.0884551608202475
4.850,0.000,-0.0001632669525467,0.0000383387498087,-0.0872088020613445
4.900,0.000,-0.0001530200080508,0.0000489818266758,-0.0860423322206943
4.950,0.000,-0.0001385898539148,0.0000599106988273,-0.0849555442086172
5.000,0.000,-0.0001206955573372,0.0000707121001639,-0.0839478675356478
5.050,0.000,-0.0001001457155657,0.0000809886002199,-0.0830183865914137
5.100,0.000,-0.0000777914630626,0.0000903627053557,-0.0821658626273836
5.150,0.000,-0.0000544829042333,0.0000984812652053,-0.0813887589053107
5.200,0.000,-0.0000310311065357,0.0001050203197597,-0.0806852684037671
5.250,0.000,-0.0000081770651628,0.0001096903382972,-0.0800533434343838
5.300,0.000,0.0000134316509520,0.0001122416485274,-0.0794907265068423
5.350,0.000,0.0000332564855678,0.0001124697473024,-0.0789949817949168
5.400,0.000,0.0000508761366023,0.0001102201293995,-0.0785635265914710
5.450,0.000,0.0000659882516336,0.0001053922670686,-0.0781936621938347
5.500,0.000,0.0000784056187663,0.0000979424134164,-0.0778826037277014
5.550,0.000,0.0000880480134614,0.0000878849766084,-0.0776275084928825
5.600,0.000,0.0000949308773711,0.0000752923069111,-0.0774255024935151
5.650,0.000,0.0000991519402965,0.0000602928423885,-0.0772737048948423
5.700,0.000,0.0001008767755023,0.0000430676605842,-0.0771692502252833
5.750,0.000,0.0001003241244881,0.0000238455739861,-0.0771093082137577
5.800,0.000,0.0000977516592425,0.0000028969803767,-0.0770911012164122
5.850,0.000,0.0000934426832554,-0.0000194732681250,-0.0771119192429152
5.900,0.000,0.0000876941179960,-0.0000429336824303,-0.0771691326398519
5.950,0.000,0.0000808059860934,-0.0000671343349172,-0.0772602025274050
6.000,0.000,0.0000730724895506,-0.0000917151413917,-0.0773826891157678
6.050,0.000,0.0000647746918259,-0.0001163139517401,-0.0775342580501422
6.100,0.000,0.0000561747454045,-0.0001405742083038,-0.0777126849485210
6.150,0.000,0.0000475115592858,-0.0001641519722293,-0.0779158583055261
6.200,0.000,0.0000389977706029,-0.0001867221630734,-0.0781417809393010
6.250,0.000,0.0000308178682035,-0.0002079839027342,-0.0783885701576778
6.300,0.000,0.0000231273103289,-0.0002276648987773,-0.0786544568154396
6.350,0.000,0.0000160524807753,-0.0002455248425803,-0.0789377834272003
6.400,0.000,0.0000096913356108,-0.0002613578331003,-0.0792370014910021
6.450,0.000,0.0000041146037581,-0.0002749938667141,-0.0795506681667461
6.500,0.000,-0.0000006325820026,-0.0002862994571807,-0.0798774424416076
6.550,0.000,-0.0000045287330504,-0.0002951774674158,-0.0802160809020864
6.600,0.000,-0.0000075738273414,-0.0003015662467355,-0.0805654332196855
6.650,0.000,-0.0000097869881258,-0.0003054381741354,-0.0809244374447150
6.700,0.000,-0.0000112040882847,-0.0003067977106176,-0.0812921151906183
6.750,0.000,-0.0000118753381122,-0.0003056790623200,-0.0816675667797006
6.800,0.000,-0.0000118629040378,-0.0003021435519732,-0.0820499664103546
6.850,0.000,-0.0000112385966033,-0.0002962767896836,-0.0824385573958832
6.900,0.000,-0.0000100816579772,-0.0002881857259098,-0.0828326475159116
6.950,0.000,-0.0000084766722445,-0.0002779956603112,-0.0832316045131481
7.000,0.000,-0.0000065116156528,-0.0002658472704111,-0.0836348517609080
7.050,0.000,-0.0000042760587876,-0.0002518937141596,-0.0840418641203453
7.100,0.000,-0.0000018595281828,-0.0002362978508208,-0.0844521640006869
7.150,0.000,0.0000006499688833,-0.0002192296154046,-0.0848653176308997
7.200,0.000,0.0000031672558176,-0.0002008635733280,-0.0852809315470911
7.250,0.000,0.0000056111364082,-0.0001813766742097,-0.0856986492964731
7.300,0.000,0.0000079053869792,-0.0001609462167934,-0.0861181483558595
7.350,0.000,0.0000099795969183,-0.0001397480309578,-0.0865391372603483
7.400,0.000,0.0000117698648641,-0.0001179548776311,-0.0869613529360140
7.450,0.000,0.0000132193588530,-0.0000957350631269,-0.0873845582290099
7.500,0.000,0.0000142787494992,-0.0000732512609393,-0.0878085396224538
7.550,0.000,0.0000149065257445,-0.0000506595312877,-0.0882331051317258
7.600,0.000,0.0000150692030262,-0.0000281085266348,-0.0886580823683598
7.650,0.000,0.0000147414337881,-0.0000057388699283,-0.0890833167624662
7.700,0.000,0.0000139060301911,0.0000163173086371,-0.0895086699335709
7.750,0.000,0.0000125539087172,0.0000379366910392,-0.0899340181998587
7.800,0.000,0.0000106839660147,0.0000590049618697,-0.0903592512160208
7.850,0.000,0.0000083028949831,0.0000794168844580,-0.0907842707302200
7.900,0.000,0.0000054249496188,0.0000990762769131,-0.0912089894510628
7.950,0.000,0.0000020716666379,0.0001178959017090,-0.0916333300159018
8.000,0.000,-0.0000017284486221,0.0001357972816791,-0.0920572240522479
8.050,0.000,-0.0000059402651253,0.0001527104544278,-0.0924806113245613
8.100,0.000,-0.0000105223915140,0.0001685736762452,-0.0929034389591781
8.150,0.000,-0.0000154275581678,0.0001833330856540,-0.0933256607406195
8.200,0.000,-0.0000206030107191,0.0001969423357522,-0.0937472364730118
8.250,0.000,-0.0000259909103654,0.0002093622035611,-0.0941681314008235
8.300,0.000,-0.0000315287368154,0.0002205601836594,-0.0945883156835610
8.350,0.000,-0.0000371496902353,0.0002305100725003,-0.0950077639195134
8.400,0.000,-0.0000427830890151,0.0002391915489635,-0.0954264547140297
8.450,0.000,-0.0000483547606444,0.0002465897559179,-0.0958443702882055
8.500,0.000,-0.0000537874233460,0.0002526948868361,-0.0962614961242100
8.550,0.000,-0.0000590010565748,0.0002575017808452,-0.0966778206438209
8.600,0.000,-0.0000639132587551,0.0002610095289893,-0.0970933349170449
8.650,0.000,-0.0000684395910040,0.0002632210939361,-0.0975080323979840
8.700,0.000,-0.0000724939058427,0.0002641429448767,-0.0979219086853767
8.750,0.000,-0.0000759886601745,0.0002637847089342,-0.0983349613054816
8.800,0.000,-0.0000788352120050,0.0002621588400242,-0.0987471895151882
8.850,0.000,-0.0000809441006233,0.0002592803057747,-0.0991585941234505
8.900,0.000,-0.0000822253100933,0.0002551662928389,-0.0995691773293118
8.950,0.000,-0.0000825885160922,0.0002498359306849,-0.0999789425749623
9.000,0.000,-0.0000819433162410,0.0002433100337491,-0.1003878944124201
9.050,0.000,-0.0000801994442026,0.0002356108616669,-0.1007960383825625
9.100,0.000,-0.0000772669678869,0.0002267618971574,-0.1012033809053585
9.150,0.000,-0.0000730564722225,0.0002167876410279,-0.1016099291802643
9.200,0.000,-0.0000674792269676,0.0002057134236754,-0.1020156910958455
9.250,0.000,-0.0000604473401269,0.0001935652323960,-0.1024206751477783
9.300,0.000,-0.0000518738975406,0.0001803695537676,-0.1028248903644660
9.350,0.000,-0.0000416730892696,0.0001661532303344,-0.1032283462395790
9.400,0.000,-0.0000297603234093,0.0001509433308090,-0.1036310526708911
9.450,0.000,-0.0000160523279555,0.0001347670329943,-0.1040330199048511
9.500,0.000,-0.0000004672413805,0.0001176515186356,-0.1044342584863690
9.550,0.000,0.0000170753074384,0.0000996238794176,-0.1048347792133626
9.600,0.000,0.0000366541293081,0.0000807110333437,-0.1052345930956345
9.650,0.000,0.0000583464142021,0.0000609396507519,-0.1056337113177036
9.700,0.000,0.0000822276795199,0.0000403360892489,-0.1060321452052388
9.750,0.000,0.0001083717265358,0.0000189263368751,-0.1064299061947850
9.800,0.000,0.0001368506044627,-0.0000032640371601,-0.1068270058064895
9.850,0.000,0.0001677345815753,-0.0000262099247963,-0.1072234556195681
9.900,0.000,0.0002010921228638,-0.0000498867150867,-0.1076192672502780
9.950,0.000,0.0002369898737101,-0.0000742703243679,-0.1080144523321700
10.000,0.000,0.0002754926491093,-0.0000993372211582,-0.1084090224984332
0.050,2.000,0.0003327144227736,0.0002869236863773,-0.0726441851589247
0.100,2.000,-0.0000247758203422,0.0003722305785475,-0.0766896939494793
0.150,2.000,-0.0002717152594381,0.0003835162437014,-0.0807284616244332
0.200,2.000,-0.0004139370910791,0.0003448253704719,-0.0847666831437097
0.250,2.000,-0.0004616756824447,0.0002778259181822,-0.0888087529298433
0.300,2.000,-0.0004292455088248,0.0002011212782550,-0.0928571529377435
0.350,2.000,-0.0003344531296955,0.0001295812133929,-0.0969123370090708
0.400,2.000,-0.0001977222769275,0.0000737559475705,-0.1009726106036955
0.450,2.000,-0.0000409273487317,0.0000394580132686,-0.1050340087625117
0.500,2.000,0.0001140453904191,0.0000276189942104,-0.1090901805592040
0.550,2.000,0.0002469554891780,0.0000345482159218,-0.1131322960369790
0.600,2.000,0.0003409869425579,0.0000527261386480,-0.1171490023292917
0.650,2.000,0.0003844960993750,0.0000722356881939,-0.1211264692607566
0.700,2.000,0.0003725174269616,0.0000828397611176,-0.1250485792043102
0.750,2.000,0.0003077569622924,0.0000765219788897,-0.1288973254892633
0.800,2.000,0.0002007599592342,0.0000500152256537,-0.1326534766267458
0.850,2.000,0.0000689402553942,0.0000065166494085,-0.1362975229438930
0.900,2.000,-0.0000657450289672,-0.0000443774947604,-0.1398108318867234
0.950,2.000,-0.0001804339471851,-0.0000891794576236,-0.1431768009206498
1.000,2.000,-0.0002558143714801,-0.0001151146715781,-0.1463816602475888
1.050,2.000,-0.0002803444038495,-0.0001150172850712,-0.1494145480226828
1.100,2.000,-0.0002528622127414,-0.0000898364580057,-0.1522666837286903
1.150,2.000,-0.0001825384509953,-0.0000470843037412,-0.1549299255314376
1.200,2.000,-0.0000861838703463,0.0000035985391976,-0.1573955080239930
1.250,2.000,0.0000159471931863,0.0000543109392765,-0.1596539147799277
1.300,2.000,0.0001044545880775,0.0000997388201602,-0.1616963552225280
1.350,2.000,0.0001644514122492,0.0001359777436002,-0.1635173728010224
1.400,2.000,0.0001883913036702,0.0001601011349602,-0.1651173467764819
1.450,2.000,0.0001775779307565,0.0001712905711052,-0.1665036292900064
1.500,2.000,0.0001414195479398,0.0001715958151087,-0.1676897736573742
1.550,2.000,0.0000939899213117,0.0001645010831287,-0.1686932236796250
1.600,2.000,0.0000488879936547,0.0001520127880248,-0.1695323879237512
1.650,2.000,0.0000146449080264,0.0001327955404468,-0.1702240348903315
1.700,2.000,-0.0000070227473500,0.0001032471932449,-0.1707815983339226
1.750,2.000,-0.0000192088022900,0.0000611851930701,-0.1712145659661650
1.800,2.000,-0.0000254109155035,0.0000097617733290,-0.1715288211632943
1.850,2.000,-0.0000258783512331,-0.0000413972105104,-0.1717276476973150
1.900,2.000,-0.0000176546741444,-0.0000794462709441,-0.1718130447991162
1.950,2.000,0.0000015177605233,-0.0000946035362671,-0.1717869937348366
2.000,2.000,0.0000287395712368,-0.0000854599442302,-0.1716523704619684
2.050,2.000,0.0000551058206354,-0.0000595170467943,-0.1714133319370773
2.100,2.000,0.0000695854962311,-0.0000286161128183,-0.1710751974540194
2.150,2.000,0.0000646424453213,-0.0000027087648416,-0.1706440204418883
2.200,2.000,0.0000395039593821,0.0000139219933423,-0.1701261082019213
2.250,2.000,-0.0000005064266099,0.0000225063994155,-0.1695276745633883
2.300,2.000,-0.0000470753443032,0.0000271679159460,-0.1688546734721602
2.350,2.000,-0.0000920230860466,0.0000321662196473,-0.1681127585088976
2.400,2.000,-0.0001291062486034,0.0000403148972517,-0.1673072900970432
2.450,2.000,-0.0001545234796816,0.0000526037156224,-0.1664433444305102
2.500,2.000,-0.0001667127020955,0.0000684941378739,-0.1655257164668483
2.550,2.000,-0.0001659114338626,0.0000864279073379,-0.1645589258143969
2.600,2.000,-0.0001536776822100,0.0001043302008692,-0.1635472313816028
2.650,2.000,-0.0001324201446155,0.0001200400503419,-0.1624946525439899
2.700,2.000,-0.0001049600893582,0.0001316479820931,-0.1614049906689309
2.750,2.000,-0.0000741565271052,0.0001377291941391,-0.1602818460741249
2.800,2.000,-0.0000426232543767,0.0001374690783809,-0.1591286288555806
2.850,2.000,-0.0000125488446817,0.0001306910975412,-0.1579485647948260
2.900,2.000,0.0000143884790490,0.0001178080126869,-0.1567446987573919
2.950,2.000,0.0000370312847336,0.0000997220135490,-0.1555198978848618
3.000,2.000,0.0000547026326658,0.0000776979268487,-0.1542768561200358
3.050,2.000,0.0000671368950291,0.0000532289495605,-0.1530181007356497
3.100,2.000,0.0000743987355563,0.0000279086941703,-0.1517460008526520
3.150,2.000,0.0000768019968636,0.0000033181934567,-0.1504627775178154
3.200,2.000,0.0000748356386845,-0.0000190675339268,-0.1491705147318185
3.250,2.000,0.0000691003587233,-0.0000379516635430,-0.1478711708069849
3.300,2.000,0.0000602570946834,-0.0000522667488819,-0.1465665895180122
3.350,2.000,0.0000489870647992,-0.0000612063953154,-0.1452585106351967
3.400,2.000,0.0000359621315703,-0.0000642396241526,-0.1439485795626454
3.450,2.000,0.0000218238681979,-0.0000611104840691,-0.1426383559240426
3.500,2.000,0.0000071696095348,-0.0000518255836066,-0.1413293210368348
3.550,2.000,-0.0000074561396874,-0.0000366321740696,-0.1400228842900657
3.600,2.000,-0.0000215663711494,-0.0000159892626708,-0.1387203884930649
3.650,2.000,-0.0000347335031812,0.0000094659797692,-0.1374231142950781
3.700,2.000,-0.0000465895126185,0.0000389545062180,-0.1361322837935074
3.750,2.000,-0.0000568249683840,0.0000715926380000,-0.1348490634543870
3.800,2.000,-0.0000651874569526,0.0001064288051625,-0.1335745664663441
3.850,2.000,-0.0000714797140177,0.0001424785915406,-0.1323098546412643
3.900,2.000,-0.0000755576369611,0.0001787571501182,-0.1310559399633622
3.950,2.000,-0.0000773282478411,0.0002143082923257,-0.1298137858750680
4.000,2.000,-0.0000767476035696,0.0002482297710634,-0.1285843083742302
4.050,2.000,-0.0000738186045413,0.0002796944695799,-0.1273683769835779
4.100,2.000,-0.0000685886305439,0.0003079673760198,-0.1261668156407197
4.150,2.000,-0.0000611469284804,0.0003324183664665,-0.1249804035455806
4.200,2.000,-0.0000516216857106,0.0003525309382070,-0.1238098759922924
4.250,2.000,-0.0000401767413627,0.0003679071308035,-0.1226559252042161
4.300,2.000,-0.0000270079120557,0.0003782689467667,-0.1215192011839812
4.350,2.000,-0.0000123389348348,0.0003834566378305,-0.1204003125850633
4.400,2.000,0.0000035829437562,0.0003834242588884,-0.1192998276073819
4.450,2.000,0.0000204916797741,0.0003782329114887,-0.1182182749164774
4.500,2.000,0.0000381073724670,0.0003680421044399,-0.1171561445839172
4.550,2.000,0.0000561413453481,0.0003530996525761,-0.1161138890454217
4.600,2.000,0.0000743012696518,0.0003337305180878,-0.1150919240727193
4.650,2.000,0.0000922962272114,0.0003103249739992,-0.1140906297550931
4.700,2.000,0.0001098416099355,0.0002833264382249,-0.1131103514868955
4.750,2.000,0.0001266637577870,0.0002532192909251,-0.1121514009578326
4.800,2.000,0.0001425042456893,0.0002205169491887,-0.1112140571434502
4.850,2.000,0.0001571237414826,0.0001857504328581,-0.1102985672939333
4.900,2.000,0.0001703053709524,0.0001494576148288,-0.1094051479199724
4.950,2.000,0.0001818575413439,0.0001121733094929,-0.1085339857750233
5.000,2.000,0.0001916161908737,0.0000744203150521,-0.1076852388337594
5.050,2.000,0.0001994464477258,0.0000367014899015,-0.1068590372668704
5.100,2.000,0.0002052436974563,-0.0000005070892580,-0.1060554844125891
5.150,2.000,0.0002089340719592,-0.0000367618691238,-0.1052746577454430
5.200,2.000,0.0002104743858434,-0.0000716564684832,-0.1045166098427341
5.250,2.000,0.0002098515570056,-0.0001048252630122,-0.1037813693491515
5.300,2.000,0.0002070815570572,-0.0001359459535877,-0.1030689419397683
5.350,2.000,0.0002022079441723,-0.0001647411802573,-0.1023793112814409
5.400,2.000,0.0001953000357458,-0.0001909792553685,-0.1017124399923781
5.450,2.000,0.0001864507811160,-0.0002144740975919,-0.1010682705993659
5.500,2.000,0.0001757743957013,-0.0002350844539471,-0.1004467264918498
5.550,2.000,0.0001634038173307,-0.0002527124997723,-0.0998477128718180
5.600,2.000,0.0001494880435788,-0.0002673019071744,-0.0992711176981673
5.650,2.000,0.0001341894057638,-0.0002788354711968,-0.0987168126240398
5.700,2.000,0.0001176808311657,-0.0002873323800347,-0.0981846539254328
5.750,2.000,0.0001001431401587,-0.0002928452114377,-0.0976744834192580
5.800,2.000,0.0000817624196627,-0.0002954567322332,-0.0971861293689482
5.850,2.000,0.0000627275086367,-0.0002952765719407,-0.0967194073756671
5.900,2.000,0.0000432276256007,-0.0002924378349704,-0.0962741212531797
5.950,2.000,0.0000234501624462,-0.0002870937091007,-0.0958500638844985
6.000,2.000,0.0000035786632413,-0.0002794141210052,-0.0954470180584929
6.050,2.000,-0.0000162089985326,-0.0002695824826884,-0.0950647572847662
6.100,2.000,-0.0000357422357738,-0.0002577925659375,-0.0947030465852509
6.150,2.000,-0.0000548591525257,-0.0002442455353932,-0.0943616432611229
6.200,2.000,-0.0000734077376504,-0.0002291471646854,-0.0940402976338297
6.250,2.000,-0.0000912468508656,-0.0002127052543204,-0.0937387537591941
6.300,2.000,-0.0001082470075789,-0.0001951272647033,-0.0934567501137675
6.350,2.000,-0.0001242909714798,-0.0001766181728518,-0.0931940202527859
6.400,2.000,-0.0001392741658598,-0.0001573785570319,-0.0929502934392848
6.450,2.000,-0.0001531049161872,-0.0001376029097181,-0.0927252952441061
6.500,2.000,-0.0001657045376276,-0.0001174781759564,-0.0925187481167076
6.550,2.000,-0.0001770072819324,-0.0000971825113560,-0.0923303719268579
6.600,2.000,-0.0001869601585340,-0.0000768842515618,-0.0921598844774402
6.650,2.000,-0.0001955226447969,-0.0000567410831093,-0.0920070019887377
6.700,2.000,-0.0002026663002030,-0.0000368994040284,-0.0918714395546908
6.750,2.000,-0.0002083742988756,-0.0000174938614046,-0.0917529115717255
6.800,2.000,-0.0002126408942610,0.0000013529477173,-0.0916511321408494
6.850,2.000,-0.0002154708291179,0.0000195306262066,-0.0915658154437877
6.900,2.000,-0.0002168787030911,0.0000369409918649,-0.0914966760939949
6.950,2.000,-0.0002168883092698,0.0000534979719504,-0.0914434294634351
7.000,2.000,-0.0002155319501816,0.0000691273913722,-0.0914057919860579
7.050,2.000,-0.0002128497426545,0.0000837666683428,-0.0913834814389244
7.100,2.000,-0.0002088889200166,0.0000973644307577,-0.0913762172019579
7.150,2.000,-0.0002037031391040,0.0001098800659405,-0.0913837204973022
7.200,2.000,-0.0001973517985910,0.0001212832156716,-0.0914057146092596
7.250,2.000,-0.0001898993742298,0.0001315532276308,-0.0914419250857931
7.300,2.000,-0.0001814147757253,0.0001406785735527,-0.0914920799225393
7.350,2.000,-0.0001719707291343,0.0001486562435391,-0.0915559097302782
7.400,2.000,-0.0001616431879129,0.0001554911251015,-0.0916331478867754
7.450,2.000,-0.0001505107750567,0.0001611953746469,-0.0917235306738811
7.500,2.000,-0.0001386542580977,0.0001657877882694,-0.0918267974007506
7.550,2.000,-0.0001261560582055,0.0001692931778905,-0.0919426905140076
7.600,2.000,-0.0001130997940448,0.0001717417580009,-0.0920709556956519
7.650,2.000,-0.0000995698606857,0.0001731685475059,-0.0922113419494625
7.700,2.000,-0.0000856510433820,0.0001736127904749,-0.0923636016766327
7.750,2.000,-0.0000714281657497,0.0001731173989352,-0.0925274907413156
7.800,2.000,-0.0000569857715583,0.0001717284202432,-0.0927027685267496
7.850,2.000,-0.0000424078391319,0.0001694945310092,-0.0928891979825774
7.900,2.000,-0.0000277775271397,0.0001664665590470,-0.0930865456639528
7.950,2.000,-0.0000131769504144,0.0001626970343594,-0.0932945817629943
8.000,2.000,0.0000013130156850,0.0001582397697681,-0.0935130801331101
8.050,2.000,0.0000156129039385,0.0001531494714336,-0.0937418183066926
8.100,2.000,0.0000296447985907,0.0001474813791958,-0.0939805775066542
8.150,2.000,0.0000433324549929,0.0001412909363933,-0.0942291426522417
8.200,2.000,0.0000566013972360,0.0001346334885884,-0.0944873023595495
8.250,2.000,0.0000693789954369,0.0001275640104242,-0.0947548489371194
8.300,2.000,0.0000815945243210,0.0001201368596848,-0.0950315783769979
8.350,2.000,0.0000931792046963,0.0001124055574919,-0.0953172903415941
8.400,2.000,0.0001040662293732,0.0001044225934732,-0.0956117881466662
8.450,2.000,0.0001141907750299,0.0000962392546598,-0.0959148787407399
8.500,2.000,0.0001234900014453,0.0000879054768134,-0.0962263726812465
8.550,2.000,0.0001319030394719,0.0000794697168515,-0.0965460841076510
8.600,2.000,0.0001393709690259,0.0000709788450223,-0.0968738307118209
8.650,2.000,0.0001458367883113,0.0000624780554764,-0.0972094337058777
8.700,2.000,0.0001512453754181,0.0000540107938978,-0.0975527177877495
8.750,2.000,0.0001555434433481,0.0000456187008758,-0.0979035111046386
8.800,2.000,0.0001586794894532,0.0000373415697351,-0.0982616452145965
8.850,2.000,0.0001606037401987,0.0000292173175751,-0.0986269550463972
8.900,2.000,0.0001612680920835,0.0000212819683232,-0.0989992788578756
8.950,2.000,0.0001606260494812,0.0000135696466502,-0.0993784581928972
9.000,2.000,0.0001586326601092,0.0000061125816531,-0.0997643378371131
9.050,2.000,0.0001552444487418,-0.0000010588807327,-0.1001567657726392
9.100,2.000,0.0001504193497637,-0.0000079162575701,-0.1005555931317995
9.150,2.000,0.0001441166390518,-0.0000144329019305,-0.1009606741500535
9.200,2.000,0.0001362968656596,-0.0000205839699357,-0.1013718661182300
9.250,2.000,0.0001269217837156,-0.0000263463826358,-0.1017890293341772
9.300,2.000,0.0001159542848721,-0.0000316987834691,-0.1022120270539305
9.350,2.000,0.0001033583316562,-0.0000366214919914,-0.1026407254424965
9.400,2.000,0.0000890988919572,-0.0000410964545085,-0.1030749935243424
9.450,2.000,0.0000731418749218,-0.0000451071921958,-0.1035147031336774
9.500,2.000,0.0000554540684307,-0.0000486387472319,-0.1039597288646037
9.550,2.000,0.0000360030783482,-0.0000516776274327,-0.1044099480212088
9.600,2.000,0.0000147572696621,-0.0000542117498199,-0.1048652405676707
9.650,2.000,-0.0000083142903452,-0.0000562303835194,-0.1053254890784381
9.700,2.000,-0.0000332418868354,-0.0000577240923410,-0.1057905786885453
9.750,2.000,-0.0000600552099657,-0.0000586846773563,-0.1062603970441163
9.800,2.000,-0.0000887834052263,-0.0000591051197514,-0.1067348342531079
9.850,2.000,-0.0001194551215213,-0.0000589795242016,-0.1072137828363422
9.900,2.000,-0.0001520985569769,-0.0000583030629841,-0.1076971376788688
9.950,2.000,-0.0001867415024823,-0.0000570719210135,-0.1081847959816971
10.000,2.000,-0.0002234113829602,-0.0000552832419621,-0.1086766572139356
0.050,1.000,-0.0002256472382123,-0.0006401754157093,-0.0606406678569311
0.100,1.000,0.0002726308439872,-0.0009435097126655,-0.0646282720322966
0.150,1.000,0.0005376495512212,-0.0008662802313984,-0.0684476307134951
0.200,1.000,0.0006278115185079,-0.0005188920002343,-0.0721121237483274
0.250,1.000,0.0005654071776908,-0.0000524221571018,-0.0756535401833771
0.300,1.000,0.0003501657887538,0.0003624512553971,-0.0791343230214765
0.350,1.000,-0.0000041706781960,0.0005773011943557,-0.0826660592355423
0.400,1.000,-0.0004163493563780,0.0005237510948852,-0.0864347162409931
0.450,1.000,-0.0007008909961849,0.0002620405343283,-0.0907297482603983
0.500,1.000,-0.0006156189108192,-0.0000286609206239,-0.0959671577072443
0.550,1.000,-0.0000563894673423,-0.0001626490425956,-0.1026862406822138
0.600,1.000,0.0006628673329680,-0.0001236956920709,-0.1114912606375300
0.650,1.000,0.0007858989408385,-0.0001087306142529,-0.1229135536191002
0.700,1.000,-0.0001447449133275,-0.0002201880633348,-0.1371929228302485
0.750,1.000,-0.0010624590114585,-0.0000869208532926,-0.1540020040786080
0.800,1.000,-0.0001010286721617,0.0005574331222920,-0.1721478793509913
0.850,1.000,0.0013802502368200,0.0006353036234662,-0.1894056556199340
0.900,1.000,-0.0004292137437678,-0.0006681775147520,-0.2030066363995066
0.950,1.000,-0.0026574198974254,-0.0010968651744025,-0.2110900515915225
1.000,1.000,0.0028844110755581,0.0014107966007654,-0.2138492885345070
1.000,0.050,-0.0002406207161789,0.0003116132271390,-0.1913489985832849
1.000,0.100,0.0000142524652027,0.0000917130898685,-0.1910875528520373
1.000,0.150,0.0001810392267736,-0.0000266468710228,-0.1908315683084909
1.000,0.200,0.0002332363944208,-0.0000936271502087,-0.1906100958570699
1.000,0.250,0.0001910174652075,-0.0001400796801580,-0.1904576806600838
1.000,0.300,0.0001037801925443,-0.0001800477552205,-0.1904111428788567
1.000,0.350,0.0000311425551903,-0.0002132760311327,-0.1905063231706496
1.000,0.400,0.0000227175592915,-0.0002278094421319,-0.1907748416627350
1.000,0.450,0.0000975585889066,-0.0002034636728778,-0.1912408848652976
1.000,0.500,0.0002263991369189,-0.0001179178789420,-0.1919180325334315
1.000,0.550,0.0003248643301497,0.0000418843048964,-0.1928062057809723
1.000,0.600,0.0002746021438227,0.0002608671051222,-0.1938890470020461
1.000,0.650,-0.0000018723546113,0.0004733671188899,-0.1951326086631011
1.000,0.700,-0.0003998128996147,0.0005591808147256,-0.1964874843201052
1.000,0.750,-0.0005071442302486,0.0004064538488258,-0.1978993059266966
1.000,0.800,0.0002017536908770,0.0000592240047516,-0.1993399111164016
1.000,0.850,0.0014628807995975,-0.0002576716055502,-0.2008949940717063
1.000,0.900,0.0000371243130513,-0.0007774688229834,-0.2030014754265801
1.000,0.950,-0.0006898859116708,-0.0011831040707214,-0.2070805619760178
0.000,1.000,-0.0010485293242342,0.0001084636389194,-0.0564822911710819
0.000,1.050,0.1897994928679759,-0.0002229855797367,-0.0567339430441343
0.000,1.100,0.3602720119354056,0.0000375786230629,-0.0571542583186556
0.000,1.150,0.5101726594606322,0.0003366108495615,-0.0576534683914763
0.000,1.200,0.6399582912534206,0.0005104994759966,-0.0582464115443337
0.000,1.250,0.7497577732029270,0.0005526216605484,-0.0589752049889849
0.000,1.300,0.8396389564043356,0.0005024328298055,-0.0598614492667146
0.000,1.350,0.9096694209878595,0.0003992049120132,-0.0608907206445136
0.000,1.400,0.9598511260117217,0.0002735026769596,-0.0620183715491663
0.000,1.450,0.9901008566392084,0.0001488167028375,-0.0631839685080749
0.000,1.500,1.0002991806421506,0.0000410364208656,-0.0643255402542478
0.000,1.550,0.9903589334367933,-0.0000439167033979,-0.0653894491713321
0.000,1.600,0.9602670871440927,-0.0001104952829784,-0.0663351540359249
0.000,1.650,0.9100825311247821,-0.0001700971975729,-0.0671360057795214
0.000,1.700,0.8398981116946166,-0.0002346403853140,-0.0677778011846544
0.000,1.750,0.7497894820881941,-0.0003092763730405,-0.0682566049318223
0.000,1.800,0.6397770942037615,-0.0003861243832013,-0.0685767906338950
0.000,1.850,0.5098252598622309,-0.0004398676564344,-0.0687496627615404
0.000,1.900,0.3598975241466444,-0.0004250462945186,-0.0687925795517636
0.000,1.950,0.1900828290859445,-0.0002744328190974,-0.0687282724714654
0.000,2.000,0.0008021050686739,0.0001018332127776,-0.0685840515100518
