0.050,0.000,0.0006044033864672,-0.0000879465980826,0.9270653582033512
0.050,2.000,0.0001519284998470,-0.0000350362634214,0.9267304835431034
0.100,0.000,0.0004587704186216,-0.0000976396912910,0.9234069823638656
0.100,2.000,0.0000763141499748,-0.0001515752362228,0.9226781423691438
0.150,0.000,0.0002793979615832,-0.0002120441292292,0.9196757569807398
0.150,2.000,0.0000542423932045,-0.0001759256876675,0.9186643703331889
0.200,0.000,0.0001034561644973,-0.0003292188754293,0.9158679209467472
0.200,2.000,0.0000669935386707,-0.0001518588884683,0.9146829194259928
0.250,0.000,-0.0000512506917047,-0.0004015258668436,0.9119934082295897
0.250,2.000,0.0000995723350708,-0.0001003487548230,0.9107276869404244
0.300,0.000,-0.0001760837067838,-0.0004157397310206,0.9080659018921783
0.300,2.000,0.0001401252681904,-0.0000302739377536,0.9067931610266240
0.350,0.000,-0.0002672556452303,-0.0003772959877333,0.9040982350864697
0.350,2.000,0.0001795489246488,0.0000544868301683,0.9028746155296732
0.400,0.000,-0.0003239701638730,-0.0002996501296173,0.9001006890561802
0.400,2.000,0.0002112101789113,0.0001509807357510,0.8989681355510164
0.450,0.000,-0.0003475453763020,-0.0001979361558581,0.8960807363816308
0.450,2.000,0.0002307131639528,0.0002553639874294,0.8950705454815731
0.500,0.000,-0.0003409517209122,-0.0000856952961855,0.8920434166278276
0.500,2.000,0.0002356678857319,0.0003625667669098,0.8911792944284076
0.550,0.000,-0.0003085575679306,0.0000264293340014,0.8879919171648147
0.550,2.000,0.0002254356336364,0.0004667683283890,0.8872923354502146
0.600,0.000,-0.0002559915231501,0.0001308617831774,0.8839281532926133
0.600,2.000,0.0002008437401697,0.0005621734670002,0.8834080186134747
0.650,0.000,-0.0001900444613536,0.0002226922353469,0.8798532625727282
0.650,2.000,0.0001638751058088,0.0006437573066952,0.8795250055533563
0.700,0.000,-0.0001185198290631,0.0002990682961446,0.8757679900586922
0.700,2.000,0.0001173457931764,0.0007078014324971,0.8756422054140366
0.750,0.000,-0.0000499337597481,0.0003585974370988,0.8716729696426767
0.750,2.000,0.0000645873068009,0.0007521634301841,0.8717587281631439
0.800,0.000,0.0000070160661726,0.0004008811054992,0.8675689172951412
0.800,2.000,0.0000091498284394,0.0007762993396016,0.8678738502313326
0.850,0.000,0.0000442470772809,0.0004262314960750,0.8634567534474914
0.850,2.000,-0.0000454601648301,0.0007810987173983,0.8639869880546386
0.900,0.000,0.0000553161766602,0.0004355692676111,0.8593376692245186
0.900,2.000,-0.0000959986391457,0.0007686039710039,0.8600976764241502
0.950,0.000,0.0000365488131632,0.0004304584342187,0.8552131475187620
0.950,2.000,-0.0001396543225776,0.0007416795635757,0.8562055499156709
1.000,0.000,-0.0000119299459657,0.0004132025745875,0.8510849465417489
1.000,2.000,-0.0001741698945396,0.0007036816035090,0.8523103267300380
1.050,0.000,-0.0000855167934662,0.0003869076474200,0.8469550511937073
1.050,2.000,-0.0001979165526928,0.0006581608800061,0.8484117949103458
1.100,0.000,-0.0001750603238282,0.0003554161093193,0.8428255965286561
1.100,2.000,-0.0002099266675201,0.0006086166972455,0.8445098011530092
1.150,0.000,-0.0002675927589681,0.0003230388357587,0.8386987675637173
1.150,2.000,-0.0002098904664085,0.0005583068380159,0.8406042424041383
1.200,0.000,-0.0003479248486364,0.0002940560282178,0.8345766803108720
1.200,2.000,-0.0001981231147352,0.0005101110631004,0.8366950602514378
1.250,0.000,-0.0004009825072753,0.0002720205423259,0.8304612498093221
1.250,2.000,-0.0001755084010240,0.0004664412354069,0.8327822378878998
1.300,0.000,-0.0004145642999401,0.0002589651832553,0.8263540518982728
1.300,2.000,-0.0001434247068413,0.0004291895655113,0.8288657992064685
1.350,0.000,-0.0003820323170080,0.0002546730959294,0.8222561866172630
1.350,2.000,-0.0001036582383725,0.0003997066718019,0.8249458094234390
1.400,0.000,-0.0003043656939682,0.0002562005700209,0.8181681529798785
1.400,2.000,-0.0000583077583129,0.0003788023295936,0.8210223765354142
1.450,0.000,-0.0001910403880362,0.0002578327330546,0.8140897482652583
1.450,2.000,-0.0000096843783302,0.0003667633491350,0.8170956528866364
1.500,0.000,-0.0000593544993009,0.0002516029970990,0.8100200106899439
1.500,2.000,0.0000397905928698,0.0003633845774834,0.8131658361472172
1.550,0.000,0.0000679343943843,0.0002284254376875,0.8059572323703023
1.550,2.000,0.0000876871827793,0.0003680103402885,0.8092331690620146
1.600,0.000,0.0001665025195932,0.0001797883101071,0.8018990779455814
1.600,2.000,0.0001316654078525,0.0003795846290883,0.8052979374085643
1.650,0.000,0.0002154265765020,0.0000998413944212,0.7978428478042981
1.650,2.000,0.0001695689720231,0.0003967089828460,0.8013604656871698
1.700,0.000,0.0002024515595515,-0.0000124339335687,0.7937859138557066
1.700,2.000,0.0001995120375778,0.0004177073419699,0.7974211101464808
1.750,0.000,0.0001284208786507,-0.0001514795653908,0.7897263174886945
1.750,2.000,0.0002199571363317,0.0004406972244375,0.7934802488168208
1.800,0.000,0.0000093336043208,-0.0003045855275621,0.7856634447438463
1.800,2.000,0.0002297823009120,0.0004636664489209,0.7895382682768700
1.850,0.000,-0.0001256881831954,-0.0004533705981790,0.7815985915626606
1.850,2.000,0.0002283355058846,0.0004845543681548,0.7855955469149503
1.900,0.000,-0.0002416350279475,-0.0005779217439868,0.7775351451688237
1.900,2.000,0.0002154745420848,0.0005013362293339,0.7816524344645845
1.950,0.000,-0.0003091453929686,-0.0006631150277305,0.7734781134402272
1.950,2.000,0.0001915905270288,0.0005121088905870,0.7777092275958546
2.000,0.000,-0.0003162229708678,-0.0007048460846512,0.7694329038331837
2.000,2.000,0.0001576133994932,0.0005151757292996,0.7737661413322948
2.050,0.000,-0.0002736335644235,-0.0007125185227476,0.7654035742922718
2.050,2.000,0.0001149979732628,0.0005091282083849,0.7698232760407099
2.100,0.000,-0.0002090898190926,-0.0007050221797643,0.7613911031522507
2.100,2.000,0.0000656894470420,0.0004929212450128,0.7658805797125152
2.150,0.000,-0.0001518922210834,-0.0007012259550071,0.7573923366059686
2.150,2.000,0.0000120676940705,0.0004659392742434,0.7619378052251993
2.200,0.000,-0.0001169170705461,-0.0007102860470301,0.7534000548073008
2.200,2.000,-0.0000431298078098,0.0004280497374204,0.7579944622470838
2.250,0.000,-0.0000979265453718,-0.0007277791283456,0.7494041514248915
2.250,2.000,-0.0000969058954202,0.0003796406717210,0.7540497634347557
2.300,0.000,-0.0000733826281800,-0.0007396144551143,0.7453934924868060
2.300,2.000,-0.0001461212200105,0.0003216391530965,0.7501025645784591
2.350,0.000,-0.0000194139037547,-0.0007304181235928,0.7413578165566131
2.350,2.000,-0.0001876291993843,0.0002555075711137,0.7461512983850909
2.400,0.000,0.0000784235165389,-0.0006910822791869,0.7372891106719355
2.400,2.000,-0.0002184253492949,0.0001832151132144,0.7421939016612089
2.450,0.000,0.0002195950327095,-0.0006221567236139,0.7331821537768338
2.450,2.000,-0.0002358069117739,0.0001071824308693,0.7382277357786550
2.500,0.000,0.0003892288644032,-0.0005329842760438,0.7290342166306424
2.500,2.000,-0.0002375376540584,0.0000301982749889,0.7342495004808821
2.550,0.000,0.0005623491670481,-0.0004383363542655,0.7248441306701712
2.550,2.000,-0.0002220116702089,-0.0000446920530040,0.7302551413229551
2.600,0.000,0.0007093384840753,-0.0003543618646702,0.7206110430986890
2.600,2.000,-0.0001884090245856,-0.0001143252603730,0.7262397513269154
2.650,0.000,0.0008015070170028,-0.0002949131349058,0.7163331723829801
2.650,2.000,-0.0001368351875326,-0.0001755828374707,0.7221974677583441
2.700,0.000,0.0008163764017083,-0.0002686970592900,0.7120068009756253
2.700,2.000,-0.0000684354942565,-0.0002255733126319,0.7181213652441378
2.750,0.000,0.0007422268556506,-0.0002774916185829,0.7076256259311993
2.750,2.000,0.0000145246165771,-0.0002618269683424,0.7140033466723359
2.800,0.000,0.0005811166743536,-0.0003156717762872,0.7031804669455458
2.800,2.000,0.0001086229729643,-0.0002824933446077,0.7098340332972033
2.850,0.000,0.0003495257946988,-0.0003712305140298,0.6986592371943869
2.850,2.000,0.0002092967628816,-0.0002865288117881,0.7056026549822352
2.900,0.000,0.0000762061013624,-0.0004282401453395,0.6940470387275511
2.900,2.000,0.0003109196891590,-0.0002738580691904,0.7012969401887614
2.950,0.000,-0.0002024389203829,-0.0004703394780805,0.6893262567578256
2.950,2.000,0.0004069471942385,-0.0002454896900940,0.6969030026247683
3.000,0.000,-0.0004484343556683,-0.0004845127498864,0.6844765808501939
3.000,2.000,0.0004901349039728,-0.0002035620097252,0.6924052166548724
3.050,0.000,-0.0006284277737707,-0.0004642897879741,0.6794749473104166
3.050,2.000,0.0005528332297692,-0.0001512922589280,0.6877860656353966
3.100,0.000,-0.0007187701075206,-0.0004116028481041,0.6742954472006036
3.100,2.000,0.0005873589413675,-0.0000927999406241,0.6830259350366047
3.150,0.000,-0.0007087309775787,-0.0003368529753301,0.6689092596490365
3.150,2.000,0.0005864432648384,-0.0000327769657393,0.6781028041927532
3.200,0.000,-0.0006017122855079,-0.0002571801093938,0.6632846446496830
3.200,2.000,0.0005437568053907,0.0000240147933614,0.6729917656458739
3.250,0.000,-0.0004148551119424,-0.0001933912169146,0.6573869657739586
3.250,2.000,0.0004545154935455,0.0000734184483298,0.6676642691316219
3.300,0.000,-0.0001776999527246,-0.0001663747976189,0.6511786121392216
3.300,2.000,0.0003161789517183,0.0001126930878687,0.6620869503692681
3.350,0.000,0.0000695561579068,-0.0001940091539745,0.6446185393251187
3.350,2.000,0.0001292601078150,0.0001413664661398,0.6562198694426964
3.400,0.000,0.0002782104477784,-0.0002894123786313,0.6376609277014218
3.400,2.000,-0.0001017373643388,0.0001619569676864,0.6500139635413348
3.450,0.000,0.0003945875916626,-0.0004606413188405,0.6302521773648052
3.450,2.000,-0.0003672699856298,0.0001803100184413,0.6434075384749512
3.500,0.000,0.0003671759051117,-0.0007102921355689,0.6223253118907756
3.500,2.000,-0.0006517058860362,0.0002052477945445,0.6363217183985272
3.550,0.000,0.0001603961882677,-0.0010310997420197,0.6137913659913616
3.550,2.000,-0.0009325806263956,0.0002472889651854,0.6286549842971375
3.600,0.000,-0.0002237512141048,-0.0013932055622189,0.6045290705626348
3.600,2.000,-0.0011807460228439,0.0003164293912313,0.6202772817674507
3.650,0.000,-0.0007223037791393,-0.0017260445540865,0.5943766379533320
3.650,2.000,-0.0013622714823348,0.0004193853744414,0.6110246211766933
3.700,0.000,-0.0012035533282443,-0.0019141186404526,0.5831300424966939
3.700,2.000,-0.0014429347152485,0.0005570895894637,0.6006954281220819
3.750,0.000,-0.0014943274997925,-0.0018341274132887,0.5705479342838495
3.750,2.000,-0.0013954013688475,0.0007231255242014,0.5890496803328561
3.800,0.000,-0.0014422196121811,-0.0014345678235306,0.5563560539938139
3.800,2.000,-0.0012074907528978,0.0009027159938968,0.5758103806740481
3.850,0.000,-0.0009843893593318,-0.0008075105207183,0.5402412132122713
3.850,2.000,-0.0008878607542160,0.0010703421641035,0.5606634802542753
3.900,0.000,-0.0001876863179944,-0.0001820317918600,0.5218306506677228
3.900,2.000,-0.0004651158181415,0.0011849182451562,0.5432472028321739
3.950,0.000,0.0007583071180050,0.0001865404006553,0.5006603186376635
3.950,2.000,0.0000194069500103,0.0011892714890434,0.5231175938613135
4.000,0.000,0.0015961684954620,0.0001785696968716,0.4761375791608997
4.000,2.000,0.0005162799151360,0.0010340839340827,0.4996809003807769
4.050,0.000,0.0020880103632768,-0.0000900782005591,0.4475041174541490
4.050,2.000,0.0009569635141850,0.0007431037319480,0.4721044295507293
4.100,0.000,0.0020972045468964,-0.0003351758463071,0.4138124915318668
4.100,2.000,0.0012299818884372,0.0004785978050636,0.4392574658729730
4.150,0.000,0.0016230402757471,-0.0003272776773323,0.3739388673157280
4.150,2.000,0.0011839511937443,0.0004815165886132,0.3997678374459622
4.200,0.000,0.0007870702934199,-0.0000930774475613,0.3266463293521932
4.200,2.000,0.0007135703720854,0.0008241674663773,0.3522480908024565
4.250,0.000,-0.0001909531866053,0.0001157358871801,0.2706825413762629
4.250,2.000,-0.0000768747314056,0.0012031456045623,0.2955893777645013
4.300,0.000,-0.0010176969428785,0.0000807028864960,0.2048675260230504
4.300,2.000,-0.0007736680538949,0.0011565807511260,0.2290029240731590
4.350,0.000,-0.0014002199856793,-0.0001706614071974,0.1281341920179923
4.350,2.000,-0.0008344612877788,0.0006719594175829,0.1515607239510786
4.400,0.000,-0.0011930192289952,-0.0004379692793325,0.0395244746586452
4.400,2.000,-0.0000693497114039,0.0001094761047665,0.0617072025907008
4.450,0.000,-0.0005282317060210,-0.0006008114102341,-0.0618203173877043
4.450,2.000,0.0009168128912336,-0.0009670748044947,-0.0421093533575371
4.500,0.000,0.0002168887450599,-0.0007011922546629,-0.1766337233019509
4.500,2.000,0.0010219803391202,-0.0016343593496531,-0.1596625905221143
4.550,0.000,0.0006567790379477,-0.0007056789555816,-0.3054364219503116
4.550,2.000,0.0006313572326863,0.0009386166870795,-0.2904030614347786
4.600,0.000,0.0006853306628818,-0.0002934565630315,-0.4483503481774256
4.600,2.000,0.0004804337018226,-0.0006319373023321,-0.4406461341951113
4.650,0.000,0.0005381576429028,0.0007432366158231,-0.6047330018552943
4.650,2.000,-0.0009360251838317,0.0015773687001757,-0.6157807880242824
4.700,0.000,0.0004751714702675,0.0016274239594138,-0.7725845385529003
4.700,2.000,0.0018262883588255,-0.0001782888138930,-0.8081989797096016
4.750,0.000,0.0003837804589621,0.0010176612423185,-0.9480779601647988
4.750,2.000,0.0015821495205820,-0.0007108080232464,-1.0053206179215812
4.800,0.000,-0.0000830182868664,-0.0006197119911455,-1.1260942439312371
4.800,2.000,-0.0015636903236142,-0.0012699303804575,-1.1993271402835848
4.850,0.000,-0.0008668519766355,-0.0013515267623645,-1.3016416529963897
4.850,2.000,-0.0018651280980276,-0.0017808502090494,-1.3841924946443616
4.900,0.000,-0.0013375104880783,-0.0011175027212876,-1.4704401984954836
4.900,2.000,-0.0008908191613256,0.0012220749667341,-1.5534429104182166
4.950,0.000,-0.0010929413531153,-0.0009447813026114,-1.6290579427016996
4.950,2.000,-0.0005669735252853,0.0035487071470146,-1.7040601779668216
5.000,0.000,-0.0004598152592274,-0.0010778600656212,-1.7752779486559582
5.000,2.000,-0.0004482245278464,0.0033691766428620,-1.8372496947614962
5.050,0.000,0.0000604301442905,-0.0013262191943840,-1.9074581916866735
5.050,2.000,0.0001268703333749,0.0020632528789032,-1.9556651511198901
5.100,0.000,0.0002808324221676,-0.0015290231842525,-2.0240926713582064
5.100,2.000,0.0008677548710322,0.0008878519968385,-2.0611392971962061
5.150,0.000,0.0002822594610739,-0.0016317047804110,-2.1243846435052700
5.150,2.000,0.0011604362421393,0.0000737203324673,-2.1542946108988357
5.200,0.000,0.0002207076598810,-0.0016276127911595,-2.2086274676749840
5.200,2.000,0.0008112734573134,-0.0005143421231399,-2.2351662560971999
5.250,0.000,0.0002146824096860,-0.0015454076533771,-2.2779310137690629
5.250,2.000,0.0000801461067844,-0.0009563043148209,-2.3038141745644829
5.300,0.000,0.0003120228062109,-0.0014545191451052,-2.3337572402698741
5.300,2.000,-0.0006475542050775,-0.0012545845821212,-2.3605725693653277
5.350,0.000,0.0004939834255231,-0.0014268534596699,-2.3776179197735900
5.350,2.000,-0.0011010304858467,-0.0013675955270012,-2.4060500590083822
5.400,0.000,0.0006955317363573,-0.0014835330529180,-2.4109649732304770
5.400,2.000,-0.0011881227063974,-0.0012453387463578,-2.4410578301435555
5.450,0.000,0.0008359668602429,-0.0015774393463128,-2.4351795738596009
5.450,2.000,-0.0009620564064541,-0.0008878041024923,-2.4665441844786709
5.500,0.000,0.0008527849963745,-0.0016223582258675,-2.4515782833633102
5.500,2.000,-0.0005548286674413,-0.0003738626053904,-2.4835441050978724
5.550,0.000,0.0007262346847248,-0.0015411998853110,-2.4614005804337373
5.550,2.000,-0.0001105232550429,0.0001688365582721,-2.4931370605282637
5.600,0.000,0.0004840880923101,-0.0012993670534976,-2.4657781386622060
5.600,2.000,0.0002611311244343,0.0006206472910815,-2.4964093917077297
5.650,0.000,0.0001865179212630,-0.0009089692316495,-2.4657020898874222
5.650,2.000,0.0005031641681673,0.0009092638684687,-2.4944197604528684
5.700,0.000,-0.0000987685376380,-0.0004122349134037,-2.4620037918891629
5.700,2.000,0.0006065378490202,0.0010150008592075,-2.4881665399790909
5.750,0.000,-0.0003183281492903,0.0001388746760902,-2.4553556603380295
5.750,2.000,0.0005930418427132,0.0009523064774537,-2.4785573203481843
5.800,0.000,-0.0004439375551644,0.0006954959916182,-2.4462893932656242
5.800,2.000,0.0004962431403588,0.0007472786776777,-2.4663830222505156
5.850,0.000,-0.0004723270185969,0.0012157536496259,-2.4352238243475042
5.850,2.000,0.0003474113574621,0.0004260987247778,-2.4523009132287381
5.900,0.000,-0.0004180909225432,0.0016641750508414,-2.4224941934518047
5.900,2.000,0.0001699584100792,0.0000182059637957,-2.4368305585265300
5.950,0.000,-0.0003049217138545,0.0020111653513371,-2.4083770732738015
5.950,2.000,-0.0000173747741444,-0.0004325267867760,-2.4203639248359230
6.000,0.000,-0.0001585069199563,0.0022342674114072,-2.3931084427152536
6.000,2.000,-0.0001923100152944,-0.0008605467755082,-2.4031864996100394
6.050,0.000,-0.0000021704986973,0.0023204394049562,-2.3768950512777320
6.050,2.000,-0.0003230276496712,-0.0011846716743674,-2.3855025936997403
6.100,0.000,0.0001451333543971,0.0022677523828310,-2.3599207341874315
6.100,2.000,-0.0003715290206686,-0.0013280191110921,-2.3674571787506626
6.150,0.000,0.0002693683246859,0.0020854227454055,-2.3423497685703856
6.150,2.000,-0.0003078117450149,-0.0012426904439347,-2.3491494441550351
6.200,0.000,0.0003612852890469,0.0017920563709875,-2.3243290399162557
6.200,2.000,-0.0001272252895084,-0.0009255606726833,-2.3306384222778465
6.250,0.000,0.0004160591552596,0.0014127108294616,-2.3059901114702566
6.250,2.000,0.0001424286589826,-0.0004153286331765,-2.3119458663114165
6.300,0.000,0.0004328371846227,0.0009756324717683,-2.2874515923745102
6.300,2.000,0.0004532757404099,0.0002283042342414,-2.2930635822674139
6.350,0.000,0.0004141726280582,0.0005093726097475,-2.2688216956245633
6.350,2.000,0.0007632950535522,0.0009499912394100,-2.2739704136703840
6.400,0.000,0.0003652870422429,0.0000406450311371,-2.2502006394929048
6.400,2.000,0.0010529896606426,0.0017088421387899,-2.2546585259771184
6.450,0.000,0.0002931659922019,-0.0004070399436032,-2.2316825415979706
6.450,2.000,0.0013095660009418,0.0024615070848098,-2.2351618701994322
6.500,0.000,0.0002055765679321,-0.0008141253267022,-2.2133565909854487
6.500,2.000,0.0014845563565241,0.0031308207814323,-2.2155757492707475
6.550,0.000,0.0001101445503368,-0.0011653501310825,-2.1953074621933424
6.550,2.000,0.0014723193586909,0.0035965099083093,-2.1960588517304980
6.600,0.000,0.0000136220555931,-0.0014498451764435,-2.1776150855090601
6.600,2.000,0.0011585517339626,0.0037364511638658,-2.1768170705156331
6.650,0.000,-0.0000785750907962,-0.0016610639803051,-2.1603539763329782
6.650,2.000,0.0005204741579010,0.0034986103908139,-2.1580758096897181
6.700,0.000,-0.0001625484195344,-0.0017965705429457,-2.1435923515877797
6.700,2.000,-0.0003133516893767,0.0029421263608603,-2.1400493726613128
6.750,0.000,-0.0002358610503343,-0.0018576815495614,-2.1273912380250488
6.750,2.000,-0.0011135097001057,0.0022077494570794,-2.1229141480143894
6.800,0.000,-0.0002973213514454,-0.0018489662508615,-2.1118037271004870
6.800,2.000,-0.0016723202647506,0.0014445438679343,-2.1067905893267058
6.850,0.000,-0.0003466878618922,-0.0017776273259448,-2.0968744724331603
6.850,2.000,-0.0018955187123175,0.0007530420328949,-2.0917372283089710
6.900,0.000,-0.0003843642682386,-0.0016528057034537,-2.0826394716004590
6.900,2.000,-0.0018071885748672,0.0001746676676983,-2.0777564970304305
6.950,0.000,-0.0004111313016732,-0.0014848630905223,-2.0691261310276503
6.950,2.000,-0.0014962338020258,-0.0002881565968642,-2.0648084273436602
7.000,0.000,-0.0004279397581849,-0.0012846957199141,-2.0563535831848765
7.000,2.000,-0.0010614273263013,-0.0006495463750548,-2.0528269273355209
7.050,0.000,-0.0004357703957294,-0.0010631237305310,-2.0443332083687924
7.050,2.000,-0.0005843910502204,-0.0009284748343995,-2.0417345115853500
7.100,0.000,-0.0004355541270811,-0.0008303865514749,-2.0330693066500789
7.100,2.000,-0.0001260764588152,-0.0011452545881885,-2.0314534468014909
7.150,0.000,-0.0004281394833597,-0.0005957594729568,-2.0225598662682893
7.150,2.000,0.0002691918409929,-0.0013195864110945,-2.0219129318463236
7.200,0.000,-0.0004142924648648,-0.0003672930300293,-2.0127973801715608
7.200,2.000,0.0005722261829253,-0.0014671072816786,-2.0130528247209782
7.250,0.000,-0.0003947150243185,-0.0001516664118606,-2.0037696703255223
7.250,2.000,0.0007710322939075,-0.0015953453672599,-2.0048247546709259
7.300,0.000,-0.0003700711151756,0.0000458607086823,-1.9954606882152801
7.300,2.000,0.0008725600347661,-0.0017014356338671,-1.9971914732082758
7.350,0.000,-0.0003410124249466,0.0002214170208819,-1.9878512685339318
7.350,2.000,0.0009003719894668,-0.0017731887216251,-1.9901251750640860
7.400,0.000,-0.0003081989290526,0.0003724290043898,-1.9809198207309882
7.400,2.000,0.0008872267222297,-0.0017934426715607,-1.9836053539860139
7.450,0.000,-0.0002723118948004,0.0004974897476805,-1.9746429495595521
7.450,2.000,0.0008646310361977,-0.0017461633525097,-1.9776165968960187
7.500,0.000,-0.0002340588183151,0.0005962036815522,-1.9689960009205987
7.500,2.000,0.0008531167296564,-0.0016221148090898,-1.9721465818372705
7.550,0.000,-0.0001941710097958,0.0006690208840274,-1.9639535332121638
7.550,2.000,0.0008567327479917,-0.0014222364318008,-1.9671844325175269
7.600,0.000,-0.0001533952503148,0.0007170716040525,-1.9594897171906502
7.600,2.000,0.0008634050796834,-0.0011578726489395,-1.9627194922031144
7.650,0.000,-0.0001124812451939,0.0007420087993128,-1.9555786692172201
7.650,2.000,0.0008504573815809,-0.0008481909546295,-1.9587405111431000
7.700,0.000,-0.0000721666167794,0.0007458639635277,-1.9521947238784376
7.700,2.000,0.0007928292596707,-0.0005159893930962,-1.9552351957392076
7.750,0.000,-0.0000331610133331,0.0007309194122845,-1.9493126525091136
7.750,2.000,0.0006710180589759,-0.0001833606475977,-1.9521900443241467
7.800,0.000,0.0000038693547419,0.0006995985210300,-1.9469078342581116
7.800,2.000,0.0004764496528328,0.0001316163609527,-1.9495903899680487
7.850,0.000,0.0000383157472988,0.0006543741393611,-1.9449563861510368
7.850,2.000,0.0002132960002392,0.0004165872438155,-1.9474205784334990
7.900,0.000,0.0000696387972043,0.0005976944952742,-1.9434352582192953
7.900,2.000,-0.0001029616035590,0.0006650676155959,-1.9456642222376022
7.950,0.000,0.0000973778659646,0.0005319252934877,-1.9423222992613665
7.950,2.000,-0.0004491157529660,0.0008754554274104,-1.9443044849918909
8.000,0.000,0.0001211576738162,0.0004593063449074,-1.9415962982385913
8.000,2.000,-0.0007986277838262,0.0010494823156374,-1.9433243618654494
8.050,0.000,0.0001406922205706,0.0003819208841640,-1.9412370057268387
8.050,2.000,-0.0011257152902008,0.0011906112770140,-1.9427069321119590
8.100,0.000,0.0001557861602285,0.0003016756908707,-1.9412251392764766
8.100,2.000,-0.0014084398024685,0.0013027182009545,-1.9424355685832484
8.150,0.000,0.0001663338976147,0.0002202901867987,-1.9415423759954655
8.150,2.000,-0.0016305376802464,0.0013892098105654,-1.9424940971680846
8.200,0.000,0.0001723167413255,0.0001392928027077,-1.9421713351752545
8.200,2.000,-0.0017820655642964,0.0014525846927078,-1.9428669058684991
8.250,0.000,0.0001737984827551,0.0000600230692939,-1.9430955533330496
8.250,2.000,-0.0018591184680801,0.0014943559821078,-1.9435390083429169
8.300,0.000,0.0001709197795879,-0.0000163619328020,-1.9442994536477163
8.300,2.000,-0.0018629421226215,0.0015152187736009,-1.9444960699641325
8.350,0.000,0.0001638917118956,-0.0000888779430529,-1.9457683114203090
8.350,2.000,-0.0017987414133288,0.0015153468207718,-1.9457244058271352
8.400,0.000,0.0001529888535552,-0.0001567017086532,-1.9474882168905105
8.400,2.000,-0.0016744238565592,0.0014947247827671,-1.9472109600303737
8.450,0.000,0.0001385421661922,-0.0002191578165639,-1.9494460364839485
8.450,2.000,-0.0014994414868221,0.0014534510523265,-1.9489432744174364
8.500,0.000,0.0001209319815909,-0.0002757048409960,-1.9516293733479193
8.500,2.000,-0.0012838248349924,0.0013919737221010,-1.9509094532826383
8.550,0.000,0.0001005812932933,-0.0003259213384730,-1.9540265278504312
8.550,2.000,-0.0010374475540380,0.0013112444122829,-1.9530981287093536
8.600,0.000,0.0000779495327829,-0.0003694921011754,-1.9566264585652204
8.600,2.000,-0.0007695217075354,0.0012127903033402,-1.9554984294981745
8.650,0.000,0.0000535269612521,-0.0004061949751072,-1.9594187441394157
8.650,2.000,-0.0004883000938645,0.0010987142876494,-1.9580999552090574
8.700,0.000,0.0000278297658711,-0.0004358884616964,-1.9623935463372866
8.700,2.000,-0.0002009500079803,0.0009716379147937,-1.9608927557471401
8.750,0.000,0.0000013959112266,-0.0004585002484363,-1.9655415744695195
8.750,2.000,0.0000864409092847,0.0008346031583971,-1.9638673161608298
8.800,0.000,-0.0000252182376683,-0.0004740167546710,-1.9688540513496784
8.800,2.000,0.0003687646251778,0.0006909482274315,-1.9670145458506652
8.850,0.000,-0.0000514405343573,-0.0004824737308703,-1.9723226808654961
8.850,2.000,0.0006417320137746,0.0005441706589622,-1.9703257711492206
8.900,0.000,-0.0000766849504670,-0.0004839479123185,-1.9759396172098589
8.900,2.000,0.0009016794311663,0.0003977884524718,-1.9737927301656955
8.950,0.000,-0.0001003528149063,-0.0004785496995030,-1.9796974357830961
8.950,2.000,0.0011453646759837,0.0002552074818290,-1.9774075688387533
9.000,0.000,-0.0001218334680224,-0.0004664168162605,-1.9835891057526800
9.000,2.000,0.0013697690127461,0.0001196011036392,-1.9811628372632701
9.050,0.000,-0.0001405044178739,-0.0004477088817089,-1.9876079642370721
9.050,2.000,0.0015719171917180,-0.0000061941090103,-1.9850514855162076
9.100,0.000,-0.0001557310935504,-0.0004226028220471,-1.9917476920665096
9.100,2.000,0.0017487234411198,-0.0001197642053528,-1.9890668583795996
9.150,0.000,-0.0001668662950891,-0.0003912890425334,-1.9960022910634143
9.150,2.000,0.0018968682157091,-0.0002191842459035,-1.9932026885280001
9.200,0.000,-0.0001732494403894,-0.0003539682774146,-2.0003660627784647
9.200,2.000,0.0020127079813766,-0.0003030651923801,-1.9974530879035377
9.250,0.000,-0.0001742057083354,-0.0003108490357116,-2.0048335886143023
9.250,2.000,0.0020922183945735,-0.0003705819664694,-2.0018125371386293
9.300,0.000,-0.0001690451726796,-0.0002621455628814,-2.0093997112667226
9.300,2.000,0.0021309697939013,-0.0004214838565820,-2.0062758730021466
9.350,0.000,-0.0001570620156385,-0.0002080762419781,-2.0140595174127585
9.350,2.000,0.0021241328632610,-0.0004560888021066,-2.0108382739393305
9.400,0.000,-0.0001375339021001,-0.0001488623626345,-2.0188083215756869
9.400,2.000,0.0020665115711025,-0.0004752633119190,-2.0154952438501543
9.450,0.000,-0.0001097215862390,-0.0000847271916662,-2.0236416510986643
9.450,2.000,0.0019525999737523,-0.0004803899079434,-2.0202425943071978
9.500,0.000,-0.0000728688123354,-0.0000158952849817,-2.0285552321607185
9.500,2.000,0.0017766591423258,-0.0004733240482626,-2.0250764254544662
9.550,0.000,-0.0000262025606520,0.0000574080133104,-2.0335449767716152
9.550,2.000,0.0015328102935473,-0.0004563424946960,-2.0299931058550449
9.600,0.000,0.0000310663216695,0.0001349569325154,-2.0386069706849477
9.600,2.000,0.0012151401482484,-0.0004320850588251,-2.0349892515704604
9.650,0.000,0.0000997420764004,0.0002165255394212,-2.0437374621717850
9.650,2.000,0.0008178145841976,-0.0004034915970849,-2.0400617047595815
9.700,0.000,0.0001806425592294,0.0003018879406011,-2.0489328516004499
9.700,2.000,0.0003351967784937,-0.0003737360355819,-2.0452075120817286
9.750,0.000,0.0002745973276526,0.0003908184530344,-2.0541896817710330
9.750,2.000,-0.0002380337652109,-0.0003461590934354,-2.0504239031788902
9.800,0.000,0.0003824452956622,0.0004830917677411,-2.0595046289562098
9.800,2.000,-0.0009067646477485,-0.0003242012431065,-2.0557082694965123
9.850,0.000,0.0005050319688276,0.0005784831261766,-2.0648744946030546
9.850,2.000,-0.0016753394938263,-0.0003113373004513,-2.0610581436827160
9.900,0.000,0.0006432062824156,0.0006767685244900,-2.0702961976530743
9.900,2.000,-0.0025474550344743,-0.0003110138790120,-2.0664711797826181
9.950,0.000,0.0007978170731670,0.0007777249566309,-2.0757667674405802
9.950,2.000,-0.0035260686402601,-0.0003265907753984,-2.0719451344188755
10.000,0.000,0.0009697092222297,0.0008811307035528,-2.0812833371318402
10.000,2.000,-0.0046133181825592,-0.0003612871785258,-2.0774778491220700
4.700,0.700,0.0088305731006922,0.0043622629036922,-2.5132393164783950
4.700,1.300,0.0019064813889218,0.0013739200246844,-0.8684707799090704
4.750,0.700,-0.0169732002950139,-0.0084064727791080,-3.4532475106922096
4.750,1.300,-0.0036159785644333,-0.0010355001390129,-1.7976966258792273
4.800,0.700,0.0106692664456053,0.0120482379097264,-3.8661039840474318
4.800,1.300,0.0036829871023183,-0.0008999166525998,-2.8799234107060636
4.850,0.700,0.0032599969066462,-0.0037485038140741,-3.9611044150019792
4.850,1.300,-0.0052114463333025,0.0008378792940167,-3.5247884023022951
4.900,0.700,-0.0043966045527669,-0.0080202864210491,-3.9147868061299769
4.900,1.300,0.0041418548574519,0.0008259904615916,-3.7436521353459353
4.950,0.700,-0.0067367255360366,-0.0006494577832018,-3.8055727696151265
4.950,1.300,0.0022301225303261,-0.0014698780931562,-3.7396109131153810
5.000,0.700,-0.0036543679715775,0.0036374986468834,-3.6657847289383456
5.000,1.300,-0.0040268478100190,-0.0010024364824698,-3.6443959246940438
5.050,0.700,0.0041412522725484,0.0014173939386883,-3.5121008838360970
5.050,1.300,-0.0030248040248088,0.0019457086828599,-3.5173727356076139
5.100,0.700,0.0095504463994709,0.0000377084858462,-3.3568401029363835
5.100,1.300,0.0036621771976490,0.0034291868416365,-3.3821641420294721
5.150,0.700,0.0036266936078921,0.0049564415723762,-3.2106421697821474
5.150,1.300,0.0056328932583812,0.0003409425047669,-3.2479861776540742
5.200,0.700,-0.0096048408740023,0.0096292271613511,-3.0816880065334291
5.200,1.300,-0.0031661062892919,-0.0058349037092700,-3.1193657016877121
5.250,0.700,-0.0077454399908945,0.0016951572678687,-2.9743472743355475
5.250,1.300,-0.0085632368348178,-0.0066606674046315,-3.0009708103429835
5.300,0.700,0.0310133316425943,-0.0191864581479547,-2.8892196440505260
5.300,1.300,0.0206660626869021,0.0061943464952266,-2.8996346867833926
4.700,0.750,-0.0011681011733358,-0.0048835142503064,-0.9716189318058553
5.300,0.750,0.0033791192609467,-0.0351611020958694,-2.8323605184936733
4.700,0.800,0.0038733672560716,0.0004670292754009,1.2773341407786551
5.300,0.800,-0.0085787653874297,-0.0022848280997289,-2.7702812554659157
4.700,0.850,-0.0069998153716861,0.0025647687442191,2.9415039334019011
5.300,0.850,-0.0159294934836506,0.0132055956508424,-2.7179268370961323
4.700,0.900,0.0067847962111124,-0.0007048928645457,3.5707936337497084
5.300,0.900,-0.0018165335322121,0.0066947876557261,-2.6806341208660922
4.700,0.950,-0.0022952166978275,-0.0025878637911209,3.7579732603528888
5.300,0.950,0.0110794899562016,0.0013224567789778,-2.6595261685716896
4.700,1.000,-0.0037897317367447,0.0008388280864577,3.7801235727166715
5.300,1.000,0.0105002395924085,0.0014098663954854,-2.6549222440283362
4.700,1.050,0.0034637844819899,0.0043142726190795,3.6793448018189872
5.300,1.050,0.0030356546052090,0.0005626064817984,-2.6659534066948307
4.700,1.100,-0.0003899822369032,-0.0031793366285093,3.4282578566247843
5.300,1.100,-0.0025482839024705,-0.0035558389083940,-2.6912103796864444
4.700,1.150,-0.0010610483694349,-0.0024958810208727,2.9828345327221135
5.300,1.150,-0.0012042608835631,-0.0068695708437273,-2.7314064512230054
4.700,1.200,0.0014441399037248,0.0035859153481764,2.2881403797562738
5.300,1.200,0.0010249257206942,-0.0025486077957279,-2.7882273076561930
4.700,1.250,-0.0022183703742181,0.0000746127463844,1.1051821333782959
5.300,1.250,-0.0084064438428884,0.0184367502208184,-2.8516308559093444
0.000,0.000,0.0006363121860297,-0.0003575972398251,0.9306875234199414
0.000,0.050,0.1963983297391451,-0.0001921800869719,0.9309759801653770
0.000,0.100,0.3800694437881422,-0.0000459689285032,0.9312274829436339
0.000,0.150,0.5539388191596765,-0.0000930534403714,0.9314816819245429
0.000,0.200,0.7188220047094102,-0.0002020909502475,0.9317213985903561
0.000,0.250,0.8744725628712623,-0.0002588075902091,0.9319337511572633
0.000,0.300,1.0202011949270269,-0.0002583852005789,0.9321154952757813
0.000,0.350,1.1554612883468938,-0.0002678841068774,0.9322614378806309
0.000,0.400,1.2801452841242669,-0.0003545420942615,0.9323576432305358
0.000,0.450,1.3945317058801077,-0.0005387173726916,0.9323840606862994
0.000,0.500,1.4990228168552833,-0.0007882629475910,0.9323215522090851
0.000,0.550,1.5938842533209401,-0.0010423017157595,0.9321579676868954
0.000,0.600,1.6791318934055897,-0.0012420484398115,0.9318915241560306
0.000,0.650,1.7545827300347652,-0.0013515296955020,0.9315320016249935
0.000,0.700,1.8199904902829640,-0.0013629730831310,0.9311002931717600
0.000,0.750,1.8751705589282532,-0.0012908409888974,0.9306262757153282
0.000,0.800,1.9200609594392304,-0.0011612308144955,0.9301449944002573
0.000,0.850,1.9547170409838681,-0.0010017520512033,0.9296917311090059
0.000,0.900,1.9792659063912050,-0.0008344249228550,0.9292970583984015
0.000,0.950,1.9938503249485200,-0.0006722853751561,0.9289830523881061
0.000,1.000,1.9985827560510108,-0.0005193069593872,0.9287614470524532
0.000,1.050,1.9935190053961482,-0.0003726602653041,0.9286339033860329
0.000,1.100,1.9786527822953976,-0.0002260946422822,0.9285940064914648
0.000,1.150,1.9539275054339695,-0.0000733139730441,0.9286302528744647
0.000,1.200,1.9192591211539130,0.0000894561844515,0.9287291912351940
0.000,1.250,1.8745626546433223,0.0002620939951978,0.9288779946534760
0.000,1.300,1.8197754576899952,0.0004404045741945,0.9290659944264144
0.000,1.350,1.7548716176809693,0.0006168793550719,0.9292850126713985
0.000,1.400,1.6798645419156282,0.0007819878099148,0.9295286204993568
0.000,1.450,1.5947977806581219,0.0009255678924424,0.9297906716837901
0.000,1.500,1.4997269601929926,0.0010379524046938,0.9300635941368790
0.000,1.550,1.3946976470358885,0.0011106337013026,0.9303369603161071
0.000,1.600,1.2797248467517013,0.0011365132333627,0.9305968133260860
0.000,1.650,1.1547799317996315,0.0011100623012193,0.9308261135526347
0.000,1.700,1.0197906791728004,0.0010279589241703,0.9310065074644556
0.000,1.750,0.8746603163803616,0.0008908662021048,0.9311214226222050
0.000,1.800,0.7193121113802151,0.0007068967799009,0.9311602806920211
0.000,1.850,0.5537664761708539,0.0004969352012530,0.9311234173750123
0.000,1.900,0.3782564643568498,0.0003014113891061,0.9310271313764317
0.000,1.950,0.1933832576690856,0.0001874543812469,0.9309081795658389
0.000,2.000,0.0003043836632639,0.0002547703704119,0.9308270133033292
