0.050,0.000,-0.0080221843319261,-0.0421040007176412,-0.7172019275847532
0.050,2.000,-0.0054768092544489,0.0402247311218778,-0.7063831875213270
0.100,0.000,-0.0081279119944048,-0.0567679869311960,-0.7105717085437225
0.100,2.000,-0.0061225090798245,0.0512581741926095,-0.7006396833652380
0.150,0.000,-0.0082679110749225,-0.0683105374269816,-0.7033769295767933
0.150,2.000,-0.0067173543929507,0.0606562267518246,-0.6945198849146216
0.200,0.000,-0.0083663116539236,-0.0771457702907795,-0.6957669230395367
0.200,2.000,-0.0072490047776268,0.0685540506466636,-0.6880830619564480
0.250,0.000,-0.0083765704323846,-0.0837000557755042,-0.6878733026468860
0.250,2.000,-0.0077046628024493,0.0750950491216811,-0.6813869128177570
0.300,0.000,-0.0082755874630981,-0.0883870587533839,-0.6798094612312117
0.300,2.000,-0.0080717205592699,0.0804273693185715,-0.6744870213325371
0.350,0.000,-0.0080577007246731,-0.0915890522907191,-0.6716709664844555
0.350,2.000,-0.0083384335935283,0.0847002424152165,-0.6674363714611669
0.400,0.000,-0.0077291222228937,-0.0936447671502430,-0.6635366307336957
0.400,2.000,-0.0084945903089494,0.0880603282207825,-0.6602849251134132
0.450,0.000,-0.0073031938367889,-0.0948432460186967,-0.6554700272619423
0.450,2.000,-0.0085321411648521,0.0906482428217028,-0.6530792662187110
0.500,0.000,-0.0067966532926797,-0.0954226589051399,-0.6475212474893530
0.500,2.000,-0.0084457503904541,0.0925954452695379,-0.6458623120292458
0.550,0.000,-0.0062269406630372,-0.0955728058053596,-0.6397287306194458
0.550,2.000,-0.0082332342925833,0.0940216414110290,-0.6386730911547170
0.600,0.000,-0.0056104592571119,-0.0954400313714561,-0.6321210408361865
0.600,2.000,-0.0078958549849918,0.0950328307008522,-0.6315465869054740
0.650,0.000,-0.0049616345116704,-0.0951334289333062,-0.6247185095683973
0.650,2.000,-0.0074384465057544,0.0957200779620285,-0.6245136440429185
0.700,0.000,-0.0042925846499233,-0.0947314438902999,-0.6175346970549181
0.700,2.000,-0.0068693612670257,0.0961590408700315,-0.6176009368102535
0.750,0.000,-0.0036132173574047,-0.0942882400012234,-0.6105776561885237
0.750,2.000,-0.0062002375596948,0.0964102307245775,-0.6108309959306281
0.800,0.000,-0.0029315866861387,-0.0938394266503832,-0.6038510019825671
0.800,2.000,-0.0054456020292581,0.0965199343709573,-0.6042222919332041
0.850,0.000,-0.0022543744245381,-0.0934069391775044,-0.5973548027850022
0.850,2.000,-0.0046223331410384,0.0965216839216318,-0.5977893715910039
0.900,0.000,-0.0015873932045123,-0.0930030103017380,-0.5910863159717076
0.900,2.000,-0.0037490212844783,0.0964381319442778,-0.5915430434067663
0.950,0.000,-0.0009360400514989,-0.0926332702452053,-0.5850405928826696
0.950,2.000,-0.0028452673030515,0.0962831750525909,-0.5854906070284766
1.000,0.000,-0.0003056563724587,-0.0922990730918564,-0.5792109767273814
1.000,2.000,-0.0019309633579346,0.0960641685265597,-0.5796361203417761
1.050,0.000,0.0002982275173877,-0.0919991758777251,-0.5735895143511512
1.050,2.000,-0.0010255981726994,0.0957840871614275,-0.5739806969294745
1.100,0.000,0.0008697683740015,-0.0917309035827203,-0.5681672991038703
1.100,2.000,-0.0001476233964113,0.0954435101681718,-0.5685228257619828
1.150,0.000,0.0014027994805469,-0.0914909252301201,-0.5629347582852198
1.150,2.000,0.0006860900342581,0.0950423370574543,-0.5632587045068554
1.200,0.000,0.0018909185442561,-0.0912757498819136,-0.5578818952043431
1.200,2.000,0.0014606859625571,0.0945811733169827,-0.5581825777901529
1.250,0.000,0.0023276542947014,-0.0910820311083010,-0.5529984930356668
1.250,2.000,0.0021636375908166,0.0940623559746965,-0.5532870721190487
1.300,0.000,0.0027066899203981,-0.0909067477867431,-0.5482742854721078
1.300,2.000,0.0027849416789168,0.0934906171692357,-0.5485635199444062
1.350,0.000,0.0030221213001273,-0.0907473099662595,-0.5436990976626738
1.350,2.000,0.0033171991331943,0.0928734068497816,-0.5440022664243765
1.400,0.000,0.0032687292054644,-0.0906016222127377,-0.5392629599961235
1.400,2.000,0.0037555946039380,0.0922209128210755,-0.5395929537428952
1.450,0.000,0.0034422468193005,-0.0904681238371731,-0.5349561968422123
1.450,2.000,0.0040977915643816,0.0915458274412134,-0.5353247792306928
1.500,0.000,0.0035396066589673,-0.0903458157215922,-0.5307694922605518
1.500,2.000,0.0043437612639989,0.0908629158715249,-0.5311867249284100
1.550,0.000,0.0035591540110708,-0.0902342768028490,-0.5266939348112085
1.550,2.000,0.0044955641666936,0.0901884417541792,-0.5271677575357259
1.600,0.000,0.0035008170418909,-0.0901336691826066,-0.5227210438425774
1.600,2.000,0.0045571013381857,0.0895395036213053,-0.5232569988431905
1.650,0.000,0.0033662266654507,-0.0900447287625184,-0.5188427799022817
1.650,2.000,0.0045338511200773,0.0889333303045846,-0.5194438677042805
1.700,0.000,0.0031587819094976,-0.0899687377227522,-0.5150515421500040
1.700,2.000,0.0044326036995874,0.0883865771036816,-0.5157181953556710
1.750,0.000,0.0028836588457609,-0.0899074755906601,-0.5113401558027616
1.750,2.000,0.0042612031937388,0.0879146573060262,-0.5120703164335639
1.800,0.000,0.0025477631167664,-0.0898631466886570,-0.5077018526880528
1.800,2.000,0.0040283038965075,0.0875311364553372,-0.5084911383769529
1.850,0.000,0.0021596277052181,-0.0898382831025411,-0.5041302479095551
1.850,2.000,0.0037431446014105,0.0872472099753954,-0.5049721920777264
1.900,0.000,0.0017292588885380,-0.0898356237598990,-0.5006193154469569
1.900,2.000,0.0034153425592807,0.0870712786326125,-0.5015056666606899
1.950,0.000,0.0012679343549846,-0.0898579716172726,-0.4971633652287156
1.950,2.000,0.0030547067508984,0.0870086309911730,-0.4980844311835398
2.000,0.000,0.0007879582921683,-0.0899080322514915,-0.4937570238527244
2.000,2.000,0.0026710687864842,0.0870612375001921,-0.4947020458664775
2.050,0.000,0.0003023789597390,-0.0899882383066319,-0.4903952207071514
2.050,2.000,0.0022741288884691,0.0872276571055283,-0.4913527652198170
2.100,0.000,-0.0001753251145059,-0.0901005652629710,-0.4870731807860506
2.100,2.000,0.0018733140406388,0.0875030542098890,-0.4880315351584008
2.150,0.000,-0.0006315835721389,-0.0902463448794265,-0.4837864250250306
2.150,2.000,0.0014776454439150,0.0878793213040995,-0.4847339858927874
2.200,0.000,-0.0010530899380739,-0.0904260834278639,-0.4805307785237913
2.200,2.000,0.0010956128406843,0.0883453005473747,-0.4814564220839618
2.250,0.000,-0.0014271666126920,-0.0906392924874131,-0.4773023865942038
2.250,2.000,0.0007350539806525,0.0888870958803727,-0.4781958114521093
2.300,0.000,-0.0017421304787036,-0.0908843405848479,-0.4740977381915150
2.300,2.000,0.0004030384213461,0.0894884658216489,-0.4749497727490284
2.350,0.000,-0.0019876497930944,-0.0911583343187323,-0.4709136959646933
2.350,2.000,0.0001057559041771,0.0901312858541235,-0.4717165637435334
2.400,0.000,-0.0021550824087852,-0.0914570377363135,-0.4677475319084206
2.400,2.000,-0.0001515893588873,0.0907960682010909,-0.4684950696333171
2.450,0.000,-0.0022377848437539,-0.0917748385718177,-0.4645969674174091
2.450,2.000,-0.0003648760908336,0.0914625257881711,-0.4652847920870014
2.500,0.000,-0.0022313813594797,-0.0921047694196891,-0.4614602164329390
2.500,2.000,-0.0005311516935714,0.0921101662740057,-0.4620858389372141
2.550,0.000,-0.0021339821069438,-0.0924385909187024,-0.4583360303264626
2.550,2.000,-0.0006487021936800,0.0927189012109527,-0.4588989143894492
2.600,0.000,-0.0019463396323089,-0.0927669424803703,-0.4552237431768248
2.600,2.000,-0.0007171017037848,0.0932696546856638,-0.4557253094814650
2.650,0.000,-0.0016719336885842,-0.0930795639416738,-0.4521233161536197
2.650,2.000,-0.0007372364479557,0.0937449552205333,-0.4525668924231984
2.700,0.000,-0.0013169754470812,-0.0933655887205472,-0.4490353798049381
2.700,2.000,-0.0007112984574522,0.0941294943352866,-0.4494260983664599
2.750,0.000,-0.0008903238989706,-0.0936139056065771,-0.4459612731472091
2.750,2.000,-0.0006427444513761,0.0944106350293646,-0.4463059180958929
2.800,0.000,-0.0004033095134810,-0.0938135822856557,-0.4429030785523649
2.800,2.000,-0.0005362161871497,0.0945788536143466,-0.4432098850966863
2.850,0.000,0.0001305369265648,-0.0939543391944451,-0.4398636515083754
2.850,2.000,-0.0003974196949236,0.0946280988721407,-0.4401420604392139
2.900,0.000,0.0006958489987524,-0.0940270575160179,-0.4368466443813884
2.900,2.000,-0.0002329622769578,0.0945560535113604,-0.4371070149249778
2.950,0.000,0.0012758776632598,-0.0940243003187897,-0.4338565233228593
2.950,2.000,-0.0000501479186432,0.0943642844115554,-0.4341098079609680
3.000,0.000,0.0018530232939622,-0.0939408213301628,-0.4308985774393116
3.000,2.000,0.0001432662352381,0.0940582702443311,-0.4311559626695710
3.050,0.000,0.0024094330411466,-0.0937740320016926,-0.4279789192772771
3.050,2.000,0.0003393475136871,0.0936472977881801,-0.4282514367973422
3.100,0.000,0.0029276455579289,-0.0935243947786105,-0.4251044755788166
3.100,2.000,0.0005302923941084,0.0931442216328210,-0.4254025890569701
3.150,0.000,0.0033912611183271,-0.0931957092593063,-0.4222829671466619
3.150,2.000,0.0007087489469405,0.0925650859902040,-0.4226161406210716
3.200,0.000,0.0037856116968694,-0.0927952586254138,-0.4195228765410218
3.200,2.000,0.0008681457382961,0.0919286119441416,-0.4198991315824677
3.250,0.000,0.0040984029349043,-0.0923337866891168,-0.4168334022354392
3.250,2.000,0.0010030141337290,0.0912555585830319,-0.4172588723014044
3.300,0.000,0.0043202983482337,-0.0918252813908531,-0.4142243978134297
3.300,2.000,0.0011092896342670,0.0905679719224725,-0.4147028896736015
3.350,0.000,0.0044454158722321,-0.0912865486973223,-0.4117062948194469
3.350,2.000,0.0011845771308340,0.0898883411348488,-0.4122388684718776
3.400,0.000,0.0044717080922552,-0.0907365715235351,-0.4092900080152982
3.400,2.000,0.0012283649084568,0.0892386871075086,-0.4098745880356588
3.450,0.000,0.0044012004102177,-0.0901956612423004,-0.4069868220622079
3.450,2.000,0.0012421729693831,0.0886396134519294,-0.4076178547043927
3.500,0.000,0.0042400660182322,-0.0896844240121940,-0.4048082590695274
3.500,2.000,0.0012296228459873,0.0881093544526648,-0.4054764305097619
3.550,0.000,0.0039985228596346,-0.0892225797534775,-0.4027659270355769
3.550,2.000,0.0011964185690495,0.0876628577335621,-0.4034579587548361
3.600,0.000,0.0036905456176465,-0.0888276870802974,-0.4008713499546275
3.600,2.000,0.0011502318221054,0.0873109412948931,-0.4015698872129402
3.650,0.000,0.0033333949166187,-0.0885138415880271,-0.3991357812628510
3.650,2.000,0.0011004884646809,0.0870595647415463,-0.3998193897723490
3.700,0.000,0.0029469759470725,-0.0882904261769577,-0.3975700033149087
3.700,2.000,0.0010580583974546,0.0869092527473814,-0.3982132874323565
3.750,0.000,0.0025530490904371,-0.0881609991024972,-0.3961841166738535
3.750,2.000,0.0010348559555025,0.0868547049471965,-0.3967579696196598
3.800,0.000,0.0021743251511147,-0.0881224068109205,-0.3949873240950884
3.800,2.000,0.0010433633744377,0.0868846204983446,-0.3954593168395164
3.850,0.000,0.0018334867329536,-0.0881642032564901,-0.3939877151101779
3.850,2.000,0.0010960950516427,0.0869817576300808,-0.3943226257026340
3.900,0.000,0.0015521843082587,-0.0882684446747048,-0.3931920579778266
3.900,2.000,0.0012050249615388,0.0871232388699959,-0.3933525373754760
3.950,0.000,0.0013500598338452,-0.0884099087333549,-0.3926056063734505
3.950,2.000,0.0013810033134107,0.0872811017185534,-0.3925529704888123
4.000,0.000,0.0012438517056716,-0.0885567604162159,-0.3922319284470377
4.000,2.000,0.0016331910190852,0.0874230828803710,-0.3919270595073205
4.050,0.000,0.0012466319724247,-0.0886716555891896,-0.3920727657189805
4.050,2.000,0.0019685414754739,0.0875136124012786,-0.3914770995132661
4.100,0.000,0.0013672199309756,-0.0887132394383276,-0.3921279286593543
4.100,2.000,0.0023913583615360,0.0875149829098201,-0.3912044982913124
4.150,0.000,0.0016098057766123,-0.0886379639601074,-0.3923952346977077
4.150,2.000,0.0029029555115318,0.0873886493372123,-0.3911097365213863
4.200,0.000,0.0019738045694384,-0.0884021198416215,-0.3928704928699255
4.200,2.000,0.0035014405028316,0.0870966066599539,-0.3911923367944275
4.250,0.000,0.0024539454794477,-0.0879639566929276,-0.3935475374026566
4.250,2.000,0.0041816375770099,0.0866027879422820,-0.3914508420638684
4.300,0.000,0.0030405854462370,-0.0872857544064303,-0.3944183103812113
4.300,2.000,0.0049351582264389,0.0858744226655739,-0.3918828040357300
4.350,0.000,0.0037202215236329,-0.0863357091217728,-0.3954729913923187
4.350,2.000,0.0057506196755274,0.0848832962418749,-0.3924847818838157
4.400,0.000,0.0044761637025243,-0.0850895102353906,-0.3967001698447021
4.400,2.000,0.0066140031049465,0.0836068557251621,-0.3932523515546919
4.450,0.000,0.0052893210872227,-0.0835315090089322,-0.3980870537138933
4.450,2.000,0.0075091353927581,0.0820291138427251,-0.3941801258005223
4.500,0.000,0.0061390496925781,-0.0816554121255604,-0.3996197068806313
4.500,2.000,0.0084182709591444,0.0801413131477059,-0.3952617849465624
4.550,0.000,0.0070040100601657,-0.0794644714913327,-0.4012833061474546
4.550,2.000,0.0093227445244237,0.0779423237454610,-0.3964901182640426
4.600,0.000,0.0078629870542844,-0.0769711805961425,-0.4030624084918705
4.600,2.000,0.0102036616448595,0.0754387609464208,-0.3978570756781561
4.650,0.000,0.0086956318140013,-0.0741965237686864,-0.4049412191604538
4.650,2.000,0.0110425920551620,0.0726448225512568,-0.3993538293948689
4.700,0.000,0.0094830957967689,-0.0711688541919443,-0.4069038517886559
4.700,2.000,0.0118222312335217,0.0695818584780534,-0.4009708448798360
4.750,0.000,0.0102085378931633,-0.0679224971115246,-0.4089345727639917
4.750,2.000,0.0125269981518086,0.0662776973452461,-0.4026979604690614
4.800,0.000,0.0108574964963661,-0.0644961850525676,-0.4110180234220573
4.800,2.000,0.0131435416521629,0.0627657647834359,-0.4045244747362139
4.850,0.000,0.0114181281463289,-0.0609314321426190,-0.4131394152446645
4.850,2.000,0.0136611339311127,0.0590840361657545,-0.4064392405889881
4.900,0.000,0.0118813222099721,-0.0572709460314197,-0.4152846948850408
4.900,2.000,0.0140719367384613,0.0552738717951114,-0.4084307649207264
4.950,0.000,0.0122407066259543,-0.0535571604426147,-0.4174406774556874
4.950,2.000,0.0143711335744048,0.0513787852263956,-0.4104873125088959
5.000,0.000,0.0124925629875384,-0.0498309515685203,-0.4195951479810634
5.000,2.000,0.0145569288461448,0.0474431953703325,-0.4125970127346228
5.050,0.000,0.0126356703816946,-0.0461305798704437,-0.4217369321682067
5.050,2.000,0.0146304221090418,0.0435112105222362,-0.4147479676033689
5.100,0.000,0.0126710968509985,-0.0424908776585712,-0.4238559386413972
5.100,2.000,0.0145953717239474,0.0396254878149960,-0.4169283594817815
5.150,0.000,0.0126019555882037,-0.0389426839002791,-0.4259431755072139
5.150,2.000,0.0144578671716911,0.0358262052403308,-0.4191265569348840
5.200,0.000,0.0124331405063673,-0.0355125122552670,-0.4279907445722417
5.200,2.000,0.0142259326576174,0.0321501758043095,-0.4213312170552007
5.250,0.000,0.0121710530845318,-0.0322224269689293,-0.4299918167530046
5.250,2.000,0.0139090864216201,0.0286301250925235,-0.4235313827235278
5.300,0.000,0.0118233297074605,-0.0290900940486807,-0.4319405922334962
5.300,2.000,0.0135178803717858,0.0252941450140983,-0.4257165733306661
5.350,0.000,0.0113985763235830,-0.0261289717643926,-0.4338322487825149
5.350,2.000,0.0130634434196257,0.0221653282270306,-0.4278768676191916
5.400,0.000,0.0109061152586124,-0.0233486043412168,-0.4356628813840241
5.400,2.000,0.0125570494343936,0.0192615801096063,-0.4300029774709775
5.450,0.000,0.0103557474764456,-0.0207549849977452,-0.4374294359992900
5.450,2.000,0.0120097273353252,0.0165955984439536,-0.4320863116646383
5.500,0.000,0.0097575324442857,-0.0183509584444598,-0.4391296399045992
5.500,2.000,0.0114319268164931,0.0141750054387692,-0.4341190288505716
5.550,0.000,0.0091215869681576,-0.0161366378743756,-0.4407619306614193
5.550,2.000,0.0108332488680775,0.0120026124708357,-0.4360940792320382
5.600,0.000,0.0084579038341154,-0.0141098167395340,-0.4423253853987872
5.600,2.000,0.0102222459190993,0.0100767950149589,-0.4380052346900766
5.650,0.000,0.0077761907365252,-0.0122663607408385,-0.4438196517357532
5.650,2.000,0.0096062923420476,0.0083919536295844,-0.4398471073392518
5.700,0.000,0.0070857297258420,-0.0106005701345505,-0.4452448813546396
5.700,2.000,0.0089915224398909,0.0069390364766372,-0.4416151567416779
5.750,0.000,0.0063952572091261,-0.0091055064757472,-0.4466016669588199
5.750,2.000,0.0083828300334254,0.0057060995360649,-0.4433056862307201
5.800,0.000,0.0057128643502867,-0.0077732811859172,-0.4478909831130827
5.800,2.000,0.0077839214729958,0.0046788822506731,-0.4449158289964397
5.850,0.000,0.0050459175237205,-0.0065953058411065,-0.4491141312694042
5.850,2.000,0.0071974123480366,0.0038413786088514,-0.4464435247569518
5.900,0.000,0.0044009982677108,-0.0055625058800180,-0.4502726891232464
5.900,2.000,0.0066249573429108,0.0031763864395927,-0.4478874879796051
5.950,0.000,0.0037838619659793,-0.0046655006164625,-0.4513684643213886
5.950,2.000,0.0060674025295793,0.0026660207602335,-0.4492471687210214
6.000,0.000,0.0031994142659167,-0.0038947531134689,-0.4524034524475012
6.000,2.000,0.0055249498058652,0.0022921802027008,-0.4505227072250011
6.050,0.000,0.0026517040316762,-0.0032406937476790,-0.4533797991417116
6.050,2.000,0.0049973240720911,0.0020369586918806,-0.4517148834528945
6.100,0.000,0.0021439314413576,-0.0026938212666465,-0.4542997661610064
6.100,2.000,0.0044839349682116,0.0018829975302328,-0.4528250627242605
6.150,0.000,0.0016784696795596,-0.0022447849112222,-0.4551657011546154
6.150,2.000,0.0039840264474770,0.0018137757556574,-0.4538551386196393
6.200,0.000,0.0012568985572340,-0.0018844508179393,-0.4559800109090773
6.200,2.000,0.0034968090277142,0.0018138390140502,-0.4548074742457837
6.250,0.000,0.0008800483141746,-0.0016039554943513,-0.4567451378085132
6.250,2.000,0.0030215711372239,0.0018689691809764,-0.4556848428910427
6.300,0.000,0.0005480518269268,-0.0013947487202481,-0.4574635392542458
6.300,2.000,0.0025577674752579,0.0019662985601323,-0.4564903690093045
6.350,0.000,0.0002604034553091,-0.0012486278029517,-0.4581376697923182
6.350,2.000,0.0021050836723642,0.0020943736832838,-0.4572274703694625
6.400,0.000,0.0000160228102294,-0.0011577647270530,-0.4587699657059227
6.400,2.000,0.0016634777177544,0.0022431745570152,-0.4578998020981984
6.450,0.000,-0.0001866781903007,-0.0011147274005440,-0.4593628318410533
6.450,2.000,0.0012331995916802,0.0024040956793652,-0.4585112032308908
6.500,0.000,-0.0003497264976650,-0.0011124959155509,-0.4599186304467651
6.500,2.000,0.0008147912890584,0.0025698953258360,-0.4590656462723164
6.550,0.000,-0.0004755187276933,-0.0011444745129477,-0.4604396718254698
6.550,2.000,0.0004090699488638,0.0027346195264793,-0.4595671901585535
6.600,0.000,-0.0005667528100800,-0.0012044997626386,-0.4609282066032290
6.600,2.000,0.0000170971251458,0.0028935068724603,-0.4600199369066105
6.650,0.000,-0.0006263615682321,-0.0012868453395616,-0.4613864194444520
6.650,2.000,-0.0003598626287954,0.0030428798496509,-0.4604279921408218
6.700,0.000,-0.0006574491417542,-0.0013862236829302,-0.4618164240496095
6.700,2.000,-0.0007203907150131,0.0031800278437058,-0.4607954295963528
6.750,0.000,-0.0006632310010665,-0.0014977847656081,-0.4622202592882185
6.750,2.000,-0.0010629679896303,0.0033030863365790,-0.4611262596212634
6.800,0.000,-0.0006469781456724,-0.0016171121651202,-0.4625998863323589
6.800,2.000,-0.0013860300645002,0.0034109161542673,-0.4614244016299180
6.850,0.000,-0.0006119659282103,-0.0017402166111593,-0.4629571866682415
6.850,2.000,-0.0016880219951498,0.0035029859599620,-0.4616936604023210
6.900,0.000,-0.0005614278075266,-0.0018635271811290,-0.4632939608748232
6.900,2.000,-0.0019674503074118,0.0035792605398210,-0.4619377060759638
6.950,0.000,-0.0004985142081199,-0.0019838803204170,-0.4636119280691544
6.950,2.000,-0.0022229307051402,0.0036400968192186,-0.4621600576385414
7.000,0.000,-0.0004262565506734,-0.0020985068740734,-0.4639127259280256
7.000,2.000,-0.0024532301924562,0.0036861489889778,-0.4623640697008776
7.050,0.000,-0.0003475364205359,-0.0022050173281976,-0.4641979112046178
7.050,2.000,-0.0026573027199976,0.0037182836227433,-0.4625529223086978
7.100,0.000,-0.0002650597570581,-0.0023013854705749,-0.4644689606672409
7.100,2.000,-0.0028343178133430,0.0037375052332816,-0.4627296135387647
7.150,0.000,-0.0001813358771739,-0.0023859306892188,-0.4647272723949288
7.150,2.000,-0.0029836819545030,0.0037448923485876,-0.4628969546183493
7.200,0.000,-0.0000986610901499,-0.0024572991336068,-0.4649741673717142
7.200,2.000,-0.0031050527583709,0.0037415438872816,-0.4630575673061581
7.250,0.000,-0.0000191066168512,-0.0025144439658789,-0.4652108913277702
7.250,2.000,-0.0031983462129070,0.0037285353736617,-0.4632138832767860
7.300,0.000,0.0000554895055229,-0.0025566049280358,-0.4654386167814840
7.300,2.000,-0.0032637374337779,0.0037068843513151,-0.4633681452586212
7.350,0.000,0.0001235268739851,-0.0025832874462107,-0.4656584452417991
7.350,2.000,-0.0033016555228611,0.0036775242247816,-0.4635224096861141
7.400,0.000,0.0001836438790336,-0.0025942414847466,-0.4658714095349698
7.400,2.000,-0.0033127732182330,0.0036412856751515,-0.4636785506406585
7.450,0.000,0.0002347159306882,-0.0025894403514964,-0.4660784762242205
7.450,2.000,-0.0032979920846072,0.0035988847512145,-0.4638382648694228
7.500,0.000,0.0002758511070930,-0.0025690596419911,-0.4662805480947195
7.500,2.000,-0.0032584240222800,0.0035509167265292,-0.4640030776876413
7.550,0.000,0.0003063835734845,-0.0025334564943308,-0.4664784666798093
7.550,2.000,-0.0031953698741174,0.0034978548283446,-0.4641743495867037
7.600,0.000,0.0003258651067662,-0.0024831493095557,-0.4666730148076320
7.600,2.000,-0.0031102958887347,0.0034400529810467,-0.4643532833873852
7.650,0.000,0.0003340550445225,-0.0024187980741723,-0.4668649191501176
7.650,2.000,-0.0030048087584184,0.0033777517594779,-0.4645409317943967
7.700,0.000,0.0003309089582306,-0.0023411854030550,-0.4670548527588814
7.700,2.000,-0.0028806298970022,0.0033110868115324,-0.4647382052248400
7.750,0.000,0.0003165663292462,-0.0022511984024672,-0.4672434375748594
7.750,2.000,-0.0027395695595711,0.0032400990808276,-0.4649458797988625
7.800,0.000,0.0002913374836908,-0.0021498114348404,-0.4674312469005397
7.800,2.000,-0.0025835013363295,0.0031647462356472,-0.4651646053956599
7.850,0.000,0.0002556900191737,-0.0020380698495168,-0.4676188078254760
7.850,2.000,-0.0024143374800441,0.0030849147869027,-0.4653949136918997
7.900,0.000,0.0002102349329206,-0.0019170747271346,-0.4678066035973804
7.900,2.000,-0.0022340054528333,0.0030004324532998,-0.4656372261124481
7.950,0.000,0.0001557126377306,-0.0017879686699407,-0.4679950759324977
7.950,2.000,-0.0020444260058872,0.0029110804044973,-0.4658918616350842
8.000,0.000,0.0000929790296468,-0.0016519226561123,-0.4681846272602636
8.000,2.000,-0.0018474930363822,0.0028166050814426,-0.4661590444014727
8.050,0.000,0.0000229917495249,-0.0015101239633751,-0.4683756228983159
8.050,2.000,-0.0016450554009404,0.0027167293563396,-0.4664389110962713
8.100,0.000,-0.0000532032398925,-0.0013637651557119,-0.4685683931549214
8.100,2.000,-0.0014389008051870,0.0026111628522178,-0.4667315180646976
8.150,0.000,-0.0001344846591318,-0.0012140341169171,-0.4687632353567411
8.150,2.000,-0.0012307418349449,0.0024996112935459,-0.4670368481463519
8.200,0.000,-0.0002196684150954,-0.0010621051060359,-0.4689604158005579
8.200,2.000,-0.0010222041466306,0.0023817848045997,-0.4673548172096029
8.250,0.000,-0.0003075195344199,-0.0009091308024061,-0.4691601716282827
8.250,2.000,-0.0008148167927825,0.0022574051114344,-0.4676852803764135
8.300,0.000,-0.0003967634744316,-0.0007562353018778,-0.4693627126250546
8.300,2.000,-0.0006100046230028,0.0021262116366257,-0.4680280379322824
8.350,0.000,-0.0004860967727291,-0.0006045080209372,-0.4695682229407775
8.350,2.000,-0.0004090826710532,0.0019879665035550,-0.4683828409199656
8.400,0.000,-0.0005741970086037,-0.0004549984616313,-0.4697768627357796
8.400,2.000,-0.0002132524148508,0.0018424584895790,-0.4687493964189723
8.450,0.000,-0.0006597320603368,-0.0003087117874197,-0.4699887697516817
8.450,2.000,-0.0000235997774691,0.0016895059850863,-0.4691273725155277
8.500,0.000,-0.0007413686518473,-0.0001666051582081,-0.4702040608087908
8.500,2.000,0.0001589052765616,0.0015289590289230,-0.4695164029698778
8.550,0.000,-0.0008177801904645,-0.0000295847717595,-0.4704228332316184
8.550,2.000,0.0003334077047380,0.0013607005002533,-0.4699160915894712
8.600,0.000,-0.0008876539045441,0.0001014964416561,-0.4706451662042711
8.600,2.000,0.0004991650704134,0.0011846465531979,-0.4703260163178385
8.650,0.000,-0.0009496972956806,0.0002258405242334,-0.4708711220576463
8.650,2.000,0.0006555441094377,0.0010007463839285,-0.4707457330498954
8.700,0.000,-0.0010026439251556,0.0003427056472646,-0.4711007474904757
8.700,2.000,0.0008020163410875,0.0008089814208038,-0.4711747791849947
8.750,0.000,-0.0010452585582883,0.0004514067701944,-0.4713340747263347
8.750,2.000,0.0009381528810782,0.0006093640269480,-0.4716126769294140
8.800,0.000,-0.0010763416935895,0.0005513158512491,-0.4715711226088304
8.800,2.000,0.0010636186086984,0.0004019358018128,-0.4720589363601072
8.850,0.000,-0.0010947335059969,0.0006418616568154,-0.4718118976371899
8.850,2.000,0.0011781658324819,0.0001867655640624,-0.4725130582615004
8.900,0.000,-0.0010993172353405,0.0007225292146199,-0.4720563949445225
8.900,2.000,0.0012816275899547,-0.0000360529071271,-0.4729745367469768
8.950,0.000,-0.0010890220523173,0.0007928589533846,-0.4723045992210165
8.950,2.000,0.0013739107068988,-0.0002664033012513,-0.4734428616763908
9.000,0.000,-0.0010628254349993,0.0008524455691862,-0.4725564855843274
9.000,2.000,0.0014549887308393,-0.0005041493115763,-0.4739175208806271
9.050,0.000,-0.0010197550891232,0.0009009366562083,-0.4728120203994113
9.050,2.000,0.0015248948421642,-0.0007491372183825,-0.4743980022038048
9.100,0.000,-0.0009588904453364,0.0009380311370050,-0.4730711620499911
9.100,2.000,0.0015837148348163,-0.0010011984695437,-0.4748837953732803
9.150,0.000,-0.0008793637660518,0.0009634775248059,-0.4733338616638514
9.150,2.000,0.0016315802469814,-0.0012601522145293,-0.4753743937071484
9.200,0.000,-0.0007803608939506,0.0009770720478680,-0.4736000637940710
9.200,2.000,0.0016686617108063,-0.0015258077546673,-0.4758692956684630
9.250,0.000,-0.0006611216731969,0.0009786566633737,-0.4738697070582742
9.250,2.000,0.0016951625792539,-0.0017979668789782,-0.4763680062749381
9.300,0.000,-0.0005209400733298,0.0009681169859500,-0.4741427247379236
9.300,2.000,0.0017113128775446,-0.0020764260610269,-0.4768700383724317
9.350,0.000,-0.0003591640446220,0.0009453801535702,-0.4744190453396096
9.350,2.000,0.0017173636167770,-0.0023609784979429,-0.4773749137800618
9.400,0.000,-0.0001751951322736,0.0009104126513447,-0.4746985931202398
9.400,2.000,0.0017135814978877,-0.0026514159780214,-0.4778821643144138
9.450,0.000,0.0000315121245005,0.0008632181115982,-0.4749812885779620
9.450,2.000,0.0017002440256598,-0.0029475305680716,-0.4783913326998785
9.500,0.000,0.0002614509839671,0.0008038351066229,-0.4752670489105854
9.500,2.000,0.0016776350445557,-0.0032491161159393,-0.4789019733718002
9.550,0.000,0.0005150634608424,0.0007323349486078,-0.4755557884432169
9.550,2.000,0.0016460407012184,-0.0035559695673760,-0.4794136531787867
9.600,0.000,0.0007927414311439,0.0006488195094801,-0.4758474190267402
9.600,2.000,0.0016057458322609,-0.0038678920996482,-0.4799259519901874
9.650,0.000,0.0010948278627931,0.0005534190717563,-0.4761418504087112
9.650,2.000,0.0015570307705529,-0.0041846900770538,-0.4804384632144859
9.700,0.000,0.0014216181532896,0.0004462902199666,-0.4764389905781836
9.700,2.000,0.0015001685586148,-0.0045061758357416,-0.4809507942340651
9.750,0.000,0.0017733615571663,0.0003276137808394,-0.4767387460859039
9.750,2.000,0.0014354225538857,-0.0048321683071009,-0.4814625667615658
9.800,0.000,0.0021502626873608,0.0001975928191150,-0.4770410223412539
9.800,2.000,0.0013630444074850,-0.0051624934903653,-0.4819734171228272
9.850,0.000,0.0025524830758874,0.0000564506946952,-0.4773457238872648
9.850,2.000,0.0012832723956411,-0.0054969847861248,-0.4824829964712039
9.900,0.000,0.0029801427805180,-0.0000955708142203,-0.4776527546549565
9.900,2.000,0.0011963300811472,-0.0058354832031265,-0.4829909709378327
9.950,0.000,0.0034333220253390,-0.0002582133183589,-0.4779620181982005
9.950,2.000,0.0011024252809343,-0.0061778374511007,-0.4834970217222721
10.000,0.000,0.0039120628642371,-0.0004312035521571,-0.4782734179102530
10.000,2.000,0.0010017493151197,-0.0065239039325036,-0.4840008451277497
4.700,0.700,0.1011823824760652,-0.0491407226957832,-0.4153439619447145
4.700,1.300,0.1059076360901807,0.0410903863726641,-0.4099172222819291
4.750,0.700,0.0952616962418598,-0.0419290982520001,-0.4178137380397974
4.750,1.300,0.0997546616138486,0.0348291607517818,-0.4121425889603205
4.800,0.700,0.0901523194477930,-0.0344622159017769,-0.4202761501082157
4.800,1.300,0.0942605311179682,0.0285757006433363,-0.4144129558738069
4.850,0.700,0.0858556446168888,-0.0268488314303604,-0.4227117433630128
4.850,1.300,0.0894589259109637,0.0224213981517786,-0.4167107090301626
4.900,0.700,0.0823617510523779,-0.0191978562453083,-0.4251028954767428
4.900,1.300,0.0853737008089741,0.0164489459334150,-0.4190187736296315
4.950,0.700,0.0796505036974531,-0.0116151323746217,-0.4274339954475227
4.950,1.300,0.0820182844258496,0.0107304200013337,-0.4213208576259039
5.000,0.700,0.0776928288648734,-0.0042005869971541,-0.4296915536743488
5.000,1.300,0.0793954665655541,0.0053260138336622,-0.4236016668422142
5.050,0.700,0.0764520904043885,0.0029541367032194,-0.4318642472548286
5.050,1.300,0.0774975642717195,0.0002834104999745,-0.4258470867819314
5.100,0.700,0.0758854985123463,0.0097675170950933,-0.4339429068443065
5.100,1.300,0.0763069367433877,-0.0043622583204529,-0.4280443278458965
5.150,0.700,0.0759454946492108,0.0161694436520430,-0.4359204530335484
5.150,1.300,0.0757968019727876,-0.0085879460426282,-0.4301820322920557
5.200,0.700,0.0765810684205565,0.0221019754233462,-0.4377917911266854
5.200,1.300,0.0759322955793055,-0.0123818154886234,-0.4322503428455449
5.250,0.700,0.0777389745590766,0.0275196114919952,-0.4395536734993131
5.250,1.300,0.0766717052896912,-0.0157420600140820,-0.4342409343008402
5.300,0.700,0.0793648294104278,0.0323891348245794,-0.4412045384913588
5.300,1.300,0.0779678126862902,-0.0186755271611558,-0.4361470106827549
4.700,0.750,0.0678921131917333,-0.0425423962029994,-0.4149592659195601
5.300,0.750,0.0508750769404980,0.0299694249650594,-0.4413796967316626
4.700,0.800,0.0391444309296790,-0.0354583789968435,-0.4144862619234192
5.300,0.800,0.0262663198598721,0.0265018373725125,-0.4413911377779134
4.700,0.850,0.0159797657053371,-0.0279865331561935,-0.4139514962472848
5.300,0.850,0.0063632578504665,0.0221715142501686,-0.4412489652533471
4.700,0.900,-0.0008196104142053,-0.0202235928877895,-0.4133813738382498
5.300,0.900,-0.0082186419812372,0.0171880561990627,-0.4409677699699580
4.700,0.950,-0.0107250081077781,-0.0122647113019352,-0.4128011267877860
5.300,0.950,-0.0170615225228895,0.0117783658757465,-0.4405656325645441
4.700,1.000,-0.0134563083973500,-0.0042037921410139,-0.4122338320670165
5.300,1.000,-0.0199359078935659,0.0061795037790684,-0.4400631044620775
4.700,1.050,-0.0089779240615293,0.0038658609904800,-0.4116994995290089
5.300,1.050,-0.0167950130258089,0.0006314813052126,-0.4394821829562380
4.700,1.100,0.0025036353560300,0.0118509811369208,-0.4112142581007669
5.300,1.100,-0.0077729150467951,-0.0046300744650168,-0.4388452941883751
4.700,1.150,0.0205407318227088,0.0196581715318813,-0.4107896709110962
5.300,1.150,0.0068138065528657,-0.0093814180170454,-0.4381742976340068
4.700,1.200,0.0444449548658540,0.0271943432095895,-0.4104322088847987
5.300,1.200,0.0264619712909283,-0.0134183247876600,-0.4374895270219596
4.700,1.250,0.0732883621580462,0.0343678587116006,-0.4101429073767676
5.300,1.250,0.0504767757323628,-0.0165637790967957,-0.4368088848992711
0.000,0.000,-0.0080609809955003,-0.0239466731338903,-0.7231021230377359
0.000,0.050,0.0527763771889406,-0.0236196933503023,-0.7215945711394318
0.000,0.100,0.1188458669689794,-0.0223979791995216,-0.7189822325491447
0.000,0.150,0.1888909035153567,-0.0204051655144760,-0.7152737239016133
0.000,0.200,0.2614691587591739,-0.0177848817803145,-0.7105016454683727
0.000,0.250,0.3350198176237152,-0.0147010181961369,-0.7047308344382295
0.000,0.300,0.4079414665324245,-0.0113345435487114,-0.6980645437337025
0.000,0.350,0.4786772678620387,-0.0078768703445191,-0.6906471433595931
0.000,0.400,0.5458011962462791,-0.0045202732027065,-0.6826623604202067
0.000,0.450,0.6080969814945466,-0.0014463697505501,-0.6743267762652079
0.000,0.500,0.6646208056484786,0.0011859327904343,-0.6658791523517917
0.000,0.550,0.7147401440220754,0.0032514469450620,-0.6575669482399630
0.000,0.600,0.7581442009137652,0.0046672085351426,-0.6496319043941179
0.000,0.650,0.7948253557374610,0.0053974166470803,-0.6422966457472625
0.000,0.700,0.8250348310494653,0.0054543486706812,-0.6357539129579677
0.000,0.750,0.8492185465538989,0.0048954222389274,-0.6301593767486743
0.000,0.800,0.8679404835773767,0.0038170867223823,-0.6256282434121230
0.000,0.850,0.8818010584445253,0.0023465096247818,-0.6222352168908576
0.000,0.900,0.8913575184488036,0.0006320543857538,-0.6200169735138318
0.000,0.950,0.8970527535592483,-0.0011666211214034,-0.6189761638815180
0.000,1.000,0.8991584295074589,-0.0028882819032494,-0.6190860397667920
0.000,1.050,0.8977379211625067,-0.0043793403322454,-0.6202950294527816
0.000,1.100,0.8926338129754032,-0.0055024354403662,-0.6225308653370368
0.000,1.150,0.8834832866792284,-0.0061442281031467,-0.6257041330043511
0.000,1.200,0.8697622021552820,-0.0062221536984304,-0.6297113162812878
0.000,1.250,0.8508550890287242,-0.0056896841067430,-0.6344375360777559
0.000,1.300,0.8261440599083392,-0.0045394906737127,-0.6397592183490727
0.000,1.350,0.7951057327755514,-0.0028038744902759,-0.6455468884839116
0.000,1.400,0.7574027406837788,-0.0005520110758599,-0.6516681969075591
0.000,1.450,0.7129562867750934,0.0021160553076624,-0.6579911623236436
0.000,1.500,0.6619888736502847,0.0050782171636010,-0.6643875061051688
0.000,1.550,0.6050313747153154,0.0082009560916206,-0.6707358713297258
0.000,1.600,0.5428948376502205,0.0113505487484256,-0.6769246899744034
0.000,1.650,0.4766132611517025,0.0144034566198643,-0.6828544848374937
0.000,1.700,0.4073676823327506,0.0172547326986704,-0.6884394581738140
0.000,1.750,0.3364034931860477,0.0198236907716746,-0.6936083071606191
0.000,1.800,0.2649520008027209,0.0220565831258128,-0.6983042953242534
0.000,1.850,0.1941645331677409,0.0239264936736926,-0.7024846812249769
0.000,1.900,0.1250638502774699,0.0254309852604142,-0.7061196510486186
0.000,1.950,0.0585141758392992,0.0265882056606951,-0.7091909185492852
0.000,2.000,-0.0047915460614793,0.0274321691279330,-0.7116901485544533
